Date,VIXCLS,T10Y2Y,BAMLH0A0HYM2,DGS10,UNRATE
1990-01-02,,,,,
1990-01-03,17.24,0.07,3.59478018415945,7.94,
1990-01-04,18.19,0.05,3.5252775898119393,7.99,
1990-01-05,19.22,0.06,3.5079019412250614,7.98,
1990-01-08,19.22,0.06,3.5079019412250614,7.98,
1990-01-09,20.26,0.12,3.5079019412250614,8.02,
1990-01-10,22.2,0.11,3.473150644051306,8.02,
1990-01-11,22.44,0.12,3.4905262926381835,8.03,
1990-01-12,20.05,0.13,3.4383993468775502,8.04,
1990-01-15,20.05,0.13,3.4383993468775502,8.04,
1990-01-16,26.34,0.17,3.3515211039431616,8.1,
1990-01-17,24.18,0.1,3.2646428610087725,8.2,
1990-01-18,24.16,0.1,3.2820185095956504,8.19,
1990-01-19,24.34,0.07,3.143013320900628,8.32,
1990-01-22,24.34,0.07,3.143013320900628,8.32,
1990-01-23,26.7,0.09,3.2125159152481393,8.27,
1990-01-24,24.72,0.08,3.247267212421895,8.26,
1990-01-25,25.39,0.18,3.0908863751399953,8.38,
1990-01-26,25.63,0.18,3.021383780792484,8.42,
1990-01-29,25.63,0.18,3.021383780792484,8.42,
1990-01-30,26.44,0.2,3.038759429379362,8.5,
1990-01-31,27.25,0.21,3.0735107265531174,8.51,
1990-02-01,25.36,0.15,3.1951402666612614,8.43,
1990-02-02,24.87,0.14,3.1951402666612614,8.42,
1990-02-05,24.32,0.13,3.038759429379362,8.5,5.4
1990-02-06,24.54,0.16,3.038759429379362,8.53,5.4
1990-02-07,24.69,0.15,2.986632483618729,8.57,5.4
1990-02-08,24.29,0.1,3.0908863751399953,8.52,5.4
1990-02-09,23.77,0.12,3.143013320900628,8.49,5.4
1990-02-12,23.77,0.12,3.143013320900628,8.49,5.4
1990-02-13,24.38,0.08,3.247267212421895,8.4,5.4
1990-02-14,23.76,0.14,3.316769806769406,8.35,5.4
1990-02-15,22.05,0.09,3.3341454553562837,8.36,5.4
1990-02-16,19.71,0.08,3.229891563835017,8.43,5.4
1990-02-20,20.78,0.06,3.1951402666612614,8.42,5.4
1990-02-21,22.78,0.1,2.9171298892712176,8.62,5.4
1990-02-22,23.89,0.12,3.021383780792484,8.62,5.4
1990-02-23,22.54,0.09,3.160388969487506,8.54,5.4
1990-02-26,22.54,0.09,3.160388969487506,8.54,5.4
1990-02-27,23.56,0.08,3.3341454553562837,8.46,5.4
1990-02-28,22.69,0.07,3.368896752530039,8.41,5.4
1990-03-01,21.99,0.08,3.1951402666612614,8.51,5.4
1990-03-02,21.9,0.06,3.0735107265531174,8.59,5.4
1990-03-05,21.9,0.06,3.0735107265531174,8.59,5.4
1990-03-06,22.03,0.1,3.1082620237268728,8.65,5.4
1990-03-07,20.55,0.05,3.143013320900628,8.59,5.4
1990-03-08,19.1,0.04,3.0735107265531174,8.58,5.3
1990-03-09,19.74,-0.02,3.160388969487506,8.57,5.3
1990-03-12,19.74,-0.02,3.160388969487506,8.57,5.3
1990-03-13,20.07,-0.08,3.0735107265531174,8.63,5.3
1990-03-14,21.05,-0.04,2.8823785920974623,8.73,5.3
1990-03-15,19.65,-0.04,3.021383780792484,8.65,5.3
1990-03-16,18.81,-0.05,3.0040081322056067,8.66,5.3
1990-03-19,18.81,-0.05,3.0040081322056067,8.66,5.3
1990-03-20,18.29,-0.09,3.0735107265531174,8.59,5.3
1990-03-21,19.06,-0.14,3.0908863751399953,8.54,5.3
1990-03-22,20.1,-0.14,3.0735107265531174,8.55,5.3
1990-03-23,22.74,-0.09,3.1256376723137507,8.53,5.3
1990-03-26,22.74,-0.09,3.1256376723137507,8.53,5.3
1990-03-27,19.59,-0.1,3.177764618074384,8.51,5.3
1990-03-28,21.01,-0.07,3.143013320900628,8.52,5.3
1990-03-29,19.77,-0.06,3.2125159152481393,8.51,5.3
1990-03-30,18.46,-0.02,3.0735107265531174,8.6,5.3
1990-04-02,18.46,-0.02,3.0735107265531174,8.6,5.3
1990-04-03,22.84,0.03,3.038759429379362,8.65,5.3
1990-04-04,20.44,0.02,3.038759429379362,8.63,5.3
1990-04-05,22.03,0.01,3.160388969487506,8.55,5.2
1990-04-06,21.21,0.03,3.1256376723137507,8.57,5.2
1990-04-09,21.21,0.03,3.1256376723137507,8.57,5.2
1990-04-10,22.3,0.05,3.05613507796624,8.59,5.2
1990-04-11,21.69,0.06,3.021383780792484,8.6,5.2
1990-04-12,17.73,0.07,2.969256835031851,8.63,5.2
1990-04-16,17.73,0.07,2.969256835031851,8.63,5.2
1990-04-17,20.75,0.07,2.8997542406843397,8.68,5.2
1990-04-18,20.38,0.07,2.830251646336829,8.77,5.2
1990-04-19,22.67,0.07,2.795500349163073,8.86,5.2
1990-04-20,22.46,0.06,2.795500349163073,8.87,5.2
1990-04-23,22.46,0.06,2.795500349163073,8.87,5.2
1990-04-24,24.16,0.11,2.7781247005761958,8.98,5.2
1990-04-25,21.7,0.08,2.74337340340244,9.0,5.2
1990-04-26,20.86,0.06,2.725997754815562,9.01,5.2
1990-04-27,20.25,0.04,2.74337340340244,9.07,5.2
1990-04-30,20.25,0.04,2.74337340340244,9.07,5.2
1990-05-01,19.52,0.08,2.8823785920974623,9.04,5.2
1990-05-02,18.43,0.06,2.830251646336829,9.08,5.2
1990-05-03,19.32,0.04,2.830251646336829,9.09,5.2
1990-05-04,17.81,0.06,2.8997542406843397,9.04,5.2
1990-05-07,17.81,0.06,2.8997542406843397,9.04,5.2
1990-05-08,17.65,0.13,3.143013320900628,8.87,5.4
1990-05-09,18.49,0.16,3.177764618074384,8.84,5.4
1990-05-10,18.64,0.13,3.0735107265531174,8.88,5.4
1990-05-11,18.59,0.13,3.1951402666612614,8.82,5.4
1990-05-14,18.59,0.13,3.1951402666612614,8.82,5.4
1990-05-15,20.14,0.1,3.3341454553562837,8.61,5.4
1990-05-16,19.49,0.11,3.2646428610087725,8.65,5.4
1990-05-17,17.71,0.14,3.2125159152481393,8.68,5.4
1990-05-18,17.27,0.13,3.143013320900628,8.69,5.4
1990-05-21,17.27,0.13,3.143013320900628,8.69,5.4
1990-05-22,16.72,0.13,3.1256376723137507,8.74,5.4
1990-05-23,17.84,0.11,3.229891563835017,8.65,5.4
1990-05-24,17.18,0.1,3.2820185095956504,8.61,5.4
1990-05-25,17.7,0.13,3.2125159152481393,8.63,5.4
1990-05-29,17.32,0.16,3.0908863751399953,8.69,5.4
1990-05-30,18.75,0.14,3.160388969487506,8.66,5.4
1990-05-31,17.44,0.14,3.1951402666612614,8.62,5.4
1990-06-01,17.37,0.1,3.247267212421895,8.6,5.4
1990-06-04,17.37,0.1,3.247267212421895,8.6,5.4
1990-06-05,18.39,0.13,3.3515211039431616,8.44,5.4
1990-06-06,18.97,0.13,3.2993941581825283,8.47,5.4
1990-06-07,17.42,0.12,3.3341454553562837,8.46,5.4
1990-06-08,16.88,0.12,3.316769806769406,8.46,5.4
1990-06-11,16.88,0.12,3.316769806769406,8.46,5.4
1990-06-12,16.34,0.12,3.2993941581825283,8.48,5.4
1990-06-13,16.6,0.12,3.247267212421895,8.48,5.4
1990-06-14,17.38,0.13,3.3341454553562837,8.4,5.4
1990-06-15,17.4,0.14,3.386272401116917,8.38,5.4
1990-06-18,17.4,0.14,3.386272401116917,8.38,5.4
1990-06-19,17.71,0.11,3.229891563835017,8.5,5.4
1990-06-20,15.23,0.1,3.247267212421895,8.51,5.4
1990-06-21,15.27,0.12,3.2646428610087725,8.55,5.4
1990-06-22,14.72,0.11,3.2820185095956504,8.52,5.4
1990-06-25,14.72,0.11,3.2820185095956504,8.52,5.4
1990-06-26,17.06,0.13,3.1951402666612614,8.58,5.4
1990-06-27,16.29,0.15,3.229891563835017,8.56,5.4
1990-06-28,16.0,0.15,3.2820185095956504,8.52,5.4
1990-06-29,16.18,0.16,3.3515211039431616,8.47,5.4
1990-07-02,16.18,0.16,3.3515211039431616,8.47,5.4
1990-07-03,16.26,0.18,3.368896752530039,8.43,5.4
1990-07-05,16.11,0.2,3.403648049703795,8.4,5.4
1990-07-06,17.25,0.2,3.3341454553562837,8.42,5.2
1990-07-09,17.25,0.2,3.3341454553562837,8.42,5.2
1990-07-10,16.66,0.18,3.177764618074384,8.57,5.2
1990-07-11,16.92,0.17,3.177764618074384,8.57,5.2
1990-07-12,16.68,0.17,3.177764618074384,8.57,5.2
1990-07-13,17.06,0.3,3.2646428610087725,8.5,5.2
1990-07-16,17.06,0.3,3.2646428610087725,8.5,5.2
1990-07-17,16.75,0.29,3.2993941581825283,8.44,5.2
1990-07-18,16.66,0.31,3.2820185095956504,8.44,5.2
1990-07-19,18.9,0.37,3.247267212421895,8.5,5.2
1990-07-20,18.56,0.38,3.1951402666612614,8.51,5.2
1990-07-23,18.56,0.38,3.1951402666612614,8.51,5.2
1990-07-24,23.68,0.43,3.2646428610087725,8.48,5.2
1990-07-25,21.79,0.41,3.1951402666612614,8.53,5.2
1990-07-26,20.19,0.41,3.2646428610087725,8.49,5.2
1990-07-27,20.26,0.41,3.2125159152481393,8.49,5.2
1990-07-30,20.26,0.41,3.2125159152481393,8.49,5.2
1990-07-31,21.16,0.41,3.386272401116917,8.34,5.2
1990-08-01,21.11,0.45,3.3515211039431616,8.36,5.2
1990-08-02,21.64,0.44,3.4383993468775502,8.29,5.2
1990-08-03,20.43,0.51,3.2993941581825283,8.41,5.2
1990-08-06,20.43,0.51,3.2993941581825283,8.41,5.2
1990-08-07,35.91,0.81,3.0735107265531174,8.71,5.5
1990-08-08,32.75,0.74,2.969256835031851,8.78,5.5
1990-08-09,28.27,0.75,3.05613507796624,8.77,5.5
1990-08-10,24.39,0.67,3.1951402666612614,8.66,5.5
1990-08-13,24.39,0.67,3.1951402666612614,8.66,5.5
1990-08-14,25.74,0.77,3.0908863751399953,8.71,5.5
1990-08-15,24.18,0.72,3.177764618074384,8.66,5.5
1990-08-16,23.31,0.7,3.229891563835017,8.64,5.5
1990-08-17,27.16,0.67,3.1082620237268728,8.76,5.5
1990-08-20,27.16,0.67,3.1082620237268728,8.76,5.5
1990-08-21,26.46,0.68,3.177764618074384,8.81,5.5
1990-08-22,28.9,0.65,3.1951402666612614,8.84,5.5
1990-08-23,30.55,0.65,3.1082620237268728,8.91,5.5
1990-08-24,36.47,0.74,2.9345055378580955,9.0,5.5
1990-08-27,36.47,0.74,2.9345055378580955,9.0,5.5
1990-08-28,29.63,0.69,3.1951402666612614,8.9,5.5
1990-08-29,29.12,0.71,3.0735107265531174,8.94,5.5
1990-08-30,27.38,0.68,3.2646428610087725,8.84,5.5
1990-08-31,29.89,0.74,3.2646428610087725,8.86,5.5
1990-09-04,29.9,0.79,3.2125159152481393,8.86,5.5
1990-09-05,29.58,0.81,3.177764618074384,8.9,5.7
1990-09-06,28.52,0.82,3.1951402666612614,8.86,5.7
1990-09-07,30.19,0.78,3.2125159152481393,8.84,5.7
1990-09-10,30.19,0.78,3.2125159152481393,8.84,5.7
1990-09-11,29.34,0.76,3.143013320900628,8.85,5.7
1990-09-12,28.38,0.73,3.368896752530039,8.83,5.7
1990-09-13,28.12,0.77,3.3515211039431616,8.82,5.7
1990-09-14,29.33,0.81,3.2993941581825283,8.82,5.7
1990-09-17,29.33,0.81,3.2993941581825283,8.82,5.7
1990-09-18,29.55,0.85,3.2993941581825283,8.9,5.7
1990-09-19,28.82,0.87,3.316769806769406,8.9,5.7
1990-09-20,27.88,0.8,3.368896752530039,8.88,5.7
1990-09-21,28.66,0.81,3.2820185095956504,8.91,5.7
1990-09-24,28.66,0.81,3.2820185095956504,8.91,5.7
1990-09-25,30.56,0.83,3.2125159152481393,9.04,5.7
1990-09-26,28.81,0.84,3.316769806769406,9.02,5.7
1990-09-27,28.19,0.84,3.3515211039431616,9.0,5.7
1990-09-28,28.67,0.86,3.4905262926381835,8.91,5.7
1990-10-01,28.67,0.86,3.4905262926381835,8.91,5.7
1990-10-02,28.06,0.77,3.6816584270938386,8.71,5.7
1990-10-03,27.28,0.77,3.6816584270938386,8.69,5.7
1990-10-04,27.9,0.83,3.6469071299200833,8.71,5.7
1990-10-05,27.51,0.8,3.6990340756807165,8.67,5.7
1990-10-08,27.51,0.8,3.6990340756807165,8.67,5.7
1990-10-09,28.04,0.84,3.7511610214413498,8.65,5.9
1990-10-10,30.71,0.89,3.5079019412250614,8.83,5.9
1990-10-11,31.19,0.9,3.5252775898119393,8.89,5.9
1990-10-12,33.98,0.93,3.5426532383988167,8.92,5.9
1990-10-15,33.98,0.93,3.5426532383988167,8.92,5.9
1990-10-16,31.64,0.88,3.7511610214413498,8.8,5.9
1990-10-17,31.45,0.87,3.785912318615105,8.79,5.9
1990-10-18,31.37,0.84,3.8380392643757384,8.76,5.9
1990-10-19,29.6,0.8,3.8727905615494937,8.71,5.9
1990-10-22,29.6,0.8,3.8727905615494937,8.71,5.9
1990-10-23,27.27,0.78,3.959668804483883,8.63,5.9
1990-10-24,27.57,0.81,3.9249175073101275,8.65,5.9
1990-10-25,28.28,0.82,3.942293155897005,8.66,5.9
1990-10-26,29.04,0.82,3.9770444530707603,8.62,5.9
1990-10-29,29.04,0.82,3.9770444530707603,8.62,5.9
1990-10-30,31.54,0.88,3.820663615788861,8.7,5.9
1990-10-31,30.52,0.91,3.9249175073101275,8.7,5.9
1990-11-01,30.04,0.88,3.9770444530707603,8.65,5.9
1990-11-02,30.25,0.89,4.0291713988313935,8.57,5.9
1990-11-05,30.03,0.89,4.0291713988313935,8.57,5.9
1990-11-06,29.85,0.87,4.220303533287049,8.5,5.9
1990-11-07,29.11,0.87,4.185552236113294,8.52,5.9
1990-11-08,30.87,0.9,4.011795750244516,8.57,5.9
1990-11-09,30.79,0.91,4.046547047418271,8.58,5.9
1990-11-12,30.79,0.91,4.046547047418271,8.58,5.9
1990-11-13,25.6,0.88,4.168176587526416,8.49,5.9
1990-11-14,24.58,0.77,4.237679181873927,8.37,5.9
1990-11-15,22.89,0.78,4.2724304790476815,8.36,5.9
1990-11-16,22.57,0.77,4.202927884700171,8.37,5.9
1990-11-19,22.57,0.77,4.202927884700171,8.37,5.9
1990-11-20,20.95,0.73,4.063922696005149,8.35,5.9
1990-11-21,20.09,0.69,4.150800938939538,8.31,5.9
1990-11-23,21.09,0.74,4.168176587526416,8.27,5.9
1990-11-26,21.09,0.74,4.168176587526416,8.27,5.9
1990-11-27,22.76,0.72,4.185552236113294,8.27,5.9
1990-11-28,22.86,0.78,4.150800938939538,8.28,5.9
1990-11-29,22.96,0.74,4.13342529035266,8.3,5.9
1990-11-30,23.91,0.74,4.150800938939538,8.32,5.9
1990-12-03,23.91,0.74,4.150800938939538,8.32,5.9
1990-12-04,22.29,0.71,4.185552236113294,8.22,5.9
1990-12-05,22.03,0.74,4.237679181873927,8.2,5.9
1990-12-06,20.94,0.7,4.289806127634559,8.16,6.2
1990-12-07,22.62,0.7,4.2550548304608045,8.18,6.2
1990-12-10,22.62,0.7,4.2550548304608045,8.18,6.2
1990-12-11,23.58,0.7,4.411435667742704,7.98,6.2
1990-12-12,23.75,0.68,4.4809382620902145,7.94,6.2
1990-12-13,21.28,0.69,4.533065207850848,7.91,6.2
1990-12-14,23.05,0.67,4.411435667742704,7.98,6.2
1990-12-17,23.05,0.67,4.411435667742704,7.98,6.2
1990-12-18,24.85,0.71,4.4809382620902145,8.02,6.2
1990-12-19,23.11,0.71,4.44618696491646,7.99,6.2
1990-12-20,23.08,0.79,4.4635626135033375,8.0,6.2
1990-12-21,23.13,0.8,4.4635626135033375,8.05,6.2
1990-12-24,23.13,0.8,4.4635626135033375,8.05,6.2
1990-12-26,24.03,0.85,4.2550548304608045,8.2,6.2
1990-12-27,24.18,0.88,4.324557424808315,8.15,6.2
1990-12-28,24.81,0.86,4.341933073395193,8.11,6.2
1990-12-31,24.81,0.86,4.341933073395193,8.11,6.2
1991-01-02,26.38,0.93,4.359308721982071,8.08,6.2
1991-01-03,26.62,0.89,4.4809382620902145,7.97,6.2
1991-01-04,27.93,0.85,4.498313910677093,7.93,6.2
1991-01-07,27.93,0.85,4.498313910677093,7.93,6.2
1991-01-08,28.95,0.93,4.341933073395193,8.13,6.3
1991-01-09,30.38,1.01,4.341933073395193,8.16,6.3
1991-01-10,33.3,1.15,4.2550548304608045,8.25,6.3
1991-01-11,31.33,1.02,4.394060019155827,8.16,6.3
1991-01-14,31.33,1.02,4.394060019155827,8.16,6.3
1991-01-15,36.2,1.05,4.2550548304608045,8.23,6.3
1991-01-16,36.16,1.06,4.324557424808315,8.22,6.3
1991-01-17,33.2,1.03,4.376684370568948,8.24,6.3
1991-01-18,27.45,0.86,4.44618696491646,8.05,6.3
1991-01-21,27.45,0.86,4.44618696491646,8.05,6.3
1991-01-22,24.33,0.89,4.44618696491646,8.03,6.3
1991-01-23,24.9,0.94,4.411435667742704,8.07,6.3
1991-01-24,23.92,0.96,4.4635626135033375,8.04,6.3
1991-01-25,22.86,0.96,4.4635626135033375,8.0,6.3
1991-01-28,22.86,0.96,4.4635626135033375,8.0,6.3
1991-01-29,23.05,0.94,4.394060019155827,8.06,6.3
1991-01-30,23.17,0.95,4.307181776221437,8.03,6.3
1991-01-31,21.37,0.98,4.2724304790476815,8.05,6.3
1991-02-01,20.91,0.98,4.2724304790476815,8.03,6.3
1991-02-04,20.91,0.98,4.2724304790476815,8.03,6.3
1991-02-05,21.86,1.06,4.289806127634559,7.88,6.4
1991-02-06,21.46,1.05,4.2724304790476815,7.85,6.4
1991-02-07,22.68,0.97,4.341933073395193,7.79,6.4
1991-02-08,23.6,1.02,4.237679181873927,7.82,6.4
1991-02-11,23.6,1.02,4.237679181873927,7.82,6.4
1991-02-12,22.56,1.0,4.168176587526416,7.78,6.4
1991-02-13,22.26,1.0,4.13342529035266,7.78,6.4
1991-02-14,20.86,1.0,4.098673993178905,7.78,6.4
1991-02-15,21.48,1.03,4.098673993178905,7.8,6.4
1991-02-19,19.57,0.96,4.150800938939538,7.78,6.4
1991-02-20,19.84,0.93,4.13342529035266,7.8,6.4
1991-02-21,22.26,0.97,4.098673993178905,7.84,6.4
1991-02-22,20.78,0.98,4.011795750244516,7.88,6.4
1991-02-25,20.78,0.98,4.011795750244516,7.88,6.4
1991-02-26,22.86,0.92,3.959668804483883,7.91,6.4
1991-02-27,20.38,0.96,3.9249175073101275,7.96,6.4
1991-02-28,21.26,0.96,3.9249175073101275,7.98,6.4
1991-03-01,21.23,0.98,3.907541858723249,8.02,6.4
1991-03-04,21.23,0.98,3.907541858723249,8.02,6.4
1991-03-05,20.86,0.96,3.8380392643757384,8.12,6.4
1991-03-06,20.45,0.95,3.785912318615105,8.08,6.4
1991-03-07,20.55,0.96,3.733785372854472,8.11,6.4
1991-03-08,21.05,0.95,3.733785372854472,8.07,6.6
1991-03-11,21.05,0.95,3.733785372854472,8.07,6.6
1991-03-12,20.88,1.01,3.7164097242675944,8.06,6.6
1991-03-13,18.82,1.02,3.6990340756807165,8.09,6.6
1991-03-14,16.09,1.02,3.7685366700282272,8.02,6.6
1991-03-15,14.94,1.07,3.7511610214413498,8.02,6.6
1991-03-18,14.94,1.07,3.7511610214413498,8.02,6.6
1991-03-19,15.79,1.06,3.6990340756807165,8.15,6.6
1991-03-20,16.11,1.03,3.6295314813332054,8.25,6.6
1991-03-21,16.04,1.0,3.6295314813332054,8.2,6.6
1991-03-22,16.86,1.03,3.6469071299200833,8.16,6.6
1991-03-25,16.86,1.03,3.6469071299200833,8.16,6.6
1991-03-26,16.76,0.99,3.6816584270938386,8.13,6.6
1991-03-27,16.31,0.97,3.6816584270938386,8.13,6.6
1991-03-28,16.55,1.01,3.6816584270938386,8.08,6.6
1991-04-01,16.55,1.01,3.6816584270938386,8.08,6.6
1991-04-02,17.42,1.06,3.664282778506961,8.07,6.6
1991-04-03,17.4,1.06,3.6990340756807165,8.03,6.6
1991-04-04,17.61,1.06,3.6469071299200833,8.05,6.6
1991-04-05,18.01,1.06,3.664282778506961,8.0,6.8
1991-04-08,18.01,1.06,3.664282778506961,8.0,6.8
1991-04-09,17.41,1.07,3.664282778506961,7.98,6.8
1991-04-10,20.12,1.09,3.59478018415945,8.03,6.8
1991-04-11,19.73,1.08,3.5079019412250614,8.1,6.8
1991-04-12,17.24,1.14,3.577404535572572,8.09,6.8
1991-04-15,17.24,1.14,3.577404535572572,8.09,6.8
1991-04-16,16.5,1.05,3.7164097242675944,7.95,6.8
1991-04-17,15.82,1.05,3.6990340756807165,7.97,6.8
1991-04-18,15.47,1.05,3.6816584270938386,7.95,6.8
1991-04-19,16.26,1.03,3.59478018415945,8.02,6.8
1991-04-22,16.26,1.03,3.59478018415945,8.02,6.8
1991-04-23,16.78,1.08,3.455774995464428,8.15,6.8
1991-04-24,17.02,1.07,3.4905262926381835,8.12,6.8
1991-04-25,16.72,1.11,3.455774995464428,8.06,6.8
1991-04-26,17.15,1.14,3.4383993468775502,8.07,6.8
1991-04-29,17.15,1.14,3.4383993468775502,8.07,6.8
1991-04-30,18.27,1.17,3.403648049703795,8.07,6.8
1991-05-01,18.24,1.22,3.455774995464428,8.02,6.8
1991-05-02,17.77,1.21,3.403648049703795,8.01,6.8
1991-05-03,17.52,1.21,3.403648049703795,7.97,6.8
1991-05-06,17.24,1.24,3.386272401116917,8.04,6.7
1991-05-07,17.92,1.23,3.3515211039431616,8.05,6.7
1991-05-08,17.46,1.24,3.3515211039431616,8.06,6.7
1991-05-09,17.78,1.2,3.368896752530039,8.04,6.7
1991-05-10,17.17,1.18,3.403648049703795,8.02,6.7
1991-05-13,17.17,1.18,3.403648049703795,8.02,6.7
1991-05-14,17.66,1.23,3.4210236982906728,8.07,6.7
1991-05-15,18.0,1.28,3.386272401116917,8.14,6.7
1991-05-16,18.38,1.29,3.386272401116917,8.13,6.7
1991-05-17,17.24,1.28,3.403648049703795,8.12,6.7
1991-05-20,17.24,1.28,3.403648049703795,8.12,6.7
1991-05-21,17.1,1.24,3.403648049703795,8.1,6.7
1991-05-22,16.07,1.22,3.455774995464428,8.06,6.7
1991-05-23,16.16,1.29,3.4210236982906728,8.06,6.7
1991-05-24,16.11,1.36,3.386272401116917,8.1,6.7
1991-05-28,15.23,1.41,3.403648049703795,8.1,6.7
1991-05-29,15.67,1.41,3.455774995464428,8.07,6.7
1991-05-30,15.9,1.46,3.386272401116917,8.07,6.7
1991-05-31,16.02,1.42,3.403648049703795,8.02,6.7
1991-06-03,16.02,1.42,3.403648049703795,8.02,6.7
1991-06-04,16.87,1.35,3.2820185095956504,8.14,6.7
1991-06-05,16.17,1.35,3.2993941581825283,8.14,6.9
1991-06-06,16.4,1.36,3.2646428610087725,8.19,6.9
1991-06-07,16.93,1.37,3.229891563835017,8.23,6.9
1991-06-10,16.93,1.37,3.229891563835017,8.23,6.9
1991-06-11,17.47,1.28,3.247267212421895,8.29,6.9
1991-06-12,17.32,1.3,3.229891563835017,8.29,6.9
1991-06-13,17.72,1.28,3.177764618074384,8.36,6.9
1991-06-14,16.99,1.26,3.177764618074384,8.34,6.9
1991-06-17,16.99,1.26,3.177764618074384,8.34,6.9
1991-06-18,15.5,1.28,3.1951402666612614,8.3,6.9
1991-06-19,16.14,1.32,3.160388969487506,8.32,6.9
1991-06-20,17.44,1.38,3.160388969487506,8.33,6.9
1991-06-21,16.75,1.43,3.177764618074384,8.3,6.9
1991-06-24,16.75,1.43,3.177764618074384,8.3,6.9
1991-06-25,18.28,1.37,3.143013320900628,8.33,6.9
1991-06-26,17.85,1.29,3.1256376723137507,8.33,6.9
1991-06-27,17.98,1.32,3.0908863751399953,8.33,6.9
1991-06-28,17.87,1.32,3.0908863751399953,8.32,6.9
1991-07-01,17.87,1.32,3.0908863751399953,8.32,6.9
1991-07-02,18.64,1.29,3.160388969487506,8.26,6.9
1991-07-03,17.63,1.27,3.0908863751399953,8.27,6.9
1991-07-05,19.47,1.29,3.1256376723137507,8.26,6.9
1991-07-08,19.47,1.29,3.1256376723137507,8.26,6.9
1991-07-09,20.29,1.34,3.1082620237268728,8.34,6.9
1991-07-10,19.76,1.36,3.0908863751399953,8.36,6.9
1991-07-11,19.19,1.38,3.143013320900628,8.35,6.9
1991-07-12,17.39,1.38,3.1256376723137507,8.3,6.9
1991-07-15,17.39,1.38,3.1256376723137507,8.3,6.9
1991-07-16,17.78,1.38,3.160388969487506,8.26,6.9
1991-07-17,17.49,1.37,3.160388969487506,8.27,6.9
1991-07-18,17.52,1.36,3.0908863751399953,8.3,6.9
1991-07-19,15.77,1.4,3.0908863751399953,8.31,6.9
1991-07-22,15.77,1.4,3.0908863751399953,8.31,6.9
1991-07-23,16.9,1.37,3.0735107265531174,8.28,6.9
1991-07-24,16.58,1.37,3.0040081322056067,8.31,6.9
1991-07-25,16.41,1.36,3.038759429379362,8.24,6.9
1991-07-26,15.74,1.33,3.05613507796624,8.2,6.9
1991-07-29,15.74,1.33,3.05613507796624,8.2,6.9
1991-07-30,15.67,1.38,3.0908863751399953,8.2,6.9
1991-07-31,15.47,1.37,3.0735107265531174,8.21,6.9
1991-08-01,15.18,1.39,3.05613507796624,8.2,6.9
1991-08-02,15.47,1.36,3.0735107265531174,8.2,6.9
1991-08-05,15.26,1.37,3.177764618074384,8.06,6.8
1991-08-06,15.92,1.35,3.1951402666612614,8.04,6.8
1991-08-07,15.54,1.4,3.229891563835017,7.97,6.8
1991-08-08,15.56,1.39,3.2820185095956504,7.93,6.8
1991-08-09,15.98,1.46,3.229891563835017,7.98,6.8
1991-08-12,15.98,1.46,3.229891563835017,7.98,6.8
1991-08-13,15.26,1.46,3.2993941581825283,7.95,6.8
1991-08-14,14.73,1.43,3.316769806769406,7.91,6.8
1991-08-15,15.09,1.45,3.3341454553562837,7.82,6.8
1991-08-16,15.19,1.51,3.3341454553562837,7.84,6.8
1991-08-19,15.19,1.51,3.3341454553562837,7.84,6.8
1991-08-20,21.19,1.59,3.386272401116917,7.83,6.8
1991-08-21,18.86,1.64,3.4383993468775502,7.81,6.8
1991-08-22,15.62,1.53,3.4210236982906728,7.8,6.8
1991-08-23,14.59,1.51,3.403648049703795,7.78,6.8
1991-08-26,14.59,1.51,3.403648049703795,7.78,6.8
1991-08-27,14.81,1.43,3.3341454553562837,7.91,6.8
1991-08-28,15.46,1.48,3.316769806769406,7.89,6.8
1991-08-29,15.31,1.52,3.3341454553562837,7.82,6.8
1991-08-30,14.82,1.49,3.403648049703795,7.74,6.8
1991-09-03,14.46,1.46,3.316769806769406,7.82,6.8
1991-09-04,16.57,1.48,3.3341454553562837,7.81,6.8
1991-09-05,17.18,1.5,3.386272401116917,7.81,6.9
1991-09-06,17.31,1.52,3.368896752530039,7.83,6.9
1991-09-09,17.31,1.52,3.368896752530039,7.83,6.9
1991-09-10,17.73,1.5,3.4210236982906728,7.73,6.9
1991-09-11,18.22,1.52,3.4383993468775502,7.73,6.9
1991-09-12,17.96,1.51,3.473150644051306,7.74,6.9
1991-09-13,16.21,1.47,3.473150644051306,7.67,6.9
1991-09-16,16.21,1.47,3.473150644051306,7.67,6.9
1991-09-17,17.82,1.46,3.5252775898119393,7.63,6.9
1991-09-18,17.68,1.44,3.5426532383988167,7.62,6.9
1991-09-19,17.56,1.44,3.5426532383988167,7.62,6.9
1991-09-20,17.56,1.41,3.577404535572572,7.61,6.9
1991-09-23,17.56,1.41,3.577404535572572,7.61,6.9
1991-09-24,16.38,1.38,3.6121558327463275,7.55,6.9
1991-09-25,16.04,1.45,3.59478018415945,7.56,6.9
1991-09-26,15.68,1.46,3.577404535572572,7.58,6.9
1991-09-27,15.35,1.51,3.59478018415945,7.56,6.9
1991-09-30,15.35,1.51,3.59478018415945,7.56,6.9
1991-10-01,15.85,1.48,3.6469071299200833,7.47,6.9
1991-10-02,14.81,1.46,3.6990340756807165,7.45,6.9
1991-10-03,15.81,1.48,3.6816584270938386,7.47,6.9
1991-10-04,17.04,1.49,3.6816584270938386,7.47,6.9
1991-10-07,17.04,1.49,3.6816584270938386,7.47,6.9
1991-10-08,18.58,1.47,3.733785372854472,7.4,6.9
1991-10-09,17.81,1.54,3.6816584270938386,7.43,6.9
1991-10-10,18.54,1.58,3.6816584270938386,7.51,6.9
1991-10-11,17.8,1.6,3.577404535572572,7.58,6.9
1991-10-14,17.8,1.6,3.577404535572572,7.58,6.9
1991-10-15,16.71,1.58,3.6469071299200833,7.49,6.9
1991-10-16,16.22,1.61,3.664282778506961,7.46,6.9
1991-10-17,14.85,1.59,3.6990340756807165,7.45,6.9
1991-10-18,16.32,1.62,3.6816584270938386,7.55,6.9
1991-10-21,16.32,1.62,3.6816584270938386,7.55,6.9
1991-10-22,16.66,1.63,3.6816584270938386,7.62,6.9
1991-10-23,16.55,1.65,3.6295314813332054,7.67,6.9
1991-10-24,16.26,1.68,3.664282778506961,7.69,6.9
1991-10-25,15.62,1.72,3.6816584270938386,7.65,6.9
1991-10-28,15.62,1.72,3.6816584270938386,7.65,6.9
1991-10-29,15.45,1.77,3.664282778506961,7.65,6.9
1991-10-30,15.55,1.73,3.733785372854472,7.51,6.9
1991-10-31,15.46,1.75,3.8032879672019826,7.48,6.9
1991-11-01,15.48,1.77,3.785912318615105,7.47,6.9
1991-11-04,15.48,1.77,3.785912318615105,7.47,6.9
1991-11-05,16.35,1.87,3.7511610214413498,7.5,7.0
1991-11-06,16.48,1.86,3.7164097242675944,7.56,7.0
1991-11-07,16.47,1.88,3.7511610214413498,7.51,7.0
1991-11-08,15.97,1.81,3.8554149129626163,7.43,7.0
1991-11-11,15.97,1.81,3.8554149129626163,7.43,7.0
1991-11-12,14.89,1.78,3.820663615788861,7.41,7.0
1991-11-13,14.04,1.72,3.8032879672019826,7.37,7.0
1991-11-14,13.95,1.76,3.8032879672019826,7.41,7.0
1991-11-15,13.96,1.75,3.8380392643757384,7.35,7.0
1991-11-18,13.96,1.75,3.8380392643757384,7.35,7.0
1991-11-19,18.28,1.78,3.8727905615494937,7.33,7.0
1991-11-20,20.34,1.87,3.890166210136372,7.37,7.0
1991-11-21,20.4,1.86,3.8380392643757384,7.38,7.0
1991-11-22,19.11,1.89,3.8554149129626163,7.39,7.0
1991-11-25,19.11,1.89,3.8554149129626163,7.39,7.0
1991-11-26,21.92,1.95,3.785912318615105,7.45,7.0
1991-11-27,19.8,1.97,3.820663615788861,7.42,7.0
1991-11-29,19.84,1.99,3.8032879672019826,7.42,7.0
1991-12-02,19.84,1.99,3.8032879672019826,7.42,7.0
1991-12-03,20.18,1.99,3.9249175073101275,7.32,7.0
1991-12-04,19.7,1.99,3.959668804483883,7.28,7.0
1991-12-05,19.54,1.95,4.081298344592026,7.17,7.0
1991-12-06,20.19,1.99,3.9944201016576386,7.21,7.0
1991-12-09,20.19,1.99,3.9944201016576386,7.21,7.0
1991-12-10,19.74,2.13,3.9249175073101275,7.22,7.0
1991-12-11,19.89,2.14,3.907541858723249,7.21,7.0
1991-12-12,20.57,2.18,3.9249175073101275,7.22,7.0
1991-12-13,19.08,2.13,3.9249175073101275,7.19,7.0
1991-12-16,19.08,2.13,3.9249175073101275,7.19,7.0
1991-12-17,17.62,2.15,3.907541858723249,7.21,7.0
1991-12-18,18.12,2.16,3.942293155897005,7.18,7.0
1991-12-19,17.78,2.08,3.907541858723249,7.19,7.0
1991-12-20,17.96,2.06,3.9770444530707603,7.11,7.0
1991-12-23,17.96,2.06,3.9770444530707603,7.11,7.0
1991-12-24,16.61,2.09,4.220303533287049,6.88,7.0
1991-12-26,15.67,2.04,4.202927884700171,6.88,7.0
1991-12-27,15.44,2.0,4.220303533287049,6.85,7.0
1991-12-30,15.44,2.0,4.220303533287049,6.85,7.0
1991-12-31,17.63,1.96,4.359308721982071,6.76,7.0
1992-01-02,19.31,1.94,4.428811316329582,6.71,7.0
1992-01-03,18.95,2.01,4.324557424808315,6.78,7.0
1992-01-06,18.95,2.01,4.324557424808315,6.78,7.0
1992-01-07,18.96,2.06,4.220303533287049,6.82,7.3
1992-01-08,19.23,2.09,4.289806127634559,6.76,7.3
1992-01-09,18.72,2.11,4.237679181873927,6.77,7.3
1992-01-10,18.96,2.02,4.13342529035266,6.79,7.3
1992-01-13,18.96,2.02,4.13342529035266,6.79,7.3
1992-01-14,18.01,1.99,3.9944201016576386,6.92,7.3
1992-01-15,17.01,2.03,3.8380392643757384,7.03,7.3
1992-01-16,17.39,1.98,3.8554149129626163,7.05,7.3
1992-01-17,17.64,2.06,3.8032879672019826,7.13,7.3
1992-01-20,17.64,2.06,3.8032879672019826,7.13,7.3
1992-01-21,16.42,2.07,3.820663615788861,7.09,7.3
1992-01-22,17.92,2.06,3.9249175073101275,7.03,7.3
1992-01-23,16.75,2.14,3.8554149129626163,7.09,7.3
1992-01-24,16.46,2.18,3.7685366700282272,7.2,7.3
1992-01-27,16.46,2.18,3.7685366700282272,7.2,7.3
1992-01-28,16.67,2.09,3.664282778506961,7.24,7.3
1992-01-29,17.67,2.06,3.7685366700282272,7.16,7.3
1992-01-30,17.62,2.1,3.664282778506961,7.25,7.3
1992-01-31,17.49,2.14,3.6121558327463275,7.31,7.3
1992-02-03,17.49,2.14,3.6121558327463275,7.31,7.3
1992-02-04,18.2,2.21,3.5426532383988167,7.36,7.3
1992-02-05,17.96,2.17,3.560028886985694,7.29,7.3
1992-02-06,18.22,2.14,3.664282778506961,7.21,7.3
1992-02-07,18.79,2.15,3.6816584270938386,7.2,7.3
1992-02-10,18.79,2.15,3.6816584270938386,7.2,7.3
1992-02-11,18.56,2.27,3.7164097242675944,7.21,7.3
1992-02-12,17.7,2.22,3.6816584270938386,7.23,7.3
1992-02-13,17.37,2.22,3.5426532383988167,7.3,7.3
1992-02-14,17.45,2.18,3.455774995464428,7.4,7.3
1992-02-18,17.03,2.14,3.5079019412250614,7.41,7.3
1992-02-19,18.22,2.23,3.473150644051306,7.47,7.3
1992-02-20,17.16,2.14,3.5252775898119393,7.42,7.3
1992-02-21,16.72,2.11,3.5252775898119393,7.41,7.3
1992-02-24,16.72,2.11,3.5252775898119393,7.41,7.3
1992-02-25,17.13,2.01,3.455774995464428,7.47,7.3
1992-02-26,16.35,2.01,3.455774995464428,7.44,7.3
1992-02-27,16.64,1.96,3.577404535572572,7.33,7.3
1992-02-28,16.51,2.01,3.4905262926381835,7.35,7.3
1992-03-02,16.51,2.01,3.4905262926381835,7.35,7.3
1992-03-03,16.88,1.93,3.455774995464428,7.38,7.3
1992-03-04,17.26,1.95,3.368896752530039,7.43,7.3
1992-03-05,17.89,1.93,3.3515211039431616,7.43,7.3
1992-03-06,18.47,1.89,3.247267212421895,7.51,7.3
1992-03-09,18.47,1.89,3.247267212421895,7.51,7.3
1992-03-10,19.68,1.88,3.3341454553562837,7.42,7.4
1992-03-11,18.68,1.87,3.2820185095956504,7.43,7.4
1992-03-12,19.79,1.93,3.247267212421895,7.51,7.4
1992-03-13,19.72,1.88,3.160388969487506,7.62,7.4
1992-03-16,19.72,1.88,3.160388969487506,7.62,7.4
1992-03-17,18.46,1.82,3.143013320900628,7.69,7.4
1992-03-18,16.79,1.79,3.2125159152481393,7.62,7.4
1992-03-19,16.69,1.78,3.2125159152481393,7.62,7.4
1992-03-20,16.52,1.78,3.247267212421895,7.57,7.4
1992-03-23,16.52,1.78,3.247267212421895,7.57,7.4
1992-03-24,16.73,1.75,3.1951402666612614,7.62,7.4
1992-03-25,16.32,1.75,3.247267212421895,7.53,7.4
1992-03-26,16.19,1.81,3.247267212421895,7.53,7.4
1992-03-27,16.29,1.88,3.229891563835017,7.57,7.4
1992-03-30,16.29,1.88,3.229891563835017,7.57,7.4
1992-03-31,15.97,1.93,3.1951402666612614,7.54,7.4
1992-04-01,16.18,1.94,3.229891563835017,7.54,7.4
1992-04-02,16.48,1.93,3.316769806769406,7.46,7.4
1992-04-03,17.06,1.92,3.2993941581825283,7.47,7.4
1992-04-06,17.06,1.92,3.2993941581825283,7.47,7.4
1992-04-07,16.72,2.05,3.386272401116917,7.41,7.4
1992-04-08,18.81,2.07,3.368896752530039,7.41,7.4
1992-04-09,20.15,2.11,3.3515211039431616,7.44,7.4
1992-04-10,17.89,2.26,3.455774995464428,7.35,7.4
1992-04-13,17.89,2.26,3.455774995464428,7.35,7.4
1992-04-14,16.99,2.22,3.4383993468775502,7.33,7.4
1992-04-15,15.98,2.2,3.4210236982906728,7.35,7.4
1992-04-16,15.15,2.15,3.368896752530039,7.37,7.4
1992-04-20,15.15,2.15,3.368896752530039,7.37,7.4
1992-04-21,15.93,2.14,3.1256376723137507,7.59,7.4
1992-04-22,16.53,2.17,3.177764618074384,7.58,7.4
1992-04-23,15.96,2.16,3.177764618074384,7.57,7.4
1992-04-24,15.83,2.18,3.177764618074384,7.59,7.4
1992-04-27,15.83,2.18,3.177764618074384,7.59,7.4
1992-04-28,16.49,2.18,3.1256376723137507,7.6,7.4
1992-04-29,16.24,2.17,3.177764618074384,7.57,7.4
1992-04-30,15.95,2.21,3.143013320900628,7.6,7.4
1992-05-01,15.53,2.15,3.1082620237268728,7.61,7.4
1992-05-04,15.53,2.15,3.1082620237268728,7.61,7.4
1992-05-05,16.92,2.26,3.1256376723137507,7.58,7.4
1992-05-06,16.66,2.26,3.160388969487506,7.56,7.4
1992-05-07,16.81,2.21,3.2993941581825283,7.46,7.4
1992-05-08,16.54,2.15,3.247267212421895,7.49,7.4
1992-05-11,16.54,2.15,3.247267212421895,7.49,7.4
1992-05-12,15.17,2.16,3.2993941581825283,7.4,7.4
1992-05-13,15.68,2.17,3.3515211039431616,7.36,7.4
1992-05-14,15.19,2.2,3.368896752530039,7.34,7.4
1992-05-15,15.49,2.21,3.368896752530039,7.34,7.4
1992-05-18,15.49,2.21,3.368896752530039,7.34,7.4
1992-05-19,14.62,2.16,3.403648049703795,7.28,7.4
1992-05-20,13.57,2.2,3.4905262926381835,7.2,7.4
1992-05-21,13.62,2.12,3.4383993468775502,7.25,7.4
1992-05-22,13.92,2.05,3.247267212421895,7.39,7.4
1992-05-26,13.73,2.11,3.2646428610087725,7.35,7.4
1992-05-27,14.92,2.11,3.160388969487506,7.46,7.4
1992-05-28,13.99,2.16,3.1951402666612614,7.44,7.4
1992-05-29,13.77,2.14,3.2993941581825283,7.36,7.4
1992-06-01,13.77,2.14,3.2993941581825283,7.36,7.4
1992-06-02,14.43,2.1,3.247267212421895,7.39,7.4
1992-06-03,14.57,2.12,3.2993941581825283,7.35,7.4
1992-06-04,14.35,2.14,3.3341454553562837,7.34,7.4
1992-06-05,13.66,2.12,3.316769806769406,7.34,7.6
1992-06-08,13.66,2.12,3.316769806769406,7.34,7.6
1992-06-09,15.19,2.2,3.3515211039431616,7.31,7.6
1992-06-10,15.97,2.22,3.3341454553562837,7.33,7.6
1992-06-11,16.62,2.22,3.316769806769406,7.35,7.6
1992-06-12,16.29,2.24,3.2820185095956504,7.33,7.6
1992-06-15,16.29,2.24,3.2820185095956504,7.33,7.6
1992-06-16,14.76,2.23,3.3515211039431616,7.28,7.6
1992-06-17,15.22,2.22,3.368896752530039,7.24,7.6
1992-06-18,18.08,2.23,3.368896752530039,7.23,7.6
1992-06-19,18.2,2.25,3.4210236982906728,7.19,7.6
1992-06-22,18.2,2.25,3.4210236982906728,7.19,7.6
1992-06-23,16.66,2.25,3.403648049703795,7.24,7.6
1992-06-24,14.53,2.15,3.386272401116917,7.25,7.6
1992-06-25,14.4,2.24,3.4383993468775502,7.2,7.6
1992-06-26,14.4,2.25,3.5079019412250614,7.14,7.6
1992-06-29,14.4,2.25,3.5079019412250614,7.14,7.6
1992-06-30,13.21,2.29,3.5426532383988167,7.12,7.6
1992-07-01,13.35,2.31,3.5079019412250614,7.14,7.6
1992-07-02,13.34,2.28,3.577404535572572,7.1,7.6
1992-07-06,13.88,2.38,3.733785372854472,6.93,7.8
1992-07-07,14.87,2.44,3.7511610214413498,6.9,7.8
1992-07-08,15.83,2.47,3.785912318615105,6.87,7.8
1992-07-09,15.53,2.51,3.7164097242675944,6.91,7.8
1992-07-10,14.6,2.51,3.7164097242675944,6.91,7.8
1992-07-13,14.6,2.51,3.7164097242675944,6.91,7.8
1992-07-14,14.01,2.57,3.6121558327463275,6.97,7.8
1992-07-15,13.5,2.65,3.6295314813332054,6.97,7.8
1992-07-16,12.52,2.65,3.6816584270938386,6.9,7.8
1992-07-17,12.27,2.62,3.7164097242675944,6.87,7.8
1992-07-20,12.27,2.62,3.7164097242675944,6.87,7.8
1992-07-21,12.66,2.6,3.6816584270938386,6.9,7.8
1992-07-22,12.6,2.55,3.6816584270938386,6.89,7.8
1992-07-23,13.57,2.56,3.733785372854472,6.85,7.8
1992-07-24,13.33,2.52,3.8554149129626163,6.72,7.8
1992-07-27,13.33,2.52,3.8554149129626163,6.72,7.8
1992-07-28,13.9,2.42,3.8727905615494937,6.69,7.8
1992-07-29,13.05,2.36,3.8727905615494937,6.63,7.8
1992-07-30,13.44,2.35,3.907541858723249,6.6,7.8
1992-07-31,13.5,2.36,3.785912318615105,6.69,7.8
1992-08-03,13.5,2.36,3.785912318615105,6.69,7.8
1992-08-04,13.83,2.32,3.7164097242675944,6.72,7.8
1992-08-05,13.58,2.35,3.785912318615105,6.66,7.7
1992-08-06,13.82,2.35,3.8032879672019826,6.64,7.7
1992-08-07,14.23,2.36,3.8380392643757384,6.65,7.7
1992-08-10,14.23,2.36,3.8380392643757384,6.65,7.7
1992-08-11,14.51,2.4,3.942293155897005,6.52,7.7
1992-08-12,15.09,2.35,3.942293155897005,6.5,7.7
1992-08-13,14.88,2.29,3.9770444530707603,6.48,7.7
1992-08-14,15.34,2.36,3.9249175073101275,6.55,7.7
1992-08-17,15.34,2.36,3.9249175073101275,6.55,7.7
1992-08-18,14.61,2.43,3.8554149129626163,6.56,7.7
1992-08-19,13.84,2.44,3.9770444530707603,6.48,7.7
1992-08-20,14.35,2.41,3.9944201016576386,6.47,7.7
1992-08-21,14.48,2.42,3.9944201016576386,6.46,7.7
1992-08-24,14.48,2.42,3.9944201016576386,6.46,7.7
1992-08-25,16.19,2.41,3.7685366700282272,6.68,7.7
1992-08-26,15.62,2.41,3.733785372854472,6.73,7.7
1992-08-27,14.5,2.42,3.7685366700282272,6.68,7.7
1992-08-28,13.66,2.41,3.8032879672019826,6.64,7.7
1992-08-31,13.66,2.41,3.8032879672019826,6.64,7.7
1992-09-01,13.58,2.47,3.8554149129626163,6.62,7.7
1992-09-02,13.4,2.44,3.942293155897005,6.56,7.7
1992-09-03,12.73,2.44,3.959668804483883,6.54,7.7
1992-09-04,12.88,2.45,3.907541858723249,6.54,7.7
1992-09-08,12.98,2.51,4.0291713988313935,6.4,7.6
1992-09-09,13.65,2.46,4.185552236113294,6.29,7.6
1992-09-10,13.36,2.46,4.13342529035266,6.31,7.6
1992-09-11,12.92,2.48,4.150800938939538,6.31,7.6
1992-09-14,12.92,2.48,4.150800938939538,6.31,7.6
1992-09-15,13.0,2.52,4.116049641765782,6.32,7.6
1992-09-16,13.63,2.51,4.046547047418271,6.4,7.6
1992-09-17,14.72,2.54,4.046547047418271,6.41,7.6
1992-09-18,14.31,2.54,4.081298344592026,6.4,7.6
1992-09-21,14.31,2.54,4.081298344592026,6.4,7.6
1992-09-22,13.45,2.51,4.116049641765782,6.42,7.6
1992-09-23,13.88,2.52,4.098673993178905,6.5,7.6
1992-09-24,13.83,2.57,4.063922696005149,6.54,7.6
1992-09-25,13.44,2.57,4.150800938939538,6.48,7.6
1992-09-28,13.44,2.57,4.150800938939538,6.48,7.6
1992-09-29,15.19,2.6,4.237679181873927,6.37,7.6
1992-09-30,14.97,2.57,4.237679181873927,6.37,7.6
1992-10-01,14.28,2.57,4.2550548304608045,6.37,7.6
1992-10-02,16.31,2.56,4.428811316329582,6.23,7.6
1992-10-05,16.31,2.56,4.428811316329582,6.23,7.6
1992-10-06,20.01,2.56,4.44618696491646,6.24,7.6
1992-10-07,19.95,2.56,4.411435667742704,6.3,7.6
1992-10-08,21.02,2.58,4.237679181873927,6.46,7.6
1992-10-09,19.26,2.58,4.307181776221437,6.41,7.6
1992-10-12,19.26,2.58,4.307181776221437,6.41,7.6
1992-10-13,19.49,2.52,4.220303533287049,6.52,7.6
1992-10-14,17.9,2.52,4.324557424808315,6.51,7.6
1992-10-15,18.42,2.49,4.289806127634559,6.51,7.6
1992-10-16,17.11,2.51,4.2724304790476815,6.53,7.6
1992-10-19,17.11,2.51,4.2724304790476815,6.53,7.6
1992-10-20,17.31,2.54,4.116049641765782,6.69,7.6
1992-10-21,16.87,2.52,3.959668804483883,6.86,7.6
1992-10-22,16.62,2.51,3.9944201016576386,6.8,7.6
1992-10-23,15.84,2.5,4.081298344592026,6.74,7.6
1992-10-26,15.84,2.5,4.081298344592026,6.74,7.6
1992-10-27,16.32,2.44,3.9944201016576386,6.83,7.6
1992-10-28,16.24,2.46,4.0291713988313935,6.78,7.6
1992-10-29,15.95,2.43,4.081298344592026,6.76,7.6
1992-10-30,15.47,2.38,4.13342529035266,6.71,7.6
1992-11-02,15.47,2.38,4.13342529035266,6.71,7.6
1992-11-03,16.67,2.41,3.9944201016576386,6.88,7.6
1992-11-04,17.33,2.43,3.9944201016576386,6.87,7.6
1992-11-05,16.28,2.45,3.942293155897005,6.89,7.3
1992-11-06,15.38,2.48,4.011795750244516,6.87,7.3
1992-11-09,15.38,2.48,4.011795750244516,6.87,7.3
1992-11-10,14.23,2.43,3.8554149129626163,7.0,7.3
1992-11-11,14.37,2.41,3.942293155897005,6.91,7.3
1992-11-12,13.99,2.41,3.942293155897005,6.91,7.3
1992-11-13,14.37,2.35,4.0291713988313935,6.79,7.3
1992-11-16,14.37,2.35,4.0291713988313935,6.79,7.3
1992-11-17,14.86,2.22,3.820663615788861,6.9,7.3
1992-11-18,15.01,2.19,3.820663615788861,6.86,7.3
1992-11-19,14.55,2.2,3.942293155897005,6.78,7.3
1992-11-20,14.33,2.22,3.9249175073101275,6.81,7.3
1992-11-23,14.33,2.22,3.9249175073101275,6.81,7.3
1992-11-24,13.4,2.17,3.820663615788861,6.86,7.3
1992-11-25,12.66,2.21,3.8727905615494937,6.82,7.3
1992-11-27,12.5,2.14,3.8727905615494937,6.84,7.3
1992-11-30,12.5,2.14,3.8727905615494937,6.84,7.3
1992-12-01,13.01,2.16,3.7511610214413498,6.95,7.3
1992-12-02,12.8,2.13,3.733785372854472,6.94,7.3
1992-12-03,12.56,2.12,3.7511610214413498,6.93,7.3
1992-12-04,12.03,2.13,3.7685366700282272,6.91,7.3
1992-12-07,12.03,2.13,3.7685366700282272,6.91,7.3
1992-12-08,12.0,2.16,3.8380392643757384,6.78,7.4
1992-12-09,11.73,2.14,3.907541858723249,6.73,7.4
1992-12-10,12.58,2.15,3.8554149129626163,6.76,7.4
1992-12-11,12.75,2.1,3.820663615788861,6.77,7.4
1992-12-14,12.75,2.1,3.820663615788861,6.77,7.4
1992-12-15,12.66,2.03,3.7511610214413498,6.83,7.4
1992-12-16,12.41,2.06,3.7511610214413498,6.83,7.4
1992-12-17,12.58,2.1,3.820663615788861,6.77,7.4
1992-12-18,12.14,2.08,3.8032879672019826,6.77,7.4
1992-12-21,12.14,2.08,3.8032879672019826,6.77,7.4
1992-12-22,11.65,2.07,3.8554149129626163,6.71,7.4
1992-12-23,11.75,2.01,3.9249175073101275,6.65,7.4
1992-12-24,11.51,2.05,3.8727905615494937,6.68,7.4
1992-12-28,11.51,2.05,3.8727905615494937,6.68,7.4
1992-12-29,12.22,2.08,3.820663615788861,6.72,7.4
1992-12-30,12.29,2.08,3.8380392643757384,6.69,7.4
1992-12-31,12.6,2.14,3.8554149129626163,6.68,7.4
1993-01-04,12.6,2.14,3.8554149129626163,6.68,7.4
1993-01-05,13.36,2.12,3.907541858723249,6.6,7.4
1993-01-06,13.35,2.13,3.9249175073101275,6.61,7.4
1993-01-07,13.37,2.11,3.907541858723249,6.63,7.4
1993-01-08,14.72,2.12,3.785912318615105,6.76,7.4
1993-01-11,14.72,2.12,3.785912318615105,6.76,7.4
1993-01-12,12.86,2.23,3.8380392643757384,6.71,7.4
1993-01-13,12.78,2.24,3.8554149129626163,6.72,7.4
1993-01-14,12.42,2.25,3.820663615788861,6.71,7.4
1993-01-15,11.99,2.25,3.8554149129626163,6.65,7.4
1993-01-18,11.99,2.25,3.8554149129626163,6.65,7.4
1993-01-19,11.49,2.29,3.8554149129626163,6.6,7.4
1993-01-20,12.06,2.2,3.820663615788861,6.59,7.4
1993-01-21,12.15,2.2,3.8380392643757384,6.61,7.4
1993-01-22,11.69,2.24,3.820663615788861,6.6,7.4
1993-01-25,11.69,2.24,3.820663615788861,6.6,7.4
1993-01-26,11.38,2.22,3.890166210136372,6.48,7.4
1993-01-27,11.45,2.2,3.890166210136372,6.5,7.4
1993-01-28,12.01,2.24,3.907541858723249,6.48,7.4
1993-01-29,12.04,2.24,3.9249175073101275,6.44,7.4
1993-02-01,12.04,2.24,3.9249175073101275,6.44,7.4
1993-02-02,12.33,2.19,3.9770444530707603,6.38,7.4
1993-02-03,12.25,2.21,3.8727905615494937,6.46,7.4
1993-02-04,12.12,2.18,3.8380392643757384,6.45,7.4
1993-02-05,12.29,2.2,3.907541858723249,6.39,7.3
1993-02-08,12.29,2.2,3.907541858723249,6.39,7.3
1993-02-09,13.22,2.21,3.959668804483883,6.37,7.3
1993-02-10,13.48,2.21,3.890166210136372,6.41,7.3
1993-02-11,13.43,2.13,3.959668804483883,6.4,7.3
1993-02-12,12.69,2.17,3.9770444530707603,6.37,7.3
1993-02-16,12.38,2.15,3.907541858723249,6.35,7.3
1993-02-17,15.76,2.2,3.9249175073101275,6.34,7.3
1993-02-18,15.9,2.22,3.9770444530707603,6.28,7.3
1993-02-19,15.56,2.22,4.011795750244516,6.17,7.3
1993-02-22,15.56,2.22,4.011795750244516,6.17,7.3
1993-02-23,14.7,2.1,4.046547047418271,6.09,7.3
1993-02-24,15.04,2.02,4.185552236113294,5.92,7.3
1993-02-25,14.72,2.04,4.081298344592026,6.01,7.3
1993-02-26,13.76,2.08,4.081298344592026,6.03,7.3
1993-03-01,13.76,2.08,4.081298344592026,6.03,7.3
1993-03-02,13.6,2.06,4.150800938939538,5.94,7.3
1993-03-03,12.49,2.07,4.116049641765782,5.95,7.3
1993-03-04,13.13,2.07,4.150800938939538,5.88,7.3
1993-03-05,13.44,2.08,4.168176587526416,5.83,7.3
1993-03-08,14.08,1.99,4.098673993178905,5.9,7.1
1993-03-09,16.22,1.88,4.116049641765782,5.85,7.1
1993-03-10,14.17,1.89,4.081298344592026,5.91,7.1
1993-03-11,13.91,1.92,3.959668804483883,5.97,7.1
1993-03-12,14.26,1.95,4.0291713988313935,5.96,7.1
1993-03-15,14.26,1.95,4.0291713988313935,5.96,7.1
1993-03-16,14.74,2.07,3.8554149129626163,6.17,7.1
1993-03-17,14.51,2.04,4.011795750244516,6.06,7.1
1993-03-18,14.53,2.04,3.9770444530707603,6.02,7.1
1993-03-19,14.17,2.02,4.046547047418271,5.93,7.1
1993-03-22,14.17,2.02,4.046547047418271,5.93,7.1
1993-03-23,13.66,2.04,4.011795750244516,5.96,7.1
1993-03-24,13.02,2.03,4.081298344592026,5.91,7.1
1993-03-25,12.44,2.02,4.063922696005149,5.95,7.1
1993-03-26,12.08,2.06,4.063922696005149,5.98,7.1
1993-03-29,12.08,2.06,4.063922696005149,5.98,7.1
1993-03-30,12.63,2.11,4.011795750244516,6.06,7.1
1993-03-31,12.23,2.11,4.063922696005149,6.02,7.1
1993-04-01,12.53,2.07,4.063922696005149,6.03,7.1
1993-04-02,13.02,2.12,4.063922696005149,6.06,7.1
1993-04-05,14.5,2.17,4.011795750244516,6.16,7.0
1993-04-06,14.12,2.17,4.046547047418271,6.13,7.0
1993-04-07,14.24,2.15,4.081298344592026,6.08,7.0
1993-04-08,13.64,2.14,4.046547047418271,6.07,7.0
1993-04-12,13.64,2.14,4.046547047418271,6.07,7.0
1993-04-13,11.93,2.1,4.098673993178905,5.92,7.0
1993-04-14,11.7,2.11,4.0291713988313935,5.93,7.0
1993-04-15,11.76,2.12,4.0291713988313935,5.9,7.0
1993-04-16,10.96,2.09,4.046547047418271,5.88,7.0
1993-04-19,10.96,2.09,4.046547047418271,5.88,7.0
1993-04-20,12.06,2.09,4.046547047418271,5.87,7.0
1993-04-21,11.94,2.09,4.063922696005149,5.87,7.0
1993-04-22,12.11,2.09,4.081298344592026,5.86,7.0
1993-04-23,12.68,2.1,4.098673993178905,5.85,7.0
1993-04-26,12.68,2.1,4.098673993178905,5.85,7.0
1993-04-27,15.25,2.15,4.046547047418271,5.94,7.0
1993-04-28,13.93,2.14,3.9944201016576386,6.02,7.0
1993-04-29,13.12,2.17,4.011795750244516,6.03,7.0
1993-04-30,12.8,2.2,4.0291713988313935,5.99,7.0
1993-05-03,12.8,2.2,4.0291713988313935,5.99,7.0
1993-05-04,12.9,2.21,4.098673993178905,5.96,7.0
1993-05-05,12.14,2.17,4.098673993178905,5.92,7.0
1993-05-06,12.38,2.13,4.063922696005149,5.93,7.1
1993-05-07,13.22,2.09,4.13342529035266,5.89,7.1
1993-05-10,13.22,2.09,4.13342529035266,5.89,7.1
1993-05-11,13.72,2.1,4.168176587526416,5.89,7.1
1993-05-12,13.35,2.1,4.168176587526416,5.89,7.1
1993-05-13,13.56,2.14,4.116049641765782,5.96,7.1
1993-05-14,14.76,2.11,4.13342529035266,6.02,7.1
1993-05-17,14.76,2.11,4.13342529035266,6.02,7.1
1993-05-18,14.13,2.02,4.063922696005149,6.07,7.1
1993-05-19,14.19,2.07,4.011795750244516,6.15,7.1
1993-05-20,14.29,2.08,4.046547047418271,6.11,7.1
1993-05-21,13.98,2.06,4.063922696005149,6.09,7.1
1993-05-24,13.98,2.06,4.063922696005149,6.09,7.1
1993-05-25,14.1,1.97,3.9944201016576386,6.16,7.1
1993-05-26,14.04,1.98,3.9770444530707603,6.17,7.1
1993-05-27,12.88,1.92,3.959668804483883,6.12,7.1
1993-05-28,13.1,1.89,3.959668804483883,6.11,7.1
1993-06-01,13.47,1.92,3.9249175073101275,6.16,7.1
1993-06-02,13.67,1.91,3.9249175073101275,6.07,7.1
1993-06-03,13.48,1.88,3.9249175073101275,6.06,7.1
1993-06-04,13.54,1.88,3.959668804483883,6.02,7.1
1993-06-07,13.54,1.88,3.959668804483883,6.02,7.1
1993-06-08,14.07,1.78,3.8554149129626163,6.08,7.1
1993-06-09,14.74,1.76,3.8727905615494937,6.09,7.1
1993-06-10,13.96,1.78,3.8727905615494937,6.07,7.1
1993-06-11,13.31,1.78,3.8554149129626163,6.07,7.1
1993-06-14,13.31,1.78,3.8554149129626163,6.07,7.1
1993-06-15,12.33,1.84,3.9249175073101275,5.97,7.1
1993-06-16,11.99,1.85,3.9249175073101275,5.96,7.1
1993-06-17,11.87,1.87,3.9249175073101275,5.96,7.1
1993-06-18,11.66,1.85,3.9770444530707603,5.93,7.1
1993-06-21,11.66,1.85,3.9770444530707603,5.93,7.1
1993-06-22,12.25,1.76,3.942293155897005,5.92,7.1
1993-06-23,11.65,1.76,3.959668804483883,5.91,7.1
1993-06-24,12.04,1.71,3.942293155897005,5.91,7.1
1993-06-25,12.25,1.73,3.9770444530707603,5.88,7.1
1993-06-28,12.25,1.73,3.9770444530707603,5.88,7.1
1993-06-29,11.11,1.74,4.0291713988313935,5.8,7.1
1993-06-30,11.29,1.76,4.0291713988313935,5.79,7.1
1993-07-01,11.26,1.77,4.0291713988313935,5.8,7.1
1993-07-02,11.51,1.81,4.0291713988313935,5.8,7.1
1993-07-06,11.33,1.83,4.081298344592026,5.76,7.0
1993-07-07,13.87,1.8,4.046547047418271,5.8,7.0
1993-07-08,13.05,1.8,4.046547047418271,5.8,7.0
1993-07-09,12.24,1.78,4.046547047418271,5.78,7.0
1993-07-12,12.24,1.78,4.046547047418271,5.78,7.0
1993-07-13,10.85,1.76,4.046547047418271,5.75,7.0
1993-07-14,11.02,1.74,3.9944201016576386,5.78,7.0
1993-07-15,10.78,1.75,4.046547047418271,5.72,7.0
1993-07-16,10.6,1.73,4.0291713988313935,5.72,7.0
1993-07-19,10.6,1.73,4.0291713988313935,5.72,7.0
1993-07-20,11.46,1.72,4.046547047418271,5.71,7.0
1993-07-21,11.05,1.66,3.9944201016576386,5.75,7.0
1993-07-22,11.97,1.68,3.942293155897005,5.83,7.0
1993-07-23,11.69,1.68,3.8554149129626163,5.9,7.0
1993-07-26,11.69,1.68,3.8554149129626163,5.9,7.0
1993-07-27,11.32,1.71,3.8554149129626163,5.93,7.0
1993-07-28,11.34,1.67,3.8554149129626163,5.92,7.0
1993-07-29,11.37,1.69,3.8554149129626163,5.9,7.0
1993-07-30,11.25,1.69,3.9249175073101275,5.81,7.0
1993-08-02,11.25,1.69,3.9249175073101275,5.81,7.0
1993-08-03,11.47,1.66,3.8032879672019826,5.85,7.0
1993-08-04,11.49,1.66,3.7511610214413498,5.83,7.0
1993-08-05,11.71,1.71,3.6816584270938386,5.87,6.9
1993-08-06,12.03,1.74,3.6295314813332054,5.86,6.9
1993-08-09,12.03,1.74,3.6295314813332054,5.86,6.9
1993-08-10,12.39,1.76,3.6121558327463275,5.82,6.9
1993-08-11,12.31,1.72,3.577404535572572,5.82,6.9
1993-08-12,12.07,1.65,3.6469071299200833,5.75,6.9
1993-08-13,12.38,1.71,3.560028886985694,5.77,6.9
1993-08-16,12.38,1.71,3.560028886985694,5.77,6.9
1993-08-17,12.01,1.7,3.577404535572572,5.68,6.9
1993-08-18,11.59,1.68,3.5426532383988167,5.7,6.9
1993-08-19,11.52,1.71,3.473150644051306,5.69,6.9
1993-08-20,11.63,1.71,3.4905262926381835,5.64,6.9
1993-08-23,11.63,1.71,3.4905262926381835,5.64,6.9
1993-08-24,12.15,1.63,3.560028886985694,5.6,6.9
1993-08-25,11.8,1.65,3.6121558327463275,5.54,6.9
1993-08-26,12.1,1.66,3.59478018415945,5.51,6.9
1993-08-27,12.14,1.6,3.664282778506961,5.42,6.9
1993-08-30,12.14,1.6,3.664282778506961,5.42,6.9
1993-08-31,11.74,1.58,3.6469071299200833,5.44,6.9
1993-09-01,11.85,1.57,3.59478018415945,5.45,6.9
1993-09-02,11.48,1.58,3.560028886985694,5.46,6.9
1993-09-03,11.87,1.58,3.6121558327463275,5.41,6.9
1993-09-07,11.16,1.6,3.664282778506961,5.31,6.8
1993-09-08,12.9,1.53,3.7511610214413498,5.23,6.8
1993-09-09,13.24,1.45,3.6990340756807165,5.23,6.8
1993-09-10,12.67,1.47,3.6990340756807165,5.35,6.8
1993-09-13,12.67,1.47,3.6990340756807165,5.35,6.8
1993-09-14,12.16,1.44,3.7685366700282272,5.26,6.8
1993-09-15,13.15,1.46,3.6469071299200833,5.37,6.8
1993-09-16,12.7,1.5,3.6121558327463275,5.39,6.8
1993-09-17,13.36,1.49,3.7511610214413498,5.37,6.8
1993-09-20,13.36,1.49,3.7511610214413498,5.37,6.8
1993-09-21,14.6,1.5,3.7685366700282272,5.42,6.8
1993-09-22,17.3,1.57,3.7164097242675944,5.47,6.8
1993-09-23,13.75,1.55,3.733785372854472,5.45,6.8
1993-09-24,13.36,1.55,3.7511610214413498,5.42,6.8
1993-09-27,13.36,1.55,3.7511610214413498,5.42,6.8
1993-09-28,12.49,1.49,3.8032879672019826,5.3,6.8
1993-09-29,12.19,1.49,3.820663615788861,5.28,6.8
1993-09-30,12.63,1.51,3.7685366700282272,5.35,6.8
1993-10-01,12.99,1.51,3.7511610214413498,5.4,6.8
1993-10-04,12.99,1.51,3.7511610214413498,5.4,6.8
1993-10-05,12.85,1.49,3.8032879672019826,5.34,6.8
1993-10-06,12.97,1.49,3.7685366700282272,5.35,6.7
1993-10-07,12.68,1.5,3.785912318615105,5.35,6.7
1993-10-08,13.14,1.5,3.820663615788861,5.33,6.7
1993-10-11,13.14,1.5,3.820663615788861,5.33,6.7
1993-10-12,12.26,1.48,3.8032879672019826,5.26,6.7
1993-10-13,12.41,1.45,3.7511610214413498,5.27,6.7
1993-10-14,11.38,1.43,3.785912318615105,5.27,6.7
1993-10-15,11.0,1.41,3.7685366700282272,5.23,6.7
1993-10-18,11.0,1.41,3.7685366700282272,5.23,6.7
1993-10-19,11.33,1.43,3.6816584270938386,5.27,6.7
1993-10-20,11.61,1.41,3.6816584270938386,5.27,6.7
1993-10-21,11.32,1.4,3.664282778506961,5.26,6.7
1993-10-22,11.2,1.46,3.6295314813332054,5.35,6.7
1993-10-25,11.2,1.46,3.6295314813332054,5.35,6.7
1993-10-26,11.83,1.52,3.577404535572572,5.47,6.7
1993-10-27,11.83,1.5,3.6295314813332054,5.43,6.7
1993-10-28,12.01,1.45,3.664282778506961,5.44,6.7
1993-10-29,11.88,1.44,3.7164097242675944,5.41,6.7
1993-11-01,11.88,1.44,3.7164097242675944,5.41,6.7
1993-11-02,11.78,1.45,3.5426532383988167,5.56,6.7
1993-11-03,11.74,1.47,3.5426532383988167,5.63,6.7
1993-11-04,13.26,1.54,3.577404535572572,5.67,6.7
1993-11-05,14.68,1.54,3.6990340756807165,5.67,6.8
1993-11-08,14.68,1.54,3.6990340756807165,5.67,6.8
1993-11-09,14.31,1.57,3.6816584270938386,5.7,6.8
1993-11-10,13.94,1.52,3.6990340756807165,5.64,6.8
1993-11-11,13.72,1.55,3.6469071299200833,5.72,6.8
1993-11-12,13.88,1.55,3.6469071299200833,5.72,6.8
1993-11-15,13.88,1.55,3.6469071299200833,5.72,6.8
1993-11-16,14.46,1.58,3.6990340756807165,5.69,6.8
1993-11-17,15.11,1.56,3.785912318615105,5.66,6.8
1993-11-18,15.57,1.56,3.7511610214413498,5.65,6.8
1993-11-19,14.65,1.57,3.733785372854472,5.72,6.8
1993-11-22,14.65,1.57,3.733785372854472,5.72,6.8
1993-11-23,15.9,1.63,3.560028886985694,5.89,6.8
1993-11-24,14.27,1.63,3.577404535572572,5.82,6.8
1993-11-26,13.51,1.66,3.577404535572572,5.84,6.8
1993-11-29,13.51,1.66,3.577404535572572,5.84,6.8
1993-11-30,14.12,1.59,3.560028886985694,5.76,6.8
1993-12-01,13.76,1.61,3.59478018415945,5.83,6.8
1993-12-02,13.83,1.62,3.560028886985694,5.82,6.8
1993-12-03,13.51,1.59,3.5426532383988167,5.81,6.8
1993-12-06,12.69,1.56,3.560028886985694,5.8,6.6
1993-12-07,12.84,1.53,3.577404535572572,5.72,6.6
1993-12-08,12.41,1.54,3.577404535572572,5.71,6.6
1993-12-09,12.46,1.53,3.577404535572572,5.71,6.6
1993-12-10,12.43,1.5,3.6121558327463275,5.68,6.6
1993-12-13,12.43,1.5,3.6121558327463275,5.68,6.6
1993-12-14,10.98,1.55,3.560028886985694,5.78,6.6
1993-12-15,11.13,1.57,3.560028886985694,5.82,6.6
1993-12-16,11.03,1.61,3.577404535572572,5.83,6.6
1993-12-17,10.9,1.61,3.577404535572572,5.84,6.6
1993-12-20,10.9,1.61,3.577404535572572,5.84,6.6
1993-12-21,10.75,1.61,3.577404535572572,5.83,6.6
1993-12-22,10.08,1.59,3.560028886985694,5.85,6.6
1993-12-23,9.31,1.55,3.6469071299200833,5.74,6.6
1993-12-27,9.31,1.55,3.6469071299200833,5.74,6.6
1993-12-28,9.7,1.52,3.6469071299200833,5.72,6.6
1993-12-29,9.82,1.52,3.6816584270938386,5.72,6.6
1993-12-30,10.46,1.54,3.6469071299200833,5.74,6.6
1993-12-31,10.69,1.57,3.6295314813332054,5.82,6.6
1994-01-03,10.69,1.57,3.6295314813332054,5.82,6.6
1994-01-04,12.57,1.62,3.577404535572572,5.92,6.6
1994-01-05,11.91,1.59,3.560028886985694,5.88,6.5
1994-01-06,10.94,1.59,3.5426532383988167,5.9,6.5
1994-01-07,11.27,1.6,3.560028886985694,5.84,6.5
1994-01-10,11.27,1.6,3.560028886985694,5.84,6.5
1994-01-11,10.74,1.59,3.6469071299200833,5.67,6.5
1994-01-12,11.29,1.59,3.6469071299200833,5.67,6.5
1994-01-13,11.65,1.55,3.664282778506961,5.6,6.5
1994-01-14,12.08,1.58,3.577404535572572,5.71,6.5
1994-01-17,12.08,1.58,3.577404535572572,5.71,6.5
1994-01-18,11.88,1.61,3.560028886985694,5.78,6.5
1994-01-19,11.63,1.6,3.577404535572572,5.74,6.5
1994-01-20,11.76,1.64,3.560028886985694,5.76,6.5
1994-01-21,11.16,1.64,3.59478018415945,5.71,6.5
1994-01-24,11.16,1.64,3.59478018415945,5.71,6.5
1994-01-25,11.6,1.65,3.560028886985694,5.74,6.5
1994-01-26,11.38,1.67,3.5426532383988167,5.78,6.5
1994-01-27,11.17,1.64,3.560028886985694,5.77,6.5
1994-01-28,10.3,1.62,3.5426532383988167,5.73,6.5
1994-01-31,10.3,1.62,3.5426532383988167,5.73,6.5
1994-02-01,10.63,1.58,3.4905262926381835,5.7,6.5
1994-02-02,10.65,1.57,3.473150644051306,5.77,6.5
1994-02-03,10.61,1.57,3.455774995464428,5.77,6.5
1994-02-04,10.75,1.53,3.4383993468775502,5.81,6.5
1994-02-07,10.75,1.53,3.4383993468775502,5.81,6.5
1994-02-08,13.96,1.55,3.2993941581825283,5.96,6.6
1994-02-09,13.66,1.57,3.2820185095956504,6.01,6.6
1994-02-10,13.3,1.49,3.4210236982906728,5.92,6.6
1994-02-11,14.24,1.46,3.4383993468775502,5.91,6.6
1994-02-14,14.24,1.46,3.4383993468775502,5.91,6.6
1994-02-15,14.28,1.46,3.4210236982906728,5.9,6.6
1994-02-16,13.4,1.44,3.473150644051306,5.88,6.6
1994-02-17,13.13,1.45,3.455774995464428,5.89,6.6
1994-02-18,13.79,1.5,3.386272401116917,6.0,6.6
1994-02-22,14.7,1.52,3.368896752530039,6.09,6.6
1994-02-23,13.52,1.48,3.403648049703795,6.05,6.6
1994-02-24,13.91,1.46,3.3515211039431616,6.13,6.6
1994-02-25,15.96,1.5,3.2993941581825283,6.22,6.6
1994-02-28,15.96,1.5,3.2993941581825283,6.22,6.6
1994-03-01,14.87,1.48,3.3515211039431616,6.15,6.6
1994-03-02,15.83,1.47,3.2646428610087725,6.28,6.6
1994-03-03,16.08,1.51,3.247267212421895,6.3,6.6
1994-03-04,16.36,1.52,3.247267212421895,6.35,6.6
1994-03-07,16.36,1.52,3.247267212421895,6.35,6.6
1994-03-08,14.26,1.45,3.229891563835017,6.32,6.6
1994-03-09,16.23,1.46,3.177764618074384,6.38,6.6
1994-03-10,14.41,1.42,3.1951402666612614,6.38,6.6
1994-03-11,16.55,1.52,3.177764618074384,6.48,6.6
1994-03-14,16.55,1.52,3.177764618074384,6.48,6.6
1994-03-15,16.61,1.51,3.143013320900628,6.5,6.6
1994-03-16,14.78,1.48,3.1256376723137507,6.47,6.6
1994-03-17,14.51,1.44,3.160388969487506,6.4,6.6
1994-03-18,12.76,1.46,3.143013320900628,6.4,6.6
1994-03-21,12.76,1.46,3.143013320900628,6.4,6.6
1994-03-22,14.34,1.46,3.1256376723137507,6.55,6.6
1994-03-23,13.39,1.41,3.1256376723137507,6.44,6.6
1994-03-24,12.31,1.44,3.1256376723137507,6.44,6.6
1994-03-25,13.43,1.5,3.05613507796624,6.58,6.6
1994-03-28,13.43,1.5,3.05613507796624,6.58,6.6
1994-03-29,14.9,1.51,3.038759429379362,6.63,6.6
1994-03-30,16.49,1.52,3.0040081322056067,6.71,6.6
1994-03-31,18.59,1.59,2.9518811864449734,6.78,6.6
1994-04-04,18.59,1.59,2.9518811864449734,6.78,6.6
1994-04-05,23.87,1.59,2.9171298892712176,7.16,6.5
1994-04-06,18.13,1.52,3.021383780792484,6.97,6.5
1994-04-07,17.38,1.53,3.05613507796624,6.93,6.5
1994-04-08,16.98,1.49,3.1082620237268728,6.86,6.5
1994-04-11,16.98,1.49,3.1082620237268728,6.86,6.5
1994-04-12,16.61,1.49,3.038759429379362,6.92,6.5
1994-04-13,16.42,1.47,3.038759429379362,6.87,6.5
1994-04-14,17.02,1.5,3.021383780792484,6.93,6.5
1994-04-15,16.27,1.48,2.986632483618729,6.97,6.5
1994-04-18,16.27,1.48,2.986632483618729,6.97,6.5
1994-04-19,17.22,1.44,2.8997542406843397,7.14,6.5
1994-04-20,16.93,1.4,2.8997542406843397,7.1,6.5
1994-04-21,17.01,1.38,2.9345055378580955,7.05,6.5
1994-04-22,14.93,1.32,2.969256835031851,6.91,6.5
1994-04-25,14.93,1.32,2.969256835031851,6.91,6.5
1994-04-26,14.26,1.25,2.9345055378580955,6.86,6.5
1994-04-28,13.8,1.27,2.8997542406843397,6.86,6.5
1994-04-29,14.51,1.29,2.8823785920974623,7.04,6.5
1994-05-02,14.51,1.29,2.8823785920974623,7.04,6.5
1994-05-03,14.11,1.28,2.812875997749951,7.09,6.5
1994-05-04,13.81,1.27,2.7781247005761958,7.13,6.5
1994-05-05,14.29,1.25,2.7781247005761958,7.14,6.5
1994-05-06,14.56,1.23,2.7781247005761958,7.11,6.4
1994-05-09,14.56,1.23,2.7781247005761958,7.11,6.4
1994-05-10,16.16,1.23,2.5348656203599074,7.49,6.4
1994-05-11,15.19,1.2,2.621743863294296,7.33,6.4
1994-05-12,15.55,1.2,2.725997754815562,7.4,6.4
1994-05-13,15.46,1.23,2.673870809054929,7.36,6.4
1994-05-16,15.46,1.23,2.673870809054929,7.36,6.4
1994-05-17,14.67,1.21,2.760749051989318,7.24,6.4
1994-05-18,14.08,1.15,2.7781247005761958,7.03,6.4
1994-05-19,12.55,1.2,2.812875997749951,7.03,6.4
1994-05-20,12.33,1.23,2.8823785920974623,6.96,6.4
1994-05-23,12.33,1.23,2.8823785920974623,6.96,6.4
1994-05-24,13.49,1.25,2.812875997749951,7.19,6.4
1994-05-25,12.73,1.23,2.7781247005761958,7.17,6.4
1994-05-26,12.43,1.19,2.830251646336829,7.14,6.4
1994-05-27,12.5,1.17,2.9171298892712176,7.09,6.4
1994-05-31,12.49,1.15,2.8997542406843397,7.12,6.4
1994-06-01,13.03,1.16,2.8997542406843397,7.17,6.4
1994-06-02,12.72,1.14,2.9345055378580955,7.12,6.4
1994-06-03,12.73,1.14,2.9518811864449734,7.07,6.4
1994-06-06,12.73,1.14,2.9518811864449734,7.07,6.4
1994-06-07,13.03,1.13,2.969256835031851,6.91,6.1
1994-06-08,13.05,1.15,2.9518811864449734,6.95,6.1
1994-06-09,13.32,1.18,2.986632483618729,6.96,6.1
1994-06-10,13.21,1.18,2.9345055378580955,6.98,6.1
1994-06-13,13.21,1.18,2.9345055378580955,6.98,6.1
1994-06-14,11.92,1.16,2.986632483618729,7.07,6.1
1994-06-15,11.6,1.19,2.986632483618729,7.0,6.1
1994-06-16,11.52,1.22,2.9171298892712176,7.1,6.1
1994-06-17,11.22,1.24,2.986632483618729,7.07,6.1
1994-06-20,11.22,1.24,2.986632483618729,7.07,6.1
1994-06-21,13.96,1.24,3.021383780792484,7.16,6.1
1994-06-22,14.7,1.18,2.969256835031851,7.22,6.1
1994-06-23,14.02,1.16,2.969256835031851,7.13,6.1
1994-06-24,14.12,1.16,3.0040081322056067,7.1,6.1
1994-06-27,14.12,1.16,3.0040081322056067,7.1,6.1
1994-06-28,15.53,1.13,2.969256835031851,7.18,6.1
1994-06-29,15.04,1.13,2.9345055378580955,7.26,6.1
1994-06-30,14.42,1.12,2.9518811864449734,7.24,6.1
1994-07-01,14.97,1.15,2.9171298892712176,7.34,6.1
1994-07-05,14.36,1.15,2.8997542406843397,7.34,6.1
1994-07-06,14.92,1.17,2.9345055378580955,7.31,6.1
1994-07-07,14.7,1.21,2.9518811864449734,7.32,6.1
1994-07-08,14.01,1.19,2.9345055378580955,7.3,6.1
1994-07-11,14.01,1.19,2.9345055378580955,7.3,6.1
1994-07-12,13.83,1.18,2.8650029435105844,7.47,6.1
1994-07-13,13.4,1.19,2.8823785920974623,7.43,6.1
1994-07-14,12.42,1.19,2.8823785920974623,7.41,6.1
1994-07-15,11.64,1.2,2.8997542406843397,7.25,6.1
1994-07-18,11.64,1.2,2.8997542406843397,7.25,6.1
1994-07-19,11.44,1.21,2.9171298892712176,7.2,6.1
1994-07-20,11.65,1.21,2.969256835031851,7.15,6.1
1994-07-21,11.7,1.19,2.9171298892712176,7.25,6.1
1994-07-22,11.65,1.16,2.8823785920974623,7.27,6.1
1994-07-25,11.65,1.16,2.8823785920974623,7.27,6.1
1994-07-26,11.46,1.14,2.8650029435105844,7.27,6.1
1994-07-27,11.66,1.12,2.8650029435105844,7.28,6.1
1994-07-28,11.93,1.12,2.830251646336829,7.34,6.1
1994-07-29,12.03,1.08,2.812875997749951,7.29,6.1
1994-08-01,12.03,1.08,2.812875997749951,7.29,6.1
1994-08-02,11.17,1.1,2.8823785920974623,7.13,6.1
1994-08-03,11.27,1.13,2.8650029435105844,7.11,6.1
1994-08-04,11.35,1.13,2.8997542406843397,7.09,6.1
1994-08-05,12.18,1.14,2.8650029435105844,7.12,6.1
1994-08-08,12.18,1.14,2.8650029435105844,7.12,6.1
1994-08-09,12.41,1.06,2.795500349163073,7.28,6.1
1994-08-10,12.54,1.07,2.812875997749951,7.33,6.1
1994-08-11,11.91,1.09,2.8650029435105844,7.3,6.1
1994-08-12,12.13,1.1,2.8650029435105844,7.36,6.1
1994-08-15,12.13,1.1,2.8650029435105844,7.36,6.1
1994-08-16,12.06,1.04,2.8476272949237065,7.3,6.1
1994-08-17,11.39,0.98,2.8823785920974623,7.19,6.1
1994-08-18,11.54,1.01,2.8997542406843397,7.15,6.1
1994-08-19,12.07,1.05,2.830251646336829,7.28,6.1
1994-08-22,12.07,1.05,2.830251646336829,7.28,6.1
1994-08-23,12.62,1.04,2.8997542406843397,7.31,6.1
1994-08-24,11.75,1.02,2.9171298892712176,7.28,6.1
1994-08-25,11.57,1.04,2.9345055378580955,7.22,6.1
1994-08-26,12.02,1.05,2.9171298892712176,7.29,6.1
1994-08-29,12.02,1.05,2.9171298892712176,7.29,6.1
1994-08-30,11.82,1.04,2.9518811864449734,7.24,6.1
1994-08-31,11.23,1.02,2.969256835031851,7.2,6.1
1994-09-01,11.97,1.02,2.969256835031851,7.19,6.1
1994-09-02,11.86,1.04,2.969256835031851,7.19,6.1
1994-09-06,11.4,1.04,2.986632483618729,7.21,6.0
1994-09-07,11.69,1.05,2.986632483618729,7.27,6.0
1994-09-08,11.81,1.07,2.986632483618729,7.29,6.0
1994-09-09,11.86,1.08,2.969256835031851,7.3,6.0
1994-09-12,11.86,1.08,2.969256835031851,7.3,6.0
1994-09-13,14.01,1.09,2.8997542406843397,7.46,6.0
1994-09-14,13.77,1.09,2.9518811864449734,7.44,6.0
1994-09-15,13.09,1.08,2.9171298892712176,7.41,6.0
1994-09-16,11.88,1.07,2.986632483618729,7.35,6.0
1994-09-19,11.88,1.07,2.986632483618729,7.35,6.0
1994-09-20,13.06,1.1,2.9171298892712176,7.49,6.0
1994-09-21,14.45,1.09,2.8997542406843397,7.53,6.0
1994-09-22,14.49,1.04,2.8650029435105844,7.56,6.0
1994-09-23,13.89,1.06,2.830251646336829,7.56,6.0
1994-09-26,13.89,1.06,2.830251646336829,7.56,6.0
1994-09-27,14.56,1.03,2.8476272949237065,7.57,6.0
1994-09-28,14.13,1.09,2.8650029435105844,7.61,6.0
1994-09-29,13.25,1.06,2.8997542406843397,7.57,6.0
1994-09-30,13.97,1.04,2.9171298892712176,7.64,6.0
1994-10-03,13.97,1.04,2.9171298892712176,7.64,6.0
1994-10-04,15.44,0.97,2.8823785920974623,7.66,6.0
1994-10-05,16.66,1.02,2.830251646336829,7.7,6.0
1994-10-06,15.92,1.04,2.830251646336829,7.77,5.9
1994-10-07,16.24,1.07,2.812875997749951,7.78,5.9
1994-10-10,16.24,1.07,2.812875997749951,7.78,5.9
1994-10-11,14.72,1.05,2.8997542406843397,7.7,5.9
1994-10-12,13.55,1.02,2.8476272949237065,7.65,5.9
1994-10-13,14.51,1.02,2.830251646336829,7.69,5.9
1994-10-14,14.9,1.01,2.812875997749951,7.64,5.9
1994-10-17,14.9,1.01,2.812875997749951,7.64,5.9
1994-10-18,14.76,1.01,2.8997542406843397,7.62,5.9
1994-10-19,14.59,1.03,2.8476272949237065,7.64,5.9
1994-10-20,15.13,1.02,2.8476272949237065,7.68,5.9
1994-10-21,15.99,1.03,2.795500349163073,7.8,5.9
1994-10-24,15.99,1.03,2.795500349163073,7.8,5.9
1994-10-25,16.97,1.02,2.7781247005761958,7.86,5.9
1994-10-26,16.13,1.01,2.7781247005761958,7.88,5.9
1994-10-27,15.7,0.98,2.7781247005761958,7.88,5.9
1994-10-28,15.67,0.99,2.74337340340244,7.88,5.9
1994-10-31,15.67,0.99,2.74337340340244,7.88,5.9
1994-11-01,14.56,0.97,2.7086221062286846,7.81,5.9
1994-11-02,14.84,0.98,2.7086221062286846,7.91,5.9
1994-11-03,15.34,1.0,2.639119511881174,7.96,5.9
1994-11-04,15.58,0.98,2.7086221062286846,7.96,5.9
1994-11-07,15.58,0.98,2.7086221062286846,7.96,5.9
1994-11-08,17.37,0.99,2.656495160468052,8.05,5.8
1994-11-09,16.3,0.99,2.639119511881174,8.01,5.8
1994-11-10,16.42,0.93,2.673870809054929,7.94,5.8
1994-11-11,16.0,0.92,2.6912464576418067,7.98,5.8
1994-11-14,16.0,0.92,2.6912464576418067,7.98,5.8
1994-11-15,16.68,0.88,2.6912464576418067,7.94,5.8
1994-11-16,16.66,0.82,2.604368214707418,7.92,5.8
1994-11-17,15.56,0.82,2.621743863294296,7.97,5.8
1994-11-18,15.91,0.82,2.656495160468052,8.03,5.8
1994-11-21,15.91,0.82,2.656495160468052,8.03,5.8
1994-11-22,16.13,0.73,2.604368214707418,8.03,5.8
1994-11-23,17.24,0.71,2.5696169175336627,8.0,5.8
1994-11-25,18.41,0.63,2.639119511881174,7.81,5.8
1994-11-28,18.41,0.63,2.639119511881174,7.81,5.8
1994-11-29,16.83,0.53,2.5869925661205406,7.88,5.8
1994-11-30,16.15,0.51,2.552241268946785,7.95,5.8
1994-12-01,15.95,0.51,2.5348656203599074,7.91,5.8
1994-12-02,16.69,0.5,2.552241268946785,7.92,5.8
1994-12-05,16.69,0.5,2.552241268946785,7.92,5.8
1994-12-06,16.1,0.25,2.5869925661205406,7.83,5.6
1994-12-07,16.05,0.29,2.621743863294296,7.73,5.6
1994-12-08,16.28,0.33,2.5696169175336627,7.81,5.6
1994-12-09,18.15,0.28,2.5696169175336627,7.79,5.6
1994-12-12,18.15,0.28,2.5696169175336627,7.79,5.6
1994-12-13,15.46,0.23,2.5174899717730295,7.85,5.6
1994-12-14,14.48,0.12,2.5001143231861516,7.83,5.6
1994-12-15,13.03,0.21,2.482738674599274,7.8,5.6
1994-12-16,12.87,0.25,2.552241268946785,7.79,5.6
1994-12-19,12.87,0.25,2.552241268946785,7.79,5.6
1994-12-20,13.02,0.22,2.482738674599274,7.81,5.6
1994-12-21,12.98,0.25,2.482738674599274,7.81,5.6
1994-12-22,12.05,0.22,2.482738674599274,7.8,5.6
1994-12-23,12.42,0.14,2.482738674599274,7.84,5.6
1994-12-27,11.82,0.11,2.413236080251763,7.85,5.6
1994-12-28,12.07,0.09,2.4479873774255183,7.76,5.6
1994-12-29,12.81,0.09,2.465363026012396,7.8,5.6
1994-12-30,12.86,0.13,2.5001143231861516,7.82,5.6
1995-01-03,13.2,0.15,2.5348656203599074,7.84,5.6
1995-01-04,14.25,0.15,2.5174899717730295,7.88,5.6
1995-01-05,13.53,0.2,2.5001143231861516,7.82,5.5
1995-01-06,13.5,0.22,2.482738674599274,7.88,5.5
1995-01-09,13.5,0.22,2.482738674599274,7.88,5.5
1995-01-10,13.33,0.21,2.4479873774255183,7.89,5.5
1995-01-11,12.52,0.21,2.465363026012396,7.84,5.5
1995-01-12,12.15,0.21,2.552241268946785,7.79,5.5
1995-01-13,12.83,0.24,2.5696169175336627,7.8,5.5
1995-01-16,12.83,0.24,2.5696169175336627,7.8,5.5
1995-01-17,11.14,0.3,2.621743863294296,7.69,5.5
1995-01-18,11.79,0.26,2.604368214707418,7.7,5.5
1995-01-19,11.57,0.23,2.5696169175336627,7.71,5.5
1995-01-20,11.86,0.25,2.5696169175336627,7.74,5.5
1995-01-23,11.86,0.25,2.5696169175336627,7.74,5.5
1995-01-24,12.79,0.33,2.5869925661205406,7.83,5.5
1995-01-25,11.94,0.29,2.5348656203599074,7.86,5.5
1995-01-26,11.46,0.3,2.5696169175336627,7.8,5.5
1995-01-27,11.25,0.37,2.552241268946785,7.76,5.5
1995-01-30,11.25,0.37,2.552241268946785,7.76,5.5
1995-01-31,12.26,0.42,2.552241268946785,7.65,5.5
1995-02-01,11.96,0.34,2.5869925661205406,7.6,5.5
1995-02-02,11.73,0.33,2.5001143231861516,7.66,5.5
1995-02-03,11.13,0.28,2.5174899717730295,7.68,5.5
1995-02-06,11.13,0.28,2.5174899717730295,7.68,5.5
1995-02-07,11.22,0.35,2.5696169175336627,7.53,5.6
1995-02-08,11.17,0.33,2.5696169175336627,7.52,5.6
1995-02-09,11.42,0.35,2.5869925661205406,7.53,5.6
1995-02-10,11.63,0.35,2.5348656203599074,7.58,5.6
1995-02-13,11.63,0.35,2.5348656203599074,7.58,5.6
1995-02-14,11.41,0.29,2.5696169175336627,7.61,5.6
1995-02-15,11.43,0.3,2.639119511881174,7.51,5.6
1995-02-16,11.52,0.33,2.656495160468052,7.45,5.6
1995-02-17,11.61,0.38,2.74337340340244,7.4,5.6
1995-02-21,11.71,0.36,2.7086221062286846,7.43,5.6
1995-02-22,12.05,0.35,2.725997754815562,7.44,5.6
1995-02-23,11.39,0.42,2.812875997749951,7.34,5.6
1995-02-24,11.15,0.42,2.830251646336829,7.34,5.6
1995-02-27,11.15,0.42,2.830251646336829,7.34,5.6
1995-02-28,12.51,0.45,2.9171298892712176,7.24,5.6
1995-03-01,11.75,0.43,2.9345055378580955,7.22,5.6
1995-03-02,11.65,0.42,2.8650029435105844,7.23,5.6
1995-03-03,12.02,0.42,2.830251646336829,7.3,5.6
1995-03-06,12.02,0.42,2.830251646336829,7.3,5.6
1995-03-07,12.17,0.45,2.812875997749951,7.41,5.6
1995-03-08,14.22,0.44,2.812875997749951,7.44,5.4
1995-03-09,13.72,0.43,2.7781247005761958,7.36,5.4
1995-03-10,13.36,0.47,2.8476272949237065,7.3,5.4
1995-03-13,13.36,0.47,2.8476272949237065,7.3,5.4
1995-03-14,12.15,0.43,2.8650029435105844,7.19,5.4
1995-03-15,12.1,0.4,2.8823785920974623,7.09,5.4
1995-03-16,12.42,0.38,2.9345055378580955,7.09,5.4
1995-03-17,11.95,0.37,2.9345055378580955,7.05,5.4
1995-03-20,11.95,0.37,2.9345055378580955,7.05,5.4
1995-03-21,11.34,0.43,2.9345055378580955,7.12,5.4
1995-03-22,11.53,0.45,2.9171298892712176,7.16,5.4
1995-03-23,11.29,0.46,2.9345055378580955,7.21,5.4
1995-03-24,11.43,0.46,2.8997542406843397,7.21,5.4
1995-03-27,11.43,0.46,2.8997542406843397,7.21,5.4
1995-03-28,11.83,0.43,2.9518811864449734,7.05,5.4
1995-03-29,11.33,0.43,2.8650029435105844,7.16,5.4
1995-03-30,12.51,0.43,2.8476272949237065,7.16,5.4
1995-03-31,12.62,0.42,2.8476272949237065,7.18,5.4
1995-04-03,12.62,0.42,2.8476272949237065,7.18,5.4
1995-04-04,13.5,0.39,2.8823785920974623,7.14,5.4
1995-04-05,12.62,0.41,2.8650029435105844,7.12,5.4
1995-04-06,12.96,0.42,2.8823785920974623,7.12,5.4
1995-04-07,12.81,0.43,2.9171298892712176,7.09,5.4
1995-04-10,12.81,0.43,2.9171298892712176,7.09,5.4
1995-04-11,12.79,0.46,2.9171298892712176,7.12,5.4
1995-04-12,12.73,0.44,2.9518811864449734,7.09,5.4
1995-04-13,12.04,0.45,2.969256835031851,7.06,5.4
1995-04-17,12.04,0.45,2.969256835031851,7.06,5.4
1995-04-18,12.33,0.56,2.986632483618729,7.04,5.4
1995-04-19,12.96,0.6,3.021383780792484,7.04,5.4
1995-04-20,13.09,0.55,2.9518811864449734,7.06,5.4
1995-04-21,12.1,0.59,2.969256835031851,7.02,5.4
1995-04-24,12.1,0.59,2.969256835031851,7.02,5.4
1995-04-25,11.92,0.55,2.969256835031851,7.01,5.4
1995-04-26,12.41,0.53,2.969256835031851,7.01,5.4
1995-04-27,12.28,0.51,2.969256835031851,7.01,5.4
1995-04-28,11.93,0.49,2.9345055378580955,7.04,5.4
1995-05-01,11.93,0.49,2.9345055378580955,7.04,5.4
1995-05-02,12.14,0.47,2.8476272949237065,7.09,5.4
1995-05-03,11.88,0.49,2.8650029435105844,7.04,5.4
1995-05-04,11.69,0.49,2.9171298892712176,6.96,5.4
1995-05-05,12.64,0.5,2.9345055378580955,6.85,5.4
1995-05-08,12.64,0.5,2.9345055378580955,6.85,5.4
1995-05-09,12.22,0.52,3.0040081322056067,6.7,5.8
1995-05-10,12.75,0.53,3.0735107265531174,6.61,5.8
1995-05-11,13.08,0.55,3.021383780792484,6.66,5.8
1995-05-12,12.98,0.48,3.021383780792484,6.68,5.8
1995-05-15,12.98,0.48,3.021383780792484,6.68,5.8
1995-05-16,12.38,0.46,3.021383780792484,6.62,5.8
1995-05-17,12.2,0.46,2.986632483618729,6.57,5.8
1995-05-18,12.36,0.42,3.0040081322056067,6.53,5.8
1995-05-19,13.13,0.43,2.969256835031851,6.61,5.8
1995-05-22,13.13,0.43,2.969256835031851,6.61,5.8
1995-05-23,11.68,0.44,2.9345055378580955,6.63,5.8
1995-05-24,11.55,0.42,2.986632483618729,6.57,5.8
1995-05-25,11.26,0.43,3.038759429379362,6.44,5.8
1995-05-26,11.63,0.4,3.0735107265531174,6.39,5.8
1995-05-30,12.2,0.43,3.1082620237268728,6.4,5.8
1995-05-31,12.52,0.41,3.143013320900628,6.3,5.8
1995-06-01,12.85,0.41,3.160388969487506,6.3,5.8
1995-06-02,12.21,0.49,3.247267212421895,6.2,5.8
1995-06-05,12.98,0.56,3.247267212421895,6.1,5.6
1995-06-06,13.45,0.54,3.2820185095956504,6.08,5.6
1995-06-07,13.0,0.51,3.2646428610087725,6.08,5.6
1995-06-08,12.84,0.46,3.143013320900628,6.2,5.6
1995-06-09,12.89,0.4,3.143013320900628,6.22,5.6
1995-06-12,12.89,0.4,3.143013320900628,6.22,5.6
1995-06-13,11.91,0.41,3.160388969487506,6.37,5.6
1995-06-14,11.29,0.51,3.403648049703795,6.14,5.6
1995-06-15,11.29,0.48,3.368896752530039,6.15,5.6
1995-06-16,11.23,0.45,3.368896752530039,6.18,5.6
1995-06-19,11.23,0.45,3.368896752530039,6.18,5.6
1995-06-20,11.21,0.48,3.3515211039431616,6.13,5.6
1995-06-21,11.16,0.44,3.316769806769406,6.16,5.6
1995-06-22,11.32,0.45,3.3515211039431616,6.13,5.6
1995-06-23,11.44,0.43,3.3341454553562837,6.04,5.6
1995-06-26,11.44,0.43,3.3341454553562837,6.04,5.6
1995-06-27,11.8,0.4,3.3341454553562837,6.11,5.6
1995-06-28,12.37,0.45,3.2993941581825283,6.15,5.6
1995-06-29,11.74,0.43,3.3341454553562837,6.1,5.6
1995-06-30,11.59,0.39,3.247267212421895,6.28,5.6
1995-07-03,11.59,0.39,3.247267212421895,6.28,5.6
1995-07-05,11.57,0.42,3.2993941581825283,6.21,5.6
1995-07-06,12.1,0.41,3.3341454553562837,6.19,5.6
1995-07-07,11.52,0.49,3.4383993468775502,6.05,5.6
1995-07-10,11.52,0.49,3.4383993468775502,6.05,5.6
1995-07-11,12.19,0.48,3.403648049703795,6.04,5.6
1995-07-12,12.25,0.5,3.386272401116917,6.09,5.6
1995-07-13,12.31,0.51,3.386272401116917,6.1,5.6
1995-07-14,12.56,0.48,3.368896752530039,6.09,5.6
1995-07-17,12.56,0.48,3.368896752530039,6.09,5.6
1995-07-18,12.26,0.45,3.3341454553562837,6.22,5.6
1995-07-19,12.68,0.48,3.3515211039431616,6.25,5.6
1995-07-20,13.49,0.54,3.316769806769406,6.43,5.6
1995-07-21,12.78,0.52,3.3341454553562837,6.43,5.6
1995-07-24,12.78,0.52,3.3341454553562837,6.43,5.6
1995-07-25,12.55,0.49,3.368896752530039,6.46,5.6
1995-07-26,12.77,0.49,3.2993941581825283,6.43,5.6
1995-07-27,13.18,0.51,3.247267212421895,6.48,5.6
1995-07-28,13.18,0.52,3.2646428610087725,6.43,5.6
1995-07-31,13.18,0.52,3.2646428610087725,6.43,5.6
1995-08-01,13.49,0.57,3.2646428610087725,6.45,5.6
1995-08-02,13.56,0.56,3.2820185095956504,6.5,5.6
1995-08-03,13.66,0.58,3.2646428610087725,6.44,5.6
1995-08-04,13.78,0.59,3.1951402666612614,6.53,5.6
1995-08-07,13.78,0.59,3.1951402666612614,6.53,5.6
1995-08-08,13.1,0.58,3.229891563835017,6.48,5.7
1995-08-09,13.06,0.57,3.229891563835017,6.47,5.7
1995-08-10,12.75,0.54,3.2993941581825283,6.47,5.7
1995-08-11,13.0,0.56,3.2820185095956504,6.51,5.7
1995-08-14,13.0,0.56,3.2820185095956504,6.51,5.7
1995-08-15,13.24,0.54,3.247267212421895,6.59,5.7
1995-08-16,12.35,0.46,3.229891563835017,6.57,5.7
1995-08-17,12.45,0.47,3.2125159152481393,6.54,5.7
1995-08-18,12.13,0.45,3.1951402666612614,6.57,5.7
1995-08-21,12.13,0.45,3.1951402666612614,6.57,5.7
1995-08-22,13.42,0.46,3.177764618074384,6.54,5.7
1995-08-23,12.6,0.47,3.160388969487506,6.57,5.7
1995-08-24,13.17,0.49,3.160388969487506,6.6,5.7
1995-08-25,12.94,0.5,3.2125159152481393,6.5,5.7
1995-08-28,12.94,0.5,3.2125159152481393,6.5,5.7
1995-08-29,12.48,0.49,3.2820185095956504,6.34,5.7
1995-08-30,12.65,0.43,3.2646428610087725,6.36,5.7
1995-08-31,12.03,0.45,3.2820185095956504,6.33,5.7
1995-09-01,11.52,0.43,3.2820185095956504,6.28,5.7
1995-09-05,11.29,0.44,3.3341454553562837,6.22,5.7
1995-09-06,11.65,0.41,3.316769806769406,6.18,5.7
1995-09-07,11.65,0.41,3.3515211039431616,6.17,5.7
1995-09-08,11.85,0.41,3.2993941581825283,6.21,5.7
1995-09-11,11.85,0.41,3.2993941581825283,6.21,5.7
1995-09-12,11.51,0.41,3.2646428610087725,6.24,5.7
1995-09-13,11.46,0.39,3.3341454553562837,6.16,5.7
1995-09-14,11.35,0.38,3.2993941581825283,6.18,5.7
1995-09-15,11.1,0.4,3.386272401116917,6.08,5.7
1995-09-18,11.1,0.4,3.386272401116917,6.08,5.7
1995-09-19,12.34,0.4,3.3341454553562837,6.17,5.7
1995-09-20,12.67,0.39,3.3341454553562837,6.14,5.7
1995-09-21,12.35,0.37,3.3515211039431616,6.1,5.7
1995-09-22,12.5,0.38,3.316769806769406,6.21,5.7
1995-09-25,12.5,0.38,3.316769806769406,6.21,5.7
1995-09-26,13.22,0.37,3.2125159152481393,6.26,5.7
1995-09-27,12.9,0.4,3.2125159152481393,6.28,5.7
1995-09-28,12.9,0.38,3.1951402666612614,6.3,5.7
1995-09-29,12.46,0.36,3.177764618074384,6.28,5.7
1995-10-02,12.46,0.36,3.177764618074384,6.28,5.7
1995-10-03,13.95,0.33,3.229891563835017,6.15,5.7
1995-10-04,14.5,0.33,3.247267212421895,6.13,5.7
1995-10-05,14.86,0.37,3.229891563835017,6.12,5.7
1995-10-06,15.74,0.34,3.2820185095956504,6.06,5.6
1995-10-09,15.74,0.34,3.2820185095956504,6.06,5.6
1995-10-10,14.85,0.33,3.2646428610087725,6.06,5.6
1995-10-11,14.97,0.33,3.229891563835017,6.07,5.6
1995-10-12,14.57,0.34,3.247267212421895,6.09,5.6
1995-10-13,14.24,0.35,3.229891563835017,6.07,5.6
1995-10-16,14.24,0.35,3.229891563835017,6.07,5.6
1995-10-17,14.62,0.3,3.2646428610087725,5.97,5.6
1995-10-18,14.03,0.32,3.2820185095956504,5.97,5.6
1995-10-19,14.05,0.32,3.2646428610087725,5.99,5.6
1995-10-20,13.55,0.31,3.247267212421895,5.98,5.6
1995-10-23,13.55,0.31,3.247267212421895,5.98,5.6
1995-10-24,14.17,0.31,3.2125159152481393,6.07,5.6
1995-10-25,13.85,0.34,3.229891563835017,6.02,5.6
1995-10-26,14.49,0.36,3.1951402666612614,6.0,5.6
1995-10-27,15.59,0.45,3.2125159152481393,6.06,5.6
1995-10-30,15.59,0.45,3.2125159152481393,6.06,5.6
1995-10-31,14.26,0.42,3.247267212421895,6.04,5.6
1995-11-01,13.83,0.42,3.229891563835017,6.03,5.6
1995-11-02,13.41,0.46,3.2820185095956504,5.98,5.6
1995-11-03,13.19,0.46,3.2993941581825283,5.92,5.6
1995-11-06,13.19,0.46,3.2993941581825283,5.92,5.6
1995-11-07,12.74,0.45,3.2820185095956504,5.96,5.5
1995-11-08,13.05,0.45,3.2993941581825283,5.99,5.5
1995-11-09,12.16,0.45,3.316769806769406,5.92,5.5
1995-11-10,12.46,0.48,3.2993941581825283,5.97,5.5
1995-11-13,12.46,0.48,3.2993941581825283,5.97,5.5
1995-11-14,13.2,0.49,3.247267212421895,5.98,5.5
1995-11-15,13.38,0.5,3.2646428610087725,5.97,5.5
1995-11-16,12.95,0.47,3.2820185095956504,6.0,5.5
1995-11-17,12.57,0.47,3.2993941581825283,5.93,5.5
1995-11-20,12.57,0.47,3.2993941581825283,5.93,5.5
1995-11-21,12.37,0.47,3.3341454553562837,5.93,5.5
1995-11-22,11.74,0.43,3.403648049703795,5.92,5.5
1995-11-24,11.81,0.42,3.386272401116917,5.93,5.5
1995-11-27,11.81,0.42,3.386272401116917,5.93,5.5
1995-11-28,12.43,0.42,3.3515211039431616,5.88,5.5
1995-11-29,11.57,0.43,3.368896752530039,5.88,5.5
1995-11-30,11.65,0.42,3.403648049703795,5.85,5.5
1995-12-01,11.58,0.4,3.4210236982906728,5.76,5.5
1995-12-04,11.58,0.4,3.4210236982906728,5.76,5.5
1995-12-05,10.66,0.36,3.455774995464428,5.63,5.5
1995-12-06,11.65,0.36,3.4383993468775502,5.65,5.6
1995-12-07,12.7,0.35,3.4210236982906728,5.67,5.6
1995-12-08,12.74,0.33,3.386272401116917,5.72,5.6
1995-12-11,12.74,0.33,3.386272401116917,5.72,5.6
1995-12-12,11.06,0.33,3.316769806769406,5.71,5.6
1995-12-13,10.63,0.33,3.3515211039431616,5.72,5.6
1995-12-14,10.36,0.35,3.3515211039431616,5.74,5.6
1995-12-15,11.07,0.36,3.3341454553562837,5.74,5.6
1995-12-18,11.07,0.36,3.3341454553562837,5.74,5.6
1995-12-19,14.55,0.42,3.2993941581825283,5.85,5.6
1995-12-20,13.16,0.45,3.2646428610087725,5.81,5.6
1995-12-21,12.2,0.43,3.3515211039431616,5.76,5.6
1995-12-22,10.77,0.44,3.3515211039431616,5.77,5.6
1995-12-26,11.51,0.43,3.368896752530039,5.71,5.6
1995-12-27,11.49,0.42,3.368896752530039,5.69,5.6
1995-12-28,11.98,0.43,3.368896752530039,5.66,5.6
1995-12-29,12.25,0.43,3.368896752530039,5.63,5.6
1996-01-02,12.52,0.4,3.403648049703795,5.58,5.6
1996-01-03,12.19,0.42,3.368896752530039,5.6,5.6
1996-01-04,12.1,0.41,3.386272401116917,5.58,5.6
1996-01-05,13.78,0.48,3.386272401116917,5.65,5.6
1996-01-08,13.78,0.48,3.386272401116917,5.65,5.6
1996-01-09,13.11,0.48,3.4210236982906728,5.68,5.6
1996-01-10,15.21,0.52,3.3341454553562837,5.7,5.6
1996-01-11,16.4,0.58,3.3515211039431616,5.8,5.6
1996-01-12,14.69,0.56,3.368896752530039,5.78,5.6
1996-01-15,14.69,0.56,3.368896752530039,5.78,5.6
1996-01-16,14.99,0.58,3.386272401116917,5.75,5.6
1996-01-17,14.09,0.58,3.473150644051306,5.66,5.6
1996-01-18,14.25,0.53,3.4905262926381835,5.58,5.6
1996-01-19,13.58,0.52,3.5079019412250614,5.53,5.6
1996-01-22,13.58,0.52,3.5079019412250614,5.53,5.6
1996-01-23,13.34,0.53,3.473150644051306,5.61,5.6
1996-01-24,13.56,0.57,3.4383993468775502,5.66,5.6
1996-01-25,12.54,0.55,3.455774995464428,5.62,5.6
1996-01-26,12.94,0.59,3.386272401116917,5.7,5.6
1996-01-29,12.94,0.59,3.386272401116917,5.7,5.6
1996-01-30,12.19,0.59,3.403648049703795,5.69,5.6
1996-01-31,12.42,0.61,3.4210236982906728,5.63,5.6
1996-02-01,12.53,0.67,3.4383993468775502,5.6,5.6
1996-02-02,12.65,0.7,3.455774995464428,5.63,5.6
1996-02-05,13.23,0.76,3.473150644051306,5.66,5.6
1996-02-06,13.46,0.75,3.4383993468775502,5.7,5.6
1996-02-07,14.59,0.75,3.4210236982906728,5.68,5.6
1996-02-08,14.11,0.74,3.455774995464428,5.66,5.6
1996-02-09,13.89,0.76,3.4905262926381835,5.66,5.6
1996-02-12,13.89,0.76,3.4905262926381835,5.66,5.6
1996-02-13,14.69,0.78,3.455774995464428,5.61,5.6
1996-02-14,14.94,0.78,3.473150644051306,5.58,5.6
1996-02-15,15.59,0.8,3.473150644051306,5.62,5.6
1996-02-16,16.13,0.83,3.4905262926381835,5.7,5.6
1996-02-20,15.37,0.86,3.5252775898119393,5.76,5.6
1996-02-21,16.8,0.83,3.316769806769406,6.01,5.6
1996-02-22,14.47,0.82,3.368896752530039,5.98,5.6
1996-02-23,14.56,0.81,3.455774995464428,5.92,5.6
1996-02-26,14.56,0.81,3.455774995464428,5.92,5.6
1996-02-27,16.38,0.83,3.4210236982906728,6.01,5.6
1996-02-28,16.63,0.78,3.4210236982906728,6.06,5.6
1996-02-29,16.72,0.68,3.3515211039431616,6.11,5.6
1996-03-01,17.04,0.69,3.368896752530039,6.13,5.6
1996-03-04,17.04,0.69,3.368896752530039,6.13,5.6
1996-03-05,16.67,0.71,3.5079019412250614,5.92,5.6
1996-03-06,16.1,0.68,3.4905262926381835,5.96,5.6
1996-03-07,16.56,0.69,3.455774995464428,6.05,5.5
1996-03-08,16.49,0.67,3.455774995464428,6.07,5.5
1996-03-11,16.49,0.67,3.455774995464428,6.07,5.5
1996-03-12,19.4,0.62,3.2820185095956504,6.33,5.5
1996-03-13,19.09,0.58,3.2993941581825283,6.36,5.5
1996-03-14,18.13,0.62,3.2820185095956504,6.35,5.5
1996-03-15,16.93,0.66,3.2646428610087725,6.36,5.5
1996-03-18,16.93,0.66,3.2646428610087725,6.36,5.5
1996-03-19,17.31,0.54,3.2646428610087725,6.43,5.5
1996-03-20,18.35,0.56,3.247267212421895,6.41,5.5
1996-03-21,18.66,0.58,3.3341454553562837,6.34,5.5
1996-03-22,17.74,0.56,3.368896752530039,6.28,5.5
1996-03-25,17.74,0.56,3.368896752530039,6.28,5.5
1996-03-26,17.84,0.57,3.3341454553562837,6.26,5.5
1996-03-27,17.8,0.53,3.368896752530039,6.25,5.5
1996-03-28,17.89,0.53,3.368896752530039,6.34,5.5
1996-03-29,18.16,0.53,3.3341454553562837,6.41,5.5
1996-04-01,18.16,0.53,3.3341454553562837,6.41,5.5
1996-04-02,17.9,0.52,3.386272401116917,6.31,5.5
1996-04-03,16.45,0.51,3.4210236982906728,6.25,5.5
1996-04-04,16.33,0.5,3.4210236982906728,6.27,5.5
1996-04-08,16.33,0.5,3.4210236982906728,6.27,5.5
1996-04-09,18.72,0.52,3.247267212421895,6.63,5.5
1996-04-10,17.32,0.5,3.229891563835017,6.56,5.5
1996-04-11,20.22,0.53,3.229891563835017,6.63,5.5
1996-04-12,19.65,0.56,3.160388969487506,6.68,5.5
1996-04-15,19.65,0.56,3.160388969487506,6.68,5.5
1996-04-16,16.83,0.54,3.2646428610087725,6.47,5.5
1996-04-17,16.45,0.57,3.1951402666612614,6.48,5.5
1996-04-18,17.07,0.56,3.177764618074384,6.52,5.5
1996-04-19,16.41,0.56,3.1256376723137507,6.58,5.5
1996-04-22,16.41,0.56,3.1256376723137507,6.58,5.5
1996-04-23,15.38,0.56,3.143013320900628,6.48,5.5
1996-04-24,15.01,0.59,3.1256376723137507,6.52,5.5
1996-04-25,14.91,0.62,3.0735107265531174,6.57,5.5
1996-04-26,14.72,0.57,3.0908863751399953,6.56,5.5
1996-04-29,14.72,0.57,3.0908863751399953,6.56,5.5
1996-04-30,15.45,0.61,3.0735107265531174,6.59,5.5
1996-05-01,15.83,0.63,3.0735107265531174,6.66,5.5
1996-05-02,16.07,0.65,3.0735107265531174,6.68,5.5
1996-05-03,18.62,0.69,3.021383780792484,6.85,5.5
1996-05-06,16.7,0.7,3.021383780792484,6.9,5.6
1996-05-07,16.92,0.71,3.05613507796624,6.86,5.6
1996-05-08,16.87,0.67,3.021383780792484,6.87,5.6
1996-05-09,15.78,0.63,3.05613507796624,6.78,5.6
1996-05-10,16.99,0.7,2.969256835031851,6.84,5.6
1996-05-13,16.99,0.7,2.969256835031851,6.84,5.6
1996-05-14,15.16,0.66,3.0040081322056067,6.72,5.6
1996-05-15,14.9,0.65,3.021383780792484,6.66,5.6
1996-05-16,15.59,0.64,3.021383780792484,6.65,5.6
1996-05-17,15.71,0.62,3.0040081322056067,6.7,5.6
1996-05-20,15.71,0.62,3.0040081322056067,6.7,5.6
1996-05-21,15.8,0.6,3.0040081322056067,6.62,5.6
1996-05-22,16.0,0.62,2.986632483618729,6.65,5.6
1996-05-23,15.5,0.6,2.969256835031851,6.63,5.6
1996-05-24,16.17,0.63,2.969256835031851,6.68,5.6
1996-05-28,15.54,0.62,2.986632483618729,6.65,5.6
1996-05-29,16.92,0.62,2.9518811864449734,6.67,5.6
1996-05-30,17.15,0.61,2.8823785920974623,6.77,5.6
1996-05-31,16.02,0.6,2.8650029435105844,6.78,5.6
1996-06-03,16.02,0.6,2.8650029435105844,6.78,5.6
1996-06-04,16.86,0.61,2.8476272949237065,6.87,5.6
1996-06-05,16.18,0.62,2.8650029435105844,6.86,5.6
1996-06-06,16.04,0.58,2.8997542406843397,6.82,5.6
1996-06-07,16.84,0.6,2.8650029435105844,6.76,5.6
1996-06-10,16.84,0.6,2.8650029435105844,6.76,5.6
1996-06-11,16.78,0.57,2.812875997749951,6.97,5.6
1996-06-12,16.68,0.62,2.812875997749951,6.99,5.6
1996-06-13,17.0,0.64,2.8476272949237065,7.03,5.6
1996-06-14,17.12,0.65,2.8823785920974623,7.01,5.6
1996-06-17,17.12,0.65,2.8823785920974623,7.01,5.6
1996-06-18,17.46,0.63,2.8823785920974623,6.9,5.6
1996-06-19,17.45,0.65,2.8823785920974623,6.93,5.6
1996-06-20,17.54,0.65,2.8476272949237065,6.96,5.6
1996-06-21,16.97,0.6,2.8476272949237065,6.98,5.6
1996-06-24,16.97,0.6,2.8476272949237065,6.98,5.6
1996-06-25,15.91,0.62,2.8476272949237065,6.94,5.6
1996-06-26,15.43,0.61,2.8650029435105844,6.91,5.6
1996-06-27,15.23,0.61,2.830251646336829,6.91,5.6
1996-06-28,14.19,0.62,2.8997542406843397,6.83,5.6
1996-07-01,14.19,0.62,2.8997542406843397,6.83,5.6
1996-07-02,13.78,0.59,2.8823785920974623,6.74,5.6
1996-07-03,14.19,0.58,2.812875997749951,6.8,5.6
1996-07-05,14.21,0.58,2.8650029435105844,6.78,5.6
1996-07-08,14.21,0.58,2.8650029435105844,6.78,5.6
1996-07-09,16.42,0.62,2.7781247005761958,7.05,5.3
1996-07-10,15.49,0.59,2.812875997749951,7.0,5.3
1996-07-11,15.51,0.61,2.8650029435105844,6.95,5.3
1996-07-12,17.81,0.62,2.8476272949237065,6.9,5.3
1996-07-15,17.81,0.62,2.8476272949237065,6.9,5.3
1996-07-16,20.11,0.57,2.8650029435105844,6.89,5.3
1996-07-17,20.1,0.61,2.8823785920974623,6.84,5.3
1996-07-18,19.22,0.6,2.8997542406843397,6.83,5.3
1996-07-19,17.93,0.56,2.9518811864449734,6.72,5.3
1996-07-22,17.93,0.56,2.9518811864449734,6.72,5.3
1996-07-23,20.41,0.61,2.8823785920974623,6.84,5.3
1996-07-24,21.55,0.57,2.8823785920974623,6.8,5.3
1996-07-25,21.44,0.61,2.8823785920974623,6.87,5.3
1996-07-26,19.39,0.59,2.8650029435105844,6.87,5.3
1996-07-29,19.39,0.59,2.8650029435105844,6.87,5.3
1996-07-30,20.09,0.61,2.830251646336829,6.93,5.3
1996-07-31,20.53,0.59,2.8650029435105844,6.89,5.3
1996-08-01,19.46,0.58,2.8823785920974623,6.8,5.3
1996-08-02,18.76,0.57,2.9518811864449734,6.65,5.3
1996-08-05,16.19,0.6,3.0040081322056067,6.51,5.5
1996-08-06,17.36,0.6,2.969256835031851,6.53,5.5
1996-08-07,16.93,0.61,2.9518811864449734,6.54,5.5
1996-08-08,16.24,0.58,2.9518811864449734,6.55,5.5
1996-08-09,16.04,0.59,2.969256835031851,6.56,5.5
1996-08-12,16.04,0.59,2.969256835031851,6.56,5.5
1996-08-13,15.57,0.57,2.986632483618729,6.49,5.5
1996-08-14,16.41,0.6,2.9171298892712176,6.57,5.5
1996-08-15,15.96,0.61,2.986632483618729,6.58,5.5
1996-08-16,15.46,0.62,2.9345055378580955,6.62,5.5
1996-08-19,15.46,0.62,2.9345055378580955,6.62,5.5
1996-08-20,15.27,0.62,2.9518811864449734,6.59,5.5
1996-08-21,14.73,0.62,2.969256835031851,6.59,5.5
1996-08-22,14.52,0.62,3.0040081322056067,6.61,5.5
1996-08-23,13.71,0.62,3.0040081322056067,6.62,5.5
1996-08-26,13.71,0.62,3.0040081322056067,6.62,5.5
1996-08-27,15.38,0.62,2.9171298892712176,6.8,5.5
1996-08-28,15.11,0.61,2.9345055378580955,6.78,5.5
1996-08-29,15.1,0.62,2.9345055378580955,6.79,5.5
1996-08-30,16.22,0.63,2.8823785920974623,6.86,5.5
1996-09-03,17.01,0.62,2.8476272949237065,6.96,5.5
1996-09-04,18.47,0.57,2.8476272949237065,6.92,5.5
1996-09-05,18.64,0.56,2.8823785920974623,6.94,5.1
1996-09-06,20.51,0.6,2.8476272949237065,6.98,5.1
1996-09-09,20.51,0.6,2.8476272949237065,6.98,5.1
1996-09-10,16.36,0.58,2.8997542406843397,6.9,5.1
1996-09-11,16.25,0.6,2.8997542406843397,6.94,5.1
1996-09-12,16.06,0.6,2.8997542406843397,6.94,5.1
1996-09-13,15.97,0.61,2.9171298892712176,6.88,5.1
1996-09-16,15.97,0.61,2.9171298892712176,6.88,5.1
1996-09-17,15.43,0.59,2.9518811864449734,6.73,5.1
1996-09-18,15.74,0.59,2.8997542406843397,6.81,5.1
1996-09-19,15.86,0.57,2.8997542406843397,6.83,5.1
1996-09-20,16.03,0.58,2.8650029435105844,6.87,5.1
1996-09-23,16.03,0.58,2.8650029435105844,6.87,5.1
1996-09-24,16.46,0.59,2.8997542406843397,6.83,5.1
1996-09-25,16.45,0.61,2.969256835031851,6.77,5.1
1996-09-26,16.22,0.63,2.986632483618729,6.71,5.1
1996-09-27,16.11,0.61,2.9518811864449734,6.66,5.1
1996-09-30,16.11,0.61,2.9518811864449734,6.66,5.1
1996-10-01,16.95,0.62,2.8823785920974623,6.72,5.1
1996-10-02,17.05,0.62,2.9171298892712176,6.65,5.1
1996-10-03,16.78,0.63,2.9345055378580955,6.61,5.1
1996-10-04,16.77,0.61,2.9345055378580955,6.61,5.1
1996-10-07,16.77,0.61,2.9345055378580955,6.61,5.1
1996-10-08,15.11,0.64,2.9518811864449734,6.53,5.2
1996-10-09,15.58,0.63,2.9518811864449734,6.53,5.2
1996-10-10,16.09,0.59,3.0040081322056067,6.55,5.2
1996-10-11,16.26,0.6,2.969256835031851,6.61,5.2
1996-10-14,16.26,0.6,2.969256835031851,6.61,5.2
1996-10-15,15.13,0.63,2.969256835031851,6.55,5.2
1996-10-16,15.83,0.63,2.969256835031851,6.56,5.2
1996-10-17,15.6,0.63,2.969256835031851,6.57,5.2
1996-10-18,15.41,0.62,2.986632483618729,6.51,5.2
1996-10-21,15.41,0.62,2.986632483618729,6.51,5.2
1996-10-22,15.98,0.61,2.9171298892712176,6.52,5.2
1996-10-23,16.4,0.61,2.8823785920974623,6.56,5.2
1996-10-24,16.45,0.62,2.9171298892712176,6.56,5.2
1996-10-25,16.89,0.63,2.9345055378580955,6.57,5.2
1996-10-28,16.89,0.63,2.9345055378580955,6.57,5.2
1996-10-29,18.34,0.64,2.8997542406843397,6.56,5.2
1996-10-30,18.28,0.63,2.969256835031851,6.4,5.2
1996-10-31,18.48,0.61,2.9345055378580955,6.4,5.2
1996-11-01,18.11,0.6,2.9518811864449734,6.37,5.2
1996-11-04,18.11,0.6,2.9518811864449734,6.37,5.2
1996-11-05,18.04,0.58,2.986632483618729,6.36,5.2
1996-11-06,17.65,0.54,3.038759429379362,6.28,5.2
1996-11-07,16.97,0.54,2.986632483618729,6.3,5.2
1996-11-08,17.21,0.51,2.969256835031851,6.26,5.2
1996-11-11,17.21,0.51,2.969256835031851,6.26,5.2
1996-11-12,14.04,0.53,2.9345055378580955,6.29,5.2
1996-11-13,15.36,0.46,2.986632483618729,6.19,5.2
1996-11-14,14.89,0.49,3.0040081322056067,6.2,5.2
1996-11-15,13.79,0.49,3.021383780792484,6.15,5.2
1996-11-18,13.79,0.49,3.021383780792484,6.15,5.2
1996-11-19,15.12,0.5,3.021383780792484,6.2,5.2
1996-11-20,15.23,0.49,3.021383780792484,6.17,5.2
1996-11-21,15.94,0.49,3.021383780792484,6.14,5.2
1996-11-22,15.77,0.48,2.986632483618729,6.15,5.2
1996-11-25,15.77,0.48,2.986632483618729,6.15,5.2
1996-11-26,15.91,0.46,3.0908863751399953,6.13,5.2
1996-11-27,16.97,0.47,3.1256376723137507,6.13,5.2
1996-11-29,16.96,0.48,3.1082620237268728,6.14,5.2
1996-12-02,16.96,0.48,3.1082620237268728,6.14,5.2
1996-12-03,17.93,0.47,3.143013320900628,6.08,5.2
1996-12-04,18.68,0.45,3.177764618074384,6.06,5.2
1996-12-05,17.93,0.47,3.160388969487506,6.11,5.2
1996-12-06,18.14,0.51,3.1082620237268728,6.22,5.4
1996-12-09,18.14,0.51,3.1082620237268728,6.22,5.4
1996-12-10,17.75,0.51,3.0908863751399953,6.21,5.4
1996-12-11,17.88,0.52,3.0735107265531174,6.23,5.4
1996-12-12,19.68,0.56,2.986632483618729,6.38,5.4
1996-12-13,20.45,0.56,2.986632483618729,6.4,5.4
1996-12-16,20.45,0.56,2.986632483618729,6.4,5.4
1996-12-17,21.99,0.57,3.021383780792484,6.39,5.4
1996-12-18,20.77,0.55,3.021383780792484,6.42,5.4
1996-12-19,19.42,0.57,2.986632483618729,6.46,5.4
1996-12-20,18.77,0.53,3.038759429379362,6.36,5.4
1996-12-23,18.77,0.53,3.038759429379362,6.36,5.4
1996-12-24,19.5,0.49,3.021383780792484,6.34,5.4
1996-12-26,18.68,0.51,2.969256835031851,6.36,5.4
1996-12-27,18.59,0.5,3.0040081322056067,6.35,5.4
1996-12-30,18.59,0.5,3.0040081322056067,6.35,5.4
1996-12-31,19.51,0.51,2.969256835031851,6.31,5.4
1997-01-02,20.92,0.55,2.9518811864449734,6.43,5.4
1997-01-03,21.14,0.57,2.9171298892712176,6.54,5.4
1997-01-06,21.14,0.57,2.9171298892712176,6.54,5.4
1997-01-07,19.89,0.57,2.9345055378580955,6.54,5.4
1997-01-08,19.35,0.59,2.969256835031851,6.57,5.4
1997-01-09,20.24,0.59,2.9345055378580955,6.6,5.4
1997-01-10,20.91,0.58,2.9518811864449734,6.52,5.4
1997-01-13,20.91,0.58,2.9518811864449734,6.52,5.4
1997-01-14,19.84,0.56,2.8476272949237065,6.63,5.4
1997-01-15,19.27,0.55,2.8997542406843397,6.53,5.4
1997-01-16,19.4,0.55,2.8997542406843397,6.53,5.4
1997-01-17,19.61,0.57,2.9171298892712176,6.57,5.4
1997-01-20,19.61,0.57,2.9171298892712176,6.57,5.4
1997-01-21,18.6,0.56,2.9171298892712176,6.56,5.4
1997-01-22,17.81,0.53,2.986632483618729,6.52,5.4
1997-01-23,17.09,0.56,2.9171298892712176,6.56,5.4
1997-01-24,18.47,0.54,2.8650029435105844,6.6,5.4
1997-01-27,18.47,0.54,2.8650029435105844,6.6,5.4
1997-01-28,20.16,0.58,2.8650029435105844,6.69,5.4
1997-01-29,20.74,0.6,2.8997542406843397,6.64,5.4
1997-01-30,20.23,0.59,2.8997542406843397,6.63,5.4
1997-01-31,19.47,0.6,2.8997542406843397,6.61,5.4
1997-02-03,19.47,0.6,2.8997542406843397,6.61,5.4
1997-02-04,19.58,0.58,2.8997542406843397,6.47,5.4
1997-02-05,19.43,0.57,2.8997542406843397,6.45,5.3
1997-02-06,21.06,0.56,2.8997542406843397,6.47,5.3
1997-02-07,20.16,0.58,2.8997542406843397,6.49,5.3
1997-02-10,20.16,0.58,2.8997542406843397,6.49,5.3
1997-02-11,20.65,0.56,2.9518811864449734,6.43,5.3
1997-02-12,19.97,0.55,2.8476272949237065,6.43,5.3
1997-02-13,19.48,0.49,2.9345055378580955,6.39,5.3
1997-02-14,19.23,0.49,2.9518811864449734,6.32,5.3
1997-02-18,19.18,0.49,2.9345055378580955,6.28,5.3
1997-02-19,19.7,0.48,2.9518811864449734,6.28,5.3
1997-02-20,20.61,0.48,2.969256835031851,6.3,5.3
1997-02-21,21.41,0.53,2.8997542406843397,6.38,5.3
1997-02-24,21.41,0.53,2.8997542406843397,6.38,5.3
1997-02-25,19.84,0.5,2.9518811864449734,6.39,5.3
1997-02-26,19.98,0.5,2.9518811864449734,6.4,5.3
1997-02-27,20.74,0.5,2.8823785920974623,6.56,5.3
1997-02-28,21.08,0.49,2.8823785920974623,6.58,5.3
1997-03-03,21.08,0.49,2.8823785920974623,6.58,5.3
1997-03-04,20.89,0.47,2.8997542406843397,6.58,5.3
1997-03-05,20.62,0.49,2.8823785920974623,6.6,5.3
1997-03-06,19.49,0.47,2.8650029435105844,6.6,5.3
1997-03-07,20.48,0.47,2.8997542406843397,6.62,5.3
1997-03-10,20.48,0.47,2.8997542406843397,6.62,5.3
1997-03-11,19.0,0.46,2.9345055378580955,6.56,5.2
1997-03-12,19.25,0.48,2.9518811864449734,6.57,5.2
1997-03-13,19.61,0.48,2.9171298892712176,6.6,5.2
1997-03-14,19.79,0.51,2.8823785920974623,6.72,5.2
1997-03-17,19.79,0.51,2.8823785920974623,6.72,5.2
1997-03-18,20.95,0.5,2.8476272949237065,6.72,5.2
1997-03-19,21.26,0.5,2.8476272949237065,6.72,5.2
1997-03-20,21.74,0.5,2.8997542406843397,6.74,5.2
1997-03-21,21.22,0.48,2.8650029435105844,6.75,5.2
1997-03-24,21.22,0.48,2.8650029435105844,6.75,5.2
1997-03-25,20.06,0.43,2.8476272949237065,6.72,5.2
1997-03-26,19.26,0.42,2.830251646336829,6.75,5.2
1997-03-27,18.32,0.42,2.760749051989318,6.8,5.2
1997-03-31,18.32,0.42,2.760749051989318,6.8,5.2
1997-04-01,22.14,0.47,2.7086221062286846,6.92,5.2
1997-04-02,20.84,0.48,2.725997754815562,6.9,5.2
1997-04-03,21.3,0.46,2.760749051989318,6.88,5.2
1997-04-04,21.19,0.46,2.795500349163073,6.86,5.2
1997-04-07,21.19,0.46,2.795500349163073,6.86,5.2
1997-04-08,18.51,0.46,2.830251646336829,6.87,5.2
1997-04-09,18.44,0.47,2.7781247005761958,6.91,5.2
1997-04-10,18.56,0.47,2.7781247005761958,6.91,5.2
1997-04-11,19.01,0.45,2.7781247005761958,6.91,5.2
1997-04-14,19.01,0.45,2.7781247005761958,6.91,5.2
1997-04-15,19.09,0.44,2.74337340340244,6.98,5.2
1997-04-16,18.25,0.43,2.795500349163073,6.88,5.2
1997-04-17,17.64,0.41,2.7781247005761958,6.9,5.2
1997-04-18,18.71,0.42,2.795500349163073,6.86,5.2
1997-04-21,18.71,0.42,2.795500349163073,6.86,5.2
1997-04-22,20.1,0.41,2.8476272949237065,6.87,5.2
1997-04-23,19.52,0.41,2.830251646336829,6.84,5.2
1997-04-24,20.48,0.42,2.795500349163073,6.89,5.2
1997-04-25,20.83,0.41,2.760749051989318,6.93,5.2
1997-04-28,20.83,0.41,2.760749051989318,6.93,5.2
1997-04-29,21.34,0.41,2.812875997749951,6.92,5.2
1997-04-30,19.81,0.43,2.8650029435105844,6.77,5.2
1997-05-01,20.06,0.43,2.8823785920974623,6.72,5.2
1997-05-02,19.87,0.42,2.9171298892712176,6.69,5.2
1997-05-05,19.87,0.42,2.9171298892712176,6.69,5.2
1997-05-06,20.13,0.39,2.8997542406843397,6.67,5.1
1997-05-07,20.85,0.38,2.8650029435105844,6.67,5.1
1997-05-08,21.34,0.4,2.812875997749951,6.76,5.1
1997-05-09,21.26,0.39,2.812875997749951,6.72,5.1
1997-05-12,21.26,0.39,2.812875997749951,6.72,5.1
1997-05-13,20.25,0.42,2.8997542406843397,6.65,5.1
1997-05-14,20.81,0.41,2.8476272949237065,6.71,5.1
1997-05-15,21.09,0.42,2.8650029435105844,6.68,5.1
1997-05-16,19.91,0.42,2.8476272949237065,6.67,5.1
1997-05-19,19.91,0.42,2.8476272949237065,6.67,5.1
1997-05-20,21.48,0.43,2.830251646336829,6.71,5.1
1997-05-21,19.26,0.45,2.8476272949237065,6.7,5.1
1997-05-22,19.28,0.49,2.8650029435105844,6.74,5.1
1997-05-23,18.77,0.49,2.8650029435105844,6.76,5.1
1997-05-27,18.08,0.49,2.8997542406843397,6.74,5.1
1997-05-28,19.36,0.49,2.8823785920974623,6.79,5.1
1997-05-29,19.28,0.46,2.8476272949237065,6.8,5.1
1997-05-30,19.02,0.45,2.8823785920974623,6.75,5.1
1997-06-02,19.02,0.45,2.8823785920974623,6.75,5.1
1997-06-03,20.85,0.43,2.8823785920974623,6.66,5.1
1997-06-04,20.01,0.43,2.8997542406843397,6.63,5.1
1997-06-05,20.1,0.42,2.8997542406843397,6.62,4.9
1997-06-06,20.36,0.42,2.9171298892712176,6.62,4.9
1997-06-09,20.36,0.42,2.9171298892712176,6.62,4.9
1997-06-10,19.46,0.4,2.969256835031851,6.55,4.9
1997-06-11,19.04,0.4,2.969256835031851,6.57,4.9
1997-06-12,18.85,0.37,2.9518811864449734,6.56,4.9
1997-06-13,18.51,0.41,2.9345055378580955,6.48,4.9
1997-06-16,18.51,0.41,2.9345055378580955,6.48,4.9
1997-06-17,19.77,0.38,2.969256835031851,6.4,4.9
1997-06-18,20.17,0.38,2.9518811864449734,6.43,4.9
1997-06-19,20.45,0.38,2.9518811864449734,6.4,4.9
1997-06-20,20.1,0.36,2.9518811864449734,6.4,4.9
1997-06-23,20.1,0.36,2.9518811864449734,6.4,4.9
1997-06-24,21.19,0.36,2.9518811864449734,6.4,4.9
1997-06-25,20.74,0.39,2.8997542406843397,6.42,4.9
1997-06-26,21.5,0.4,2.8997542406843397,6.45,4.9
1997-06-27,21.82,0.45,2.8823785920974623,6.5,4.9
1997-06-30,21.82,0.45,2.8823785920974623,6.5,4.9
1997-07-01,21.53,0.43,2.8823785920974623,6.51,4.9
1997-07-02,21.0,0.43,2.8997542406843397,6.45,4.9
1997-07-03,19.7,0.4,2.9171298892712176,6.42,4.9
1997-07-07,19.7,0.4,2.9171298892712176,6.42,4.9
1997-07-08,19.13,0.35,2.969256835031851,6.27,5.0
1997-07-09,18.76,0.35,2.9518811864449734,6.27,5.0
1997-07-10,20.4,0.35,2.9345055378580955,6.25,5.0
1997-07-11,19.92,0.35,2.9345055378580955,6.26,5.0
1997-07-14,19.92,0.35,2.9345055378580955,6.26,5.0
1997-07-15,19.58,0.32,2.9171298892712176,6.26,5.0
1997-07-16,19.0,0.34,2.9171298892712176,6.26,5.0
1997-07-17,19.36,0.33,2.9345055378580955,6.2,5.0
1997-07-18,20.54,0.32,2.9518811864449734,6.19,5.0
1997-07-21,20.54,0.32,2.9518811864449734,6.19,5.0
1997-07-22,23.51,0.33,2.9171298892712176,6.27,5.0
1997-07-23,21.77,0.25,2.9518811864449734,6.15,5.0
1997-07-24,21.3,0.29,2.9171298892712176,6.14,5.0
1997-07-25,20.96,0.29,2.8997542406843397,6.16,5.0
1997-07-28,20.96,0.29,2.8997542406843397,6.16,5.0
1997-07-29,21.84,0.3,2.8823785920974623,6.16,5.0
1997-07-30,22.02,0.32,2.9171298892712176,6.11,5.0
1997-07-31,21.39,0.29,2.9345055378580955,6.05,5.0
1997-08-01,21.48,0.28,2.9518811864449734,6.02,5.0
1997-08-04,21.48,0.28,2.9518811864449734,6.02,5.0
1997-08-05,21.94,0.32,2.8823785920974623,6.23,4.9
1997-08-06,20.64,0.3,2.8823785920974623,6.23,4.9
1997-08-07,20.05,0.3,2.8823785920974623,6.21,4.9
1997-08-08,19.77,0.31,2.8823785920974623,6.24,4.9
1997-08-11,19.77,0.31,2.8823785920974623,6.24,4.9
1997-08-12,22.77,0.37,2.8823785920974623,6.36,4.9
1997-08-13,23.75,0.39,2.8476272949237065,6.39,4.9
1997-08-14,24.52,0.41,2.9171298892712176,6.36,4.9
1997-08-15,23.11,0.35,3.021383780792484,6.27,4.9
1997-08-18,23.11,0.35,3.021383780792484,6.27,4.9
1997-08-19,24.37,0.39,3.1082620237268728,6.21,4.9
1997-08-20,22.64,0.36,3.0908863751399953,6.21,4.9
1997-08-21,21.09,0.36,3.038759429379362,6.24,4.9
1997-08-22,23.83,0.35,2.969256835031851,6.3,4.9
1997-08-25,23.83,0.35,2.969256835031851,6.3,4.9
1997-08-26,24.1,0.38,2.9171298892712176,6.39,4.9
1997-08-27,24.73,0.39,2.795500349163073,6.38,4.9
1997-08-28,24.26,0.37,2.7781247005761958,6.38,4.9
1997-08-29,24.51,0.36,2.8476272949237065,6.3,4.9
1997-09-02,24.76,0.37,2.7781247005761958,6.34,4.9
1997-09-03,24.53,0.37,2.812875997749951,6.31,4.9
1997-09-04,24.95,0.37,2.795500349163073,6.33,4.9
1997-09-05,25.27,0.35,2.795500349163073,6.33,4.8
1997-09-08,25.27,0.35,2.795500349163073,6.33,4.8
1997-09-09,24.4,0.35,2.830251646336829,6.33,4.8
1997-09-10,23.89,0.36,2.812875997749951,6.34,4.8
1997-09-11,24.64,0.37,2.795500349163073,6.37,4.8
1997-09-12,25.99,0.39,2.812875997749951,6.39,4.8
1997-09-15,25.99,0.39,2.812875997749951,6.39,4.8
1997-09-16,25.74,0.35,2.8650029435105844,6.28,4.8
1997-09-17,23.77,0.3,2.986632483618729,6.11,4.8
1997-09-18,24.1,0.31,2.9518811864449734,6.1,4.8
1997-09-19,23.48,0.3,2.9345055378580955,6.11,4.8
1997-09-22,23.48,0.3,2.9345055378580955,6.11,4.8
1997-09-23,22.08,0.27,2.986632483618729,6.06,4.8
1997-09-24,22.0,0.3,2.9518811864449734,6.1,4.8
1997-09-25,22.64,0.26,2.969256835031851,6.04,4.8
1997-09-26,22.96,0.28,2.9171298892712176,6.13,4.8
1997-09-29,22.96,0.28,2.9171298892712176,6.13,4.8
1997-09-30,22.23,0.3,2.9518811864449734,6.1,4.8
1997-10-01,22.91,0.32,2.9518811864449734,6.12,4.8
1997-10-02,22.32,0.29,2.969256835031851,6.04,4.8
1997-10-03,22.27,0.28,3.0040081322056067,6.01,4.8
1997-10-06,21.54,0.29,3.0040081322056067,6.01,4.9
1997-10-07,21.61,0.28,3.05613507796624,5.96,4.9
1997-10-08,20.29,0.27,3.038759429379362,5.94,4.9
1997-10-09,20.77,0.29,2.969256835031851,6.08,4.9
1997-10-10,22.31,0.29,2.9518811864449734,6.09,4.9
1997-10-13,22.31,0.29,2.9518811864449734,6.09,4.9
1997-10-14,20.26,0.29,2.8997542406843397,6.15,4.9
1997-10-15,19.99,0.26,2.969256835031851,6.07,4.9
1997-10-16,20.05,0.26,2.9518811864449734,6.1,4.9
1997-10-17,20.53,0.25,2.969256835031851,6.09,4.9
1997-10-20,20.53,0.25,2.969256835031851,6.09,4.9
1997-10-21,20.72,0.25,2.9171298892712176,6.15,4.9
1997-10-22,19.53,0.22,2.795500349163073,6.14,4.9
1997-10-23,19.86,0.21,2.830251646336829,6.12,4.9
1997-10-24,22.99,0.25,2.795500349163073,6.04,4.9
1997-10-27,22.99,0.25,2.795500349163073,6.04,4.9
1997-10-28,31.12,0.29,3.0735107265531174,5.91,4.9
1997-10-29,31.22,0.24,2.986632483618729,5.98,4.9
1997-10-30,33.75,0.24,3.038759429379362,5.91,4.9
1997-10-31,38.2,0.23,3.0735107265531174,5.84,4.9
1997-11-03,38.2,0.23,3.0735107265531174,5.84,4.9
1997-11-04,32.09,0.22,2.986632483618729,5.91,4.9
1997-11-05,32.24,0.22,2.8997542406843397,5.95,4.7
1997-11-06,32.18,0.22,2.969256835031851,5.95,4.7
1997-11-07,32.57,0.2,2.986632483618729,5.9,4.7
1997-11-10,32.57,0.2,2.986632483618729,5.9,4.7
1997-11-11,36.63,0.18,2.969256835031851,5.91,4.7
1997-11-12,36.38,0.18,2.969256835031851,5.91,4.7
1997-11-13,37.84,0.19,2.986632483618729,5.89,4.7
1997-11-14,36.64,0.17,2.969256835031851,5.87,4.7
1997-11-17,36.64,0.17,2.969256835031851,5.87,4.7
1997-11-18,31.58,0.15,2.986632483618729,5.85,4.7
1997-11-19,31.55,0.14,2.9518811864449734,5.85,4.7
1997-11-20,29.93,0.12,2.9518811864449734,5.82,4.7
1997-11-21,27.32,0.11,2.9518811864449734,5.84,4.7
1997-11-24,27.32,0.11,2.9518811864449734,5.84,4.7
1997-11-25,29.8,0.15,2.9518811864449734,5.86,4.7
1997-11-26,28.95,0.14,2.9345055378580955,5.85,4.7
1997-11-28,28.95,0.12,2.8997542406843397,5.86,4.7
1997-12-01,28.95,0.12,2.8997542406843397,5.86,4.7
1997-12-02,26.01,0.08,2.8650029435105844,5.86,4.7
1997-12-03,25.66,0.08,2.8650029435105844,5.86,4.7
1997-12-04,23.92,0.09,2.9171298892712176,5.83,4.7
1997-12-05,23.84,0.13,2.9171298892712176,5.84,4.7
1997-12-08,23.84,0.13,2.9171298892712176,5.84,4.7
1997-12-09,23.22,0.11,2.830251646336829,5.96,4.6
1997-12-10,23.36,0.14,2.8823785920974623,5.95,4.6
1997-12-11,24.55,0.15,2.9171298892712176,5.9,4.6
1997-12-12,27.63,0.14,2.9345055378580955,5.82,4.6
1997-12-15,27.63,0.14,2.9345055378580955,5.82,4.6
1997-12-16,27.37,0.1,2.9518811864449734,5.78,4.6
1997-12-17,26.11,0.09,2.9345055378580955,5.77,4.6
1997-12-18,26.33,0.11,2.9171298892712176,5.81,4.6
1997-12-19,27.19,0.08,2.9345055378580955,5.76,4.6
1997-12-22,27.19,0.08,2.9345055378580955,5.76,4.6
1997-12-23,28.56,0.03,2.9345055378580955,5.72,4.6
1997-12-24,29.86,0.04,2.9345055378580955,5.73,4.6
1997-12-26,30.27,0.09,2.8823785920974623,5.76,4.6
1997-12-29,30.27,0.09,2.8823785920974623,5.76,4.6
1997-12-30,26.79,0.07,2.9171298892712176,5.76,4.6
1997-12-31,24.38,0.09,2.9171298892712176,5.8,4.6
1998-01-02,24.01,0.09,2.9345055378580955,5.75,4.6
1998-01-05,23.42,0.08,2.9518811864449734,5.67,4.7
1998-01-06,24.36,0.05,3.05613507796624,5.52,4.7
1998-01-07,25.66,0.1,3.1082620237268728,5.49,4.7
1998-01-08,25.07,0.13,3.0908863751399953,5.55,4.7
1998-01-09,26.01,0.18,3.1256376723137507,5.49,4.7
1998-01-12,26.01,0.18,3.1256376723137507,5.49,4.7
1998-01-13,28.02,0.19,3.247267212421895,5.39,4.7
1998-01-14,25.17,0.16,3.247267212421895,5.41,4.7
1998-01-15,23.75,0.16,3.1951402666612614,5.45,4.7
1998-01-16,23.45,0.19,3.160388969487506,5.48,4.7
1998-01-20,21.65,0.19,3.177764618074384,5.54,4.7
1998-01-21,21.65,0.2,3.1256376723137507,5.57,4.7
1998-01-22,22.53,0.21,3.160388969487506,5.54,4.7
1998-01-23,23.16,0.26,3.177764618074384,5.56,4.7
1998-01-26,23.16,0.26,3.177764618074384,5.56,4.7
1998-01-27,23.97,0.24,3.143013320900628,5.63,4.7
1998-01-28,22.27,0.24,3.0908863751399953,5.7,4.7
1998-01-29,22.06,0.23,3.143013320900628,5.69,4.7
1998-01-30,21.65,0.22,3.177764618074384,5.58,4.7
1998-02-02,21.65,0.22,3.177764618074384,5.58,4.7
1998-02-03,21.36,0.21,3.1951402666612614,5.57,4.7
1998-02-04,20.67,0.22,3.2125159152481393,5.56,4.7
1998-02-05,20.55,0.25,3.1951402666612614,5.57,4.6
1998-02-06,21.29,0.26,3.1951402666612614,5.62,4.6
1998-02-09,21.29,0.26,3.1951402666612614,5.62,4.6
1998-02-10,21.55,0.24,3.2125159152481393,5.65,4.6
1998-02-11,20.66,0.23,3.177764618074384,5.64,4.6
1998-02-12,20.38,0.14,3.2646428610087725,5.53,4.6
1998-02-13,19.73,0.13,3.2820185095956504,5.52,4.6
1998-02-17,19.84,0.13,3.2646428610087725,5.49,4.6
1998-02-18,20.76,0.1,3.2820185095956504,5.44,4.6
1998-02-19,19.66,0.12,3.229891563835017,5.49,4.6
1998-02-20,19.88,0.12,3.2125159152481393,5.51,4.6
1998-02-23,19.88,0.12,3.2125159152481393,5.51,4.6
1998-02-24,18.99,0.12,3.160388969487506,5.58,4.6
1998-02-25,19.35,0.12,3.0735107265531174,5.69,4.6
1998-02-26,18.62,0.08,3.1256376723137507,5.63,4.6
1998-02-27,18.63,0.07,3.1082620237268728,5.65,4.6
1998-03-02,18.63,0.07,3.1082620237268728,5.65,4.6
1998-03-03,19.19,0.12,3.143013320900628,5.72,4.6
1998-03-04,19.04,0.13,3.1256376723137507,5.77,4.6
1998-03-05,19.58,0.13,3.1256376723137507,5.76,4.6
1998-03-06,20.93,0.16,3.143013320900628,5.78,4.6
1998-03-09,20.93,0.16,3.143013320900628,5.78,4.6
1998-03-10,20.23,0.1,3.160388969487506,5.67,4.6
1998-03-11,19.43,0.12,3.143013320900628,5.67,4.6
1998-03-12,18.89,0.1,3.2125159152481393,5.63,4.6
1998-03-13,18.25,0.06,3.2125159152481393,5.56,4.6
1998-03-16,18.25,0.06,3.2125159152481393,5.56,4.6
1998-03-17,18.51,0.07,3.229891563835017,5.54,4.6
1998-03-18,18.66,0.06,3.247267212421895,5.56,4.6
1998-03-19,18.29,0.06,3.2125159152481393,5.58,4.6
1998-03-20,17.76,0.06,3.247267212421895,5.58,4.6
1998-03-23,17.76,0.06,3.247267212421895,5.58,4.6
1998-03-24,19.98,0.05,3.229891563835017,5.57,4.6
1998-03-25,20.51,0.08,3.2125159152481393,5.58,4.6
1998-03-26,22.54,0.06,3.177764618074384,5.64,4.6
1998-03-27,22.81,0.06,3.1256376723137507,5.68,4.6
1998-03-30,22.81,0.06,3.1256376723137507,5.68,4.6
1998-03-31,24.66,0.07,3.1256376723137507,5.72,4.6
1998-04-01,24.22,0.07,3.177764618074384,5.67,4.6
1998-04-02,23.37,0.07,3.229891563835017,5.62,4.6
1998-04-03,21.98,0.04,3.247267212421895,5.56,4.6
1998-04-06,21.98,0.04,3.247267212421895,5.56,4.6
1998-04-07,22.47,0.06,3.2820185095956504,5.51,4.7
1998-04-08,23.66,0.08,3.2820185095956504,5.53,4.7
1998-04-09,23.17,0.09,3.2993941581825283,5.58,4.7
1998-04-13,23.17,0.09,3.2993941581825283,5.58,4.7
1998-04-14,22.77,0.07,3.2125159152481393,5.66,4.7
1998-04-15,21.61,0.06,3.229891563835017,5.63,4.7
1998-04-16,20.89,0.05,3.247267212421895,5.6,4.7
1998-04-17,22.06,0.06,3.229891563835017,5.59,4.7
1998-04-20,22.06,0.06,3.229891563835017,5.59,4.7
1998-04-21,20.39,0.08,3.1951402666612614,5.65,4.7
1998-04-22,19.91,0.08,3.177764618074384,5.68,4.7
1998-04-23,19.44,0.08,3.2125159152481393,5.68,4.7
1998-04-24,20.6,0.08,3.1951402666612614,5.69,4.7
1998-04-27,20.6,0.08,3.1951402666612614,5.69,4.7
1998-04-28,26.09,0.09,3.143013320900628,5.8,4.7
1998-04-29,24.17,0.11,3.1256376723137507,5.8,4.7
1998-04-30,22.78,0.1,3.1256376723137507,5.81,4.7
1998-05-01,21.18,0.09,3.160388969487506,5.68,4.7
1998-05-04,21.18,0.09,3.160388969487506,5.68,4.7
1998-05-05,20.32,0.08,3.160388969487506,5.67,4.7
1998-05-06,21.46,0.09,3.160388969487506,5.7,4.3
1998-05-07,22.79,0.11,3.160388969487506,5.67,4.3
1998-05-08,23.39,0.11,3.177764618074384,5.67,4.3
1998-05-11,23.39,0.11,3.177764618074384,5.67,4.3
1998-05-12,21.05,0.13,3.0908863751399953,5.79,4.3
1998-05-13,20.98,0.11,3.1256376723137507,5.7,4.3
1998-05-14,20.44,0.05,3.2125159152481393,5.64,4.3
1998-05-15,19.64,0.04,3.1951402666612614,5.67,4.3
1998-05-18,19.64,0.04,3.1951402666612614,5.67,4.3
1998-05-19,21.69,0.05,3.1082620237268728,5.64,4.3
1998-05-20,20.39,0.06,3.1256376723137507,5.65,4.3
1998-05-21,19.89,0.04,3.1256376723137507,5.61,4.3
1998-05-22,19.38,0.02,3.1082620237268728,5.65,4.3
1998-05-26,18.99,0.01,3.0908863751399953,5.64,4.3
1998-05-27,22.07,-0.02,3.1082620237268728,5.59,4.3
1998-05-28,22.59,0.03,3.143013320900628,5.56,4.3
1998-05-29,20.74,0.01,3.1082620237268728,5.58,4.3
1998-06-01,20.74,0.01,3.1082620237268728,5.58,4.3
1998-06-02,22.83,0.01,3.1256376723137507,5.53,4.3
1998-06-03,22.0,0.03,3.1082620237268728,5.56,4.3
1998-06-04,22.85,0.02,3.0908863751399953,5.57,4.3
1998-06-05,21.22,0.01,3.0735107265531174,5.59,4.4
1998-06-08,21.22,0.01,3.0735107265531174,5.59,4.4
1998-06-09,20.58,0.0,3.05613507796624,5.58,4.4
1998-06-10,20.52,-0.01,3.038759429379362,5.59,4.4
1998-06-11,21.48,-0.04,3.0735107265531174,5.51,4.4
1998-06-12,23.57,-0.01,3.1256376723137507,5.44,4.4
1998-06-15,23.57,-0.01,3.1256376723137507,5.44,4.4
1998-06-16,25.94,-0.05,3.160388969487506,5.38,4.4
1998-06-17,24.8,-0.05,3.1082620237268728,5.45,4.4
1998-06-18,22.89,-0.01,3.0735107265531174,5.54,4.4
1998-06-19,22.4,-0.03,3.0908863751399953,5.5,4.4
1998-06-22,22.4,-0.03,3.0908863751399953,5.5,4.4
1998-06-23,21.94,-0.06,3.1256376723137507,5.46,4.4
1998-06-24,20.17,-0.04,3.177764618074384,5.45,4.4
1998-06-25,20.02,-0.03,3.1951402666612614,5.46,4.4
1998-06-26,20.25,-0.07,3.1951402666612614,5.46,4.4
1998-06-29,20.25,-0.07,3.1951402666612614,5.46,4.4
1998-06-30,19.57,-0.04,3.160388969487506,5.47,4.4
1998-07-01,19.71,-0.05,3.177764618074384,5.44,4.4
1998-07-02,18.0,-0.02,3.177764618074384,5.44,4.4
1998-07-06,17.67,-0.02,3.177764618074384,5.42,4.5
1998-07-07,18.63,-0.04,3.1951402666612614,5.39,4.5
1998-07-08,18.62,-0.02,3.177764618074384,5.42,4.5
1998-07-09,17.82,-0.01,3.1951402666612614,5.43,4.5
1998-07-10,18.16,-0.02,3.1951402666612614,5.41,4.5
1998-07-13,18.16,-0.02,3.1951402666612614,5.41,4.5
1998-07-14,18.26,0.02,3.2125159152481393,5.46,4.5
1998-07-15,17.88,0.03,3.2125159152481393,5.49,4.5
1998-07-16,17.89,0.02,3.2125159152481393,5.48,4.5
1998-07-17,16.97,0.04,3.1951402666612614,5.5,4.5
1998-07-20,16.97,0.04,3.1951402666612614,5.5,4.5
1998-07-21,17.34,0.02,3.229891563835017,5.48,4.5
1998-07-22,20.1,-0.01,3.2125159152481393,5.45,4.5
1998-07-23,20.32,-0.02,3.2125159152481393,5.46,4.5
1998-07-24,23.01,-0.01,3.2125159152481393,5.45,4.5
1998-07-27,23.01,-0.01,3.2125159152481393,5.45,4.5
1998-07-28,23.13,-0.01,3.229891563835017,5.47,4.5
1998-07-29,25.25,0.04,3.177764618074384,5.5,4.5
1998-07-30,24.79,0.03,3.247267212421895,5.52,4.5
1998-07-31,22.66,0.01,3.247267212421895,5.5,4.5
1998-08-03,22.66,0.01,3.247267212421895,5.5,4.5
1998-08-04,25.98,0.0,3.229891563835017,5.46,4.5
1998-08-05,31.06,0.0,3.2646428610087725,5.43,4.5
1998-08-06,29.83,0.04,3.2646428610087725,5.43,4.5
1998-08-07,28.2,0.05,3.2646428610087725,5.44,4.5
1998-08-10,28.2,0.05,3.2646428610087725,5.44,4.5
1998-08-11,28.75,0.07,3.2646428610087725,5.41,4.5
1998-08-12,31.91,0.06,3.2993941581825283,5.37,4.5
1998-08-13,28.55,0.08,3.316769806769406,5.4,4.5
1998-08-14,29.92,0.07,3.2820185095956504,5.44,4.5
1998-08-17,29.92,0.07,3.2820185095956504,5.44,4.5
1998-08-18,31.86,0.06,3.2993941581825283,5.4,4.5
1998-08-19,28.4,0.05,3.2820185095956504,5.41,4.5
1998-08-20,28.69,0.08,3.2993941581825283,5.42,4.5
1998-08-21,30.0,0.06,3.2993941581825283,5.38,4.5
1998-08-24,30.0,0.06,3.2993941581825283,5.38,4.5
1998-08-25,31.8,0.08,3.4383993468775502,5.3,4.5
1998-08-26,30.33,0.07,3.577404535572572,5.25,4.5
1998-08-27,31.14,0.14,3.59478018415945,5.26,4.5
1998-08-28,38.55,0.14,3.8380392643757384,5.12,4.5
1998-08-31,38.55,0.14,3.8380392643757384,5.12,4.5
1998-09-01,44.28,0.14,3.8554149129626163,5.05,4.5
1998-09-02,36.48,0.19,3.907541858723249,5.05,4.5
1998-09-03,36.76,0.14,3.820663615788861,5.1,4.5
1998-09-04,41.43,0.12,3.890166210136372,5.03,4.5
1998-09-08,43.31,0.11,3.8727905615494937,5.02,4.5
1998-09-09,37.9,0.13,3.907541858723249,5.04,4.5
1998-09-10,39.66,0.16,3.9770444530707603,4.95,4.5
1998-09-11,45.29,0.19,4.185552236113294,4.76,4.5
1998-09-14,45.29,0.19,4.185552236113294,4.76,4.5
1998-09-15,38.57,0.15,4.168176587526416,4.87,4.5
1998-09-16,36.58,0.17,4.13342529035266,4.9,4.5
1998-09-17,35.94,0.13,4.168176587526416,4.88,4.5
1998-09-18,39.23,0.1,4.2550548304608045,4.8,4.5
1998-09-21,39.23,0.1,4.2550548304608045,4.8,4.5
1998-09-22,38.58,0.06,4.411435667742704,4.69,4.5
1998-09-23,36.62,0.07,4.359308721982071,4.73,4.5
1998-09-24,32.47,0.17,4.411435667742704,4.69,4.5
1998-09-25,34.66,0.21,4.4809382620902145,4.64,4.5
1998-09-28,34.66,0.21,4.4809382620902145,4.64,4.5
1998-09-29,34.87,0.16,4.60256780219836,4.61,4.5
1998-09-30,36.08,0.12,4.619943450785237,4.59,4.5
1998-10-01,40.95,0.14,4.741572990893381,4.44,4.5
1998-10-02,43.48,0.16,4.82845123382777,4.33,4.5
1998-10-05,43.48,0.16,4.82845123382777,4.33,4.5
1998-10-06,42.81,0.12,4.950080773935914,4.16,4.6
1998-10-07,41.2,0.14,4.8979538281752815,4.24,4.6
1998-10-08,43.51,0.22,4.82845123382777,4.34,4.6
1998-10-09,45.74,0.46,4.880578179588403,4.56,4.6
1998-10-12,45.74,0.46,4.880578179588403,4.56,4.6
1998-10-13,40.07,0.58,4.724197342306503,4.77,4.6
1998-10-14,40.23,0.6,4.758948639480259,4.73,4.6
1998-10-15,38.96,0.5,4.880578179588403,4.58,4.6
1998-10-16,33.34,0.45,4.932705125349036,4.58,4.6
1998-10-19,33.34,0.45,4.932705125349036,4.58,4.6
1998-10-20,33.13,0.57,5.036959016870304,4.47,4.6
1998-10-21,33.11,0.59,4.967456422522792,4.57,4.6
1998-10-22,33.21,0.47,4.9153294767621585,4.59,4.6
1998-10-23,31.53,0.46,4.950080773935914,4.62,4.6
1998-10-26,31.53,0.46,4.950080773935914,4.62,4.6
1998-10-27,32.38,0.5,4.741572990893381,4.73,4.6
1998-10-28,32.95,0.51,4.811075585240892,4.63,4.6
1998-10-29,32.42,0.59,4.8979538281752815,4.6,4.6
1998-10-30,29.5,0.54,4.950080773935914,4.54,4.6
1998-11-02,29.5,0.54,4.950080773935914,4.54,4.6
1998-11-03,27.26,0.51,4.811075585240892,4.77,4.6
1998-11-04,27.76,0.53,4.793699936654015,4.78,4.6
1998-11-05,27.37,0.4,4.793699936654015,4.83,4.5
1998-11-06,26.01,0.35,4.811075585240892,4.82,4.5
1998-11-09,26.01,0.35,4.811075585240892,4.82,4.5
1998-11-10,28.09,0.31,4.550440856437726,4.88,4.5
1998-11-11,28.17,0.31,4.689446045132748,4.81,4.5
1998-11-12,28.47,0.31,4.689446045132748,4.81,4.5
1998-11-13,29.28,0.3,4.724197342306503,4.77,4.5
1998-11-16,29.28,0.3,4.724197342306503,4.77,4.5
1998-11-17,28.9,0.29,4.654694747958993,4.85,4.5
1998-11-18,27.95,0.29,4.60256780219836,4.87,4.5
1998-11-19,27.13,0.22,4.619943450785237,4.85,4.5
1998-11-20,25.5,0.19,4.550440856437726,4.85,4.5
1998-11-23,25.5,0.19,4.550440856437726,4.85,4.5
1998-11-24,21.84,0.21,4.550440856437726,4.84,4.5
1998-11-25,23.28,0.21,4.51568955926397,4.85,4.5
1998-11-27,22.15,0.17,4.51568955926397,4.83,4.5
1998-11-30,22.15,0.17,4.51568955926397,4.83,4.5
1998-12-01,26.01,0.2,4.533065207850848,4.74,4.5
1998-12-02,24.97,0.23,4.637319099372115,4.67,4.5
1998-12-03,25.43,0.23,4.741572990893381,4.59,4.5
1998-12-04,28.7,0.22,4.793699936654015,4.58,4.5
1998-12-07,28.7,0.22,4.793699936654015,4.58,4.5
1998-12-08,24.9,0.15,4.67207039654587,4.69,4.4
1998-12-09,25.58,0.14,4.776324288067136,4.6,4.4
1998-12-10,25.66,0.14,4.793699936654015,4.56,4.4
1998-12-11,26.81,0.14,4.845826882414648,4.53,4.4
1998-12-14,26.81,0.14,4.845826882414648,4.53,4.4
1998-12-15,31.31,0.16,4.811075585240892,4.58,4.4
1998-12-16,29.42,0.15,4.793699936654015,4.62,4.4
1998-12-17,29.96,0.18,4.82845123382777,4.58,4.4
1998-12-18,27.96,0.16,4.82845123382777,4.58,4.4
1998-12-21,27.96,0.16,4.82845123382777,4.58,4.4
1998-12-22,23.86,0.08,4.776324288067136,4.64,4.4
1998-12-23,22.78,0.11,4.741572990893381,4.7,4.4
1998-12-24,20.21,0.08,4.637319099372115,4.81,4.4
1998-12-28,20.21,0.08,4.637319099372115,4.81,4.4
1998-12-29,23.5,0.05,4.67207039654587,4.78,4.4
1998-12-30,22.18,0.11,4.741572990893381,4.71,4.4
1998-12-31,23.34,0.09,4.811075585240892,4.65,4.4
1999-01-04,23.34,0.09,4.811075585240892,4.65,4.4
1999-01-05,26.17,0.11,4.811075585240892,4.69,4.4
1999-01-06,24.46,0.1,4.811075585240892,4.74,4.4
1999-01-07,23.34,0.11,4.776324288067136,4.73,4.4
1999-01-08,24.37,0.14,4.741572990893381,4.77,4.4
1999-01-11,24.37,0.14,4.741572990893381,4.77,4.4
1999-01-12,25.46,0.16,4.585192153611481,4.9,4.4
1999-01-13,28.1,0.14,4.67207039654587,4.82,4.4
1999-01-14,30.11,0.13,4.706821693719625,4.74,4.4
1999-01-15,32.98,0.16,4.793699936654015,4.63,4.4
1999-01-19,29.24,0.1,4.811075585240892,4.66,4.4
1999-01-20,29.24,0.09,4.724197342306503,4.71,4.4
1999-01-21,28.6,0.1,4.67207039654587,4.76,4.4
1999-01-22,30.92,0.07,4.741572990893381,4.7,4.4
1999-01-25,30.92,0.07,4.741572990893381,4.7,4.4
1999-01-26,31.13,0.08,4.758948639480259,4.67,4.4
1999-01-27,29.23,0.06,4.741572990893381,4.69,4.4
1999-01-28,29.73,0.11,4.758948639480259,4.68,4.4
1999-01-29,28.11,0.09,4.724197342306503,4.67,4.4
1999-02-01,28.11,0.09,4.724197342306503,4.67,4.4
1999-02-02,27.67,0.1,4.67207039654587,4.75,4.4
1999-02-03,28.16,0.09,4.67207039654587,4.79,4.4
1999-02-04,27.88,0.11,4.60256780219836,4.83,4.4
1999-02-05,29.48,0.12,4.585192153611481,4.89,4.3
1999-02-08,29.48,0.12,4.585192153611481,4.89,4.3
1999-02-09,30.27,0.14,4.533065207850848,4.94,4.3
1999-02-10,31.36,0.12,4.533065207850848,4.91,4.3
1999-02-11,30.45,0.13,4.550440856437726,4.9,4.3
1999-02-12,27.42,0.13,4.51568955926397,4.93,4.3
1999-02-16,29.76,0.15,4.289806127634559,5.06,4.3
1999-02-17,29.65,0.1,4.341933073395193,5.03,4.3
1999-02-18,30.65,0.09,4.394060019155827,4.98,4.3
1999-02-19,30.45,0.11,4.359308721982071,5.04,4.3
1999-02-22,30.45,0.11,4.359308721982071,5.04,4.3
1999-02-23,25.87,0.12,4.341933073395193,5.03,4.3
1999-02-24,26.49,0.1,4.289806127634559,5.1,4.3
1999-02-25,27.21,0.13,4.2550548304608045,5.18,4.3
1999-02-26,28.01,0.17,4.168176587526416,5.32,4.3
1999-03-01,28.01,0.17,4.168176587526416,5.32,4.3
1999-03-02,28.37,0.2,4.116049641765782,5.4,4.3
1999-03-03,29.22,0.17,4.150800938939538,5.35,4.3
1999-03-04,29.04,0.2,4.168176587526416,5.39,4.3
1999-03-05,26.67,0.21,4.150800938939538,5.41,4.3
1999-03-08,24.08,0.2,4.168176587526416,5.34,4.4
1999-03-09,24.54,0.17,4.220303533287049,5.29,4.4
1999-03-10,25.02,0.16,4.307181776221437,5.18,4.4
1999-03-11,24.79,0.16,4.289806127634559,5.2,4.4
1999-03-12,24.37,0.16,4.289806127634559,5.21,4.4
1999-03-15,24.37,0.16,4.289806127634559,5.21,4.4
1999-03-16,25.24,0.16,4.307181776221437,5.15,4.4
1999-03-17,25.15,0.14,4.341933073395193,5.11,4.4
1999-03-18,25.57,0.13,4.341933073395193,5.14,4.4
1999-03-19,24.13,0.12,4.376684370568948,5.11,4.4
1999-03-22,24.13,0.12,4.376684370568948,5.11,4.4
1999-03-23,25.0,0.13,4.307181776221437,5.21,4.4
1999-03-24,27.27,0.17,4.324557424808315,5.2,4.4
1999-03-25,26.6,0.19,4.324557424808315,5.17,4.4
1999-03-26,24.33,0.19,4.307181776221437,5.21,4.4
1999-03-29,24.33,0.19,4.307181776221437,5.21,4.4
1999-03-30,23.54,0.26,4.2550548304608045,5.28,4.4
1999-03-31,22.73,0.24,4.307181776221437,5.21,4.4
1999-04-01,23.26,0.26,4.289806127634559,5.25,4.4
1999-04-05,22.06,0.24,4.324557424808315,5.2,4.2
1999-04-06,22.19,0.24,4.307181776221437,5.2,4.2
1999-04-07,22.65,0.2,4.341933073395193,5.13,4.2
1999-04-08,22.81,0.21,4.324557424808315,5.14,4.2
1999-04-09,22.59,0.17,4.394060019155827,5.03,4.2
1999-04-12,22.59,0.17,4.394060019155827,5.03,4.2
1999-04-13,21.93,0.13,4.341933073395193,5.06,4.2
1999-04-14,22.73,0.18,4.289806127634559,5.12,4.2
1999-04-15,24.94,0.18,4.289806127634559,5.13,4.2
1999-04-16,23.93,0.21,4.220303533287049,5.18,4.2
1999-04-19,23.93,0.21,4.220303533287049,5.18,4.2
1999-04-20,26.42,0.19,4.2550548304608045,5.18,4.2
1999-04-21,25.02,0.21,4.2550548304608045,5.16,4.2
1999-04-22,23.31,0.18,4.2550548304608045,5.17,4.2
1999-04-23,22.62,0.2,4.220303533287049,5.25,4.2
1999-04-26,22.62,0.2,4.220303533287049,5.25,4.2
1999-04-27,23.53,0.19,4.220303533287049,5.23,4.2
1999-04-28,23.36,0.18,4.202927884700171,5.22,4.2
1999-04-29,24.4,0.25,4.150800938939538,5.27,4.2
1999-04-30,25.06,0.27,4.168176587526416,5.22,4.2
1999-05-03,25.06,0.27,4.168176587526416,5.22,4.2
1999-05-04,24.15,0.3,4.098673993178905,5.38,4.2
1999-05-05,25.62,0.3,4.116049641765782,5.42,4.2
1999-05-06,25.19,0.31,4.116049641765782,5.4,4.3
1999-05-07,27.44,0.33,4.046547047418271,5.52,4.3
1999-05-10,27.44,0.33,4.046547047418271,5.52,4.3
1999-05-11,26.62,0.39,3.9770444530707603,5.54,4.3
1999-05-12,25.62,0.4,3.959668804483883,5.59,4.3
1999-05-13,26.13,0.32,4.081298344592026,5.51,4.3
1999-05-14,25.02,0.29,4.098673993178905,5.41,4.3
1999-05-17,25.02,0.29,4.098673993178905,5.41,4.3
1999-05-18,27.28,0.35,3.907541858723249,5.66,4.3
1999-05-19,27.26,0.3,3.942293155897005,5.68,4.3
1999-05-20,25.08,0.23,3.9944201016576386,5.6,4.3
1999-05-21,24.46,0.25,4.116049641765782,5.6,4.3
1999-05-24,24.46,0.25,4.116049641765782,5.6,4.3
1999-05-25,27.62,0.22,4.220303533287049,5.5,4.3
1999-05-26,28.9,0.19,4.220303533287049,5.49,4.3
1999-05-27,27.57,0.22,4.168176587526416,5.55,4.3
1999-05-28,28.12,0.19,4.081298344592026,5.62,4.3
1999-06-01,25.39,0.22,4.063922696005149,5.64,4.3
1999-06-02,26.62,0.24,3.959668804483883,5.78,4.3
1999-06-03,26.21,0.25,3.9249175073101275,5.8,4.3
1999-06-04,26.2,0.26,3.959668804483883,5.8,4.3
1999-06-07,26.2,0.26,3.959668804483883,5.8,4.3
1999-06-08,23.78,0.25,3.9770444530707603,5.81,4.2
1999-06-09,24.02,0.26,3.9770444530707603,5.83,4.2
1999-06-10,23.9,0.26,3.9249175073101275,5.87,4.2
1999-06-11,25.32,0.26,3.907541858723249,5.92,4.2
1999-06-14,25.32,0.26,3.907541858723249,5.92,4.2
1999-06-15,26.51,0.32,3.890166210136372,5.98,4.2
1999-06-16,25.91,0.32,3.907541858723249,5.98,4.2
1999-06-17,22.4,0.33,3.942293155897005,5.94,4.2
1999-06-18,21.95,0.3,4.011795750244516,5.79,4.2
1999-06-21,21.95,0.3,4.011795750244516,5.79,4.2
1999-06-22,21.81,0.28,3.959668804483883,5.9,4.2
1999-06-23,21.7,0.29,3.959668804483883,5.94,4.2
1999-06-24,21.32,0.3,3.9249175073101275,6.0,4.2
1999-06-25,23.06,0.3,3.9249175073101275,6.05,4.2
1999-06-28,23.06,0.3,3.9249175073101275,6.05,4.2
1999-06-29,22.63,0.28,3.9770444530707603,5.96,4.2
1999-06-30,22.51,0.25,3.959668804483883,5.93,4.2
1999-07-01,21.09,0.28,4.063922696005149,5.81,4.2
1999-07-02,19.69,0.27,3.9770444530707603,5.85,4.2
1999-07-06,18.66,0.24,3.9944201016576386,5.82,4.3
1999-07-07,20.73,0.24,3.959668804483883,5.88,4.3
1999-07-08,20.35,0.28,3.890166210136372,5.92,4.3
1999-07-09,20.24,0.26,3.942293155897005,5.85,4.3
1999-07-12,20.24,0.26,3.942293155897005,5.85,4.3
1999-07-13,19.73,0.21,3.959668804483883,5.74,4.3
1999-07-14,19.95,0.21,3.9944201016576386,5.71,4.3
1999-07-15,19.71,0.19,3.9770444530707603,5.74,4.3
1999-07-16,18.68,0.19,4.011795750244516,5.72,4.3
1999-07-19,18.68,0.19,4.011795750244516,5.72,4.3
1999-07-20,19.07,0.2,4.081298344592026,5.66,4.3
1999-07-21,21.79,0.22,4.081298344592026,5.65,4.3
1999-07-22,21.46,0.21,4.168176587526416,5.66,4.3
1999-07-23,23.05,0.26,4.063922696005149,5.78,4.3
1999-07-26,23.05,0.26,4.063922696005149,5.78,4.3
1999-07-27,24.98,0.25,4.0291713988313935,5.86,4.3
1999-07-28,23.23,0.26,4.046547047418271,5.82,4.3
1999-07-29,22.85,0.27,4.063922696005149,5.81,4.3
1999-07-30,24.52,0.26,4.098673993178905,5.88,4.3
1999-08-02,24.52,0.26,4.098673993178905,5.88,4.3
1999-08-03,25.59,0.27,4.081298344592026,5.92,4.3
1999-08-04,26.27,0.3,4.081298344592026,5.95,4.3
1999-08-05,27.4,0.32,4.0291713988313935,5.96,4.3
1999-08-06,27.01,0.33,4.081298344592026,5.88,4.3
1999-08-09,27.01,0.33,4.081298344592026,5.88,4.3
1999-08-10,27.66,0.34,3.9944201016576386,6.13,4.3
1999-08-11,28.45,0.37,3.9770444530707603,6.16,4.3
1999-08-12,25.39,0.29,4.116049641765782,6.05,4.3
1999-08-13,25.03,0.3,4.13342529035266,6.08,4.3
1999-08-16,25.03,0.3,4.13342529035266,6.08,4.3
1999-08-17,23.07,0.23,4.116049641765782,5.98,4.3
1999-08-18,21.67,0.21,4.168176587526416,5.89,4.3
1999-08-19,23.3,0.22,4.168176587526416,5.88,4.3
1999-08-20,24.39,0.24,4.150800938939538,5.9,4.3
1999-08-23,24.39,0.24,4.150800938939538,5.9,4.3
1999-08-24,22.55,0.23,4.116049641765782,5.89,4.3
1999-08-25,22.4,0.2,4.185552236113294,5.85,4.3
1999-08-26,20.96,0.2,4.220303533287049,5.73,4.3
1999-08-27,21.21,0.19,4.220303533287049,5.75,4.3
1999-08-30,21.21,0.19,4.220303533287049,5.75,4.3
1999-08-31,24.63,0.22,4.150800938939538,5.95,4.3
1999-09-01,24.45,0.25,4.150800938939538,5.98,4.3
1999-09-02,22.93,0.25,4.150800938939538,5.99,4.3
1999-09-03,24.53,0.29,4.168176587526416,6.03,4.3
1999-09-07,20.98,0.25,4.237679181873927,5.89,4.2
1999-09-08,23.44,0.26,4.202927884700171,5.95,4.2
1999-09-09,23.82,0.26,4.220303533287049,5.93,4.2
1999-09-10,23.01,0.26,4.202927884700171,5.97,4.2
1999-09-13,23.01,0.26,4.202927884700171,5.97,4.2
1999-09-14,22.89,0.26,4.220303533287049,5.92,4.2
1999-09-15,23.77,0.25,4.185552236113294,5.96,4.2
1999-09-16,24.56,0.27,4.185552236113294,5.94,4.2
1999-09-17,25.25,0.27,4.202927884700171,5.9,4.2
1999-09-20,25.25,0.27,4.202927884700171,5.9,4.2
1999-09-21,24.03,0.24,4.237679181873927,5.91,4.2
1999-09-22,25.65,0.27,4.220303533287049,5.94,4.2
1999-09-23,25.19,0.25,4.237679181873927,5.92,4.2
1999-09-24,27.84,0.24,4.324557424808315,5.87,4.2
1999-09-27,27.84,0.24,4.324557424808315,5.87,4.2
1999-09-28,26.4,0.21,4.411435667742704,5.83,4.2
1999-09-29,26.06,0.24,4.359308721982071,5.89,4.2
1999-09-30,26.49,0.29,4.289806127634559,5.97,4.2
1999-10-01,25.41,0.27,4.2724304790476815,5.9,4.2
1999-10-04,25.41,0.27,4.2724304790476815,5.9,4.2
1999-10-05,24.46,0.25,4.237679181873927,5.95,4.2
1999-10-06,24.79,0.24,4.220303533287049,6.02,4.2
1999-10-07,22.06,0.23,4.168176587526416,6.04,4.2
1999-10-08,23.58,0.23,4.168176587526416,6.05,4.2
1999-10-11,23.58,0.23,4.168176587526416,6.05,4.2
1999-10-12,20.63,0.24,4.202927884700171,6.04,4.2
1999-10-13,22.84,0.25,4.237679181873927,6.07,4.2
1999-10-14,25.96,0.25,4.2550548304608045,6.12,4.2
1999-10-15,26.05,0.27,4.237679181873927,6.17,4.2
1999-10-18,26.05,0.27,4.237679181873927,6.17,4.2
1999-10-19,28.19,0.27,4.289806127634559,6.12,4.2
1999-10-20,26.56,0.26,4.185552236113294,6.18,4.2
1999-10-21,23.9,0.25,4.168176587526416,6.19,4.2
1999-10-22,24.02,0.27,4.220303533287049,6.2,4.2
1999-10-25,24.02,0.27,4.220303533287049,6.2,4.2
1999-10-26,23.6,0.24,4.185552236113294,6.22,4.2
1999-10-27,24.26,0.22,4.168176587526416,6.24,4.2
1999-10-28,24.2,0.25,4.202927884700171,6.19,4.2
1999-10-29,21.34,0.25,4.202927884700171,6.12,4.2
1999-11-01,21.34,0.25,4.202927884700171,6.12,4.2
1999-11-02,22.09,0.23,4.220303533287049,6.06,4.2
1999-11-03,23.1,0.23,4.202927884700171,6.04,4.2
1999-11-04,23.16,0.22,4.220303533287049,6.01,4.2
1999-11-05,23.0,0.21,4.237679181873927,5.95,4.1
1999-11-08,23.0,0.21,4.237679181873927,5.95,4.1
1999-11-09,21.87,0.21,4.185552236113294,5.95,4.1
1999-11-10,22.7,0.2,4.0291713988313935,5.97,4.1
1999-11-11,22.26,0.19,3.9770444530707603,6.0,4.1
1999-11-12,22.07,0.19,3.9770444530707603,6.0,4.1
1999-11-15,22.07,0.19,3.9770444530707603,6.0,4.1
1999-11-16,22.74,0.15,3.907541858723249,5.94,4.1
1999-11-17,20.73,0.12,3.820663615788861,5.97,4.1
1999-11-18,20.96,0.14,3.820663615788861,6.04,4.1
1999-11-19,19.76,0.16,3.820663615788861,6.06,4.1
1999-11-22,19.76,0.16,3.820663615788861,6.06,4.1
1999-11-23,19.98,0.14,3.8032879672019826,6.09,4.1
1999-11-24,21.0,0.15,3.820663615788861,6.08,4.1
1999-11-26,20.26,0.12,3.785912318615105,6.09,4.1
1999-11-29,20.26,0.12,3.785912318615105,6.09,4.1
1999-11-30,23.57,0.17,3.733785372854472,6.21,4.1
1999-12-01,24.18,0.17,3.733785372854472,6.18,4.1
1999-12-02,22.23,0.17,3.6990340756807165,6.21,4.1
1999-12-03,21.77,0.18,3.664282778506961,6.24,4.1
1999-12-06,19.32,0.18,3.6816584270938386,6.17,4.1
1999-12-07,20.58,0.18,3.6816584270938386,6.16,4.1
1999-12-08,21.09,0.16,3.6990340756807165,6.11,4.1
1999-12-09,21.25,0.17,3.664282778506961,6.15,4.1
1999-12-10,21.19,0.18,3.664282778506961,6.14,4.1
1999-12-13,21.19,0.18,3.664282778506961,6.14,4.1
1999-12-14,21.72,0.15,3.664282778506961,6.11,4.1
1999-12-15,23.06,0.15,3.6469071299200833,6.22,4.1
1999-12-16,22.03,0.15,3.6295314813332054,6.25,4.1
1999-12-17,21.91,0.16,3.6295314813332054,6.31,4.1
1999-12-20,21.91,0.16,3.6295314813332054,6.31,4.1
1999-12-21,23.78,0.15,3.59478018415945,6.36,4.1
1999-12-22,22.66,0.17,3.6121558327463275,6.38,4.1
1999-12-23,22.43,0.15,3.560028886985694,6.39,4.1
1999-12-27,22.43,0.15,3.560028886985694,6.39,4.1
1999-12-28,23.07,0.19,3.5079019412250614,6.4,4.1
1999-12-29,22.97,0.2,3.4905262926381835,6.43,4.1
1999-12-30,23.09,0.19,3.473150644051306,6.4,4.1
1999-12-31,24.76,0.2,3.473150644051306,6.39,4.1
2000-01-03,24.76,0.2,3.473150644051306,6.39,4.1
2000-01-04,24.21,0.2,3.2125159152481393,6.58,4.1
2000-01-05,27.01,0.19,3.2646428610087725,6.49,4.0
2000-01-06,26.41,0.24,3.177764618074384,6.62,4.0
2000-01-07,25.73,0.22,3.177764618074384,6.57,4.0
2000-01-10,25.73,0.22,3.177764618074384,6.57,4.0
2000-01-11,21.71,0.19,3.229891563835017,6.57,4.0
2000-01-12,22.5,0.22,3.2125159152481393,6.67,4.0
2000-01-13,22.84,0.23,3.1951402666612614,6.72,4.0
2000-01-14,21.71,0.23,3.316769806769406,6.63,4.0
2000-01-18,19.66,0.25,3.2820185095956504,6.69,4.0
2000-01-19,21.5,0.28,3.2646428610087725,6.75,4.0
2000-01-20,21.72,0.27,3.229891563835017,6.73,4.0
2000-01-21,21.75,0.3,3.160388969487506,6.79,4.0
2000-01-24,21.75,0.3,3.160388969487506,6.79,4.0
2000-01-25,24.07,0.26,3.177764618074384,6.69,4.0
2000-01-26,23.02,0.26,3.1082620237268728,6.7,4.0
2000-01-27,23.03,0.24,3.038759429379362,6.69,4.0
2000-01-28,23.54,0.17,2.969256835031851,6.68,4.0
2000-01-31,23.54,0.17,2.969256835031851,6.68,4.0
2000-02-01,24.95,0.07,3.1951402666612614,6.68,4.0
2000-02-02,23.45,0.02,3.143013320900628,6.62,4.0
2000-02-03,23.12,-0.03,3.0908863751399953,6.6,4.0
2000-02-04,22.01,-0.07,3.1256376723137507,6.49,4.0
2000-02-07,22.01,-0.07,3.1256376723137507,6.49,4.0
2000-02-08,22.79,-0.04,3.160388969487506,6.64,4.0
2000-02-09,21.25,-0.1,3.038759429379362,6.59,4.0
2000-02-10,22.9,-0.13,3.229891563835017,6.56,4.0
2000-02-11,23.07,0.0,3.2646428610087725,6.67,4.0
2000-02-14,23.07,0.0,3.2646428610087725,6.67,4.0
2000-02-15,24.38,-0.06,3.2993941581825283,6.56,4.0
2000-02-16,22.92,-0.1,3.3515211039431616,6.56,4.0
2000-02-17,23.51,-0.07,3.386272401116917,6.56,4.0
2000-02-18,23.17,-0.11,3.316769806769406,6.58,4.0
2000-02-22,26.0,-0.17,3.4383993468775502,6.49,4.0
2000-02-23,25.86,-0.21,3.5426532383988167,6.36,4.0
2000-02-24,23.89,-0.17,3.473150644051306,6.44,4.0
2000-02-25,24.38,-0.16,3.6469071299200833,6.36,4.0
2000-02-28,24.38,-0.16,3.6469071299200833,6.36,4.0
2000-02-29,24.68,-0.1,3.7685366700282272,6.37,4.0
2000-03-01,23.37,-0.11,3.59478018415945,6.42,4.0
2000-03-02,21.64,-0.13,3.6816584270938386,6.39,4.0
2000-03-03,21.06,-0.12,3.664282778506961,6.4,4.0
2000-03-06,21.06,-0.12,3.664282778506961,6.4,4.0
2000-03-07,21.5,-0.13,3.59478018415945,6.42,4.1
2000-03-08,24.31,-0.09,3.664282778506961,6.39,4.1
2000-03-09,23.82,-0.12,3.7164097242675944,6.38,4.1
2000-03-10,22.21,-0.13,3.8380392643757384,6.35,4.1
2000-03-13,22.21,-0.13,3.8380392643757384,6.35,4.1
2000-03-14,22.85,-0.16,4.046547047418271,6.36,4.1
2000-03-15,24.41,-0.17,4.011795750244516,6.31,4.1
2000-03-16,22.34,-0.21,4.046547047418271,6.29,4.1
2000-03-17,20.77,-0.24,4.0291713988313935,6.26,4.1
2000-03-20,20.77,-0.24,4.0291713988313935,6.26,4.1
2000-03-21,22.96,-0.34,3.9944201016576386,6.18,4.1
2000-03-22,21.7,-0.37,4.063922696005149,6.13,4.1
2000-03-23,21.49,-0.37,4.098673993178905,6.13,4.1
2000-03-24,22.26,-0.44,4.098673993178905,6.08,4.1
2000-03-27,22.26,-0.44,4.098673993178905,6.08,4.1
2000-03-28,24.53,-0.45,3.942293155897005,6.21,4.1
2000-03-29,24.86,-0.43,4.0291713988313935,6.17,4.1
2000-03-30,24.1,-0.41,4.098673993178905,6.18,4.1
2000-03-31,25.47,-0.46,4.2724304790476815,6.06,4.1
2000-04-03,25.47,-0.46,4.2724304790476815,6.06,4.1
2000-04-04,24.03,-0.45,4.2724304790476815,6.0,4.1
2000-04-05,27.12,-0.45,4.411435667742704,5.9,4.0
2000-04-06,28.41,-0.45,4.533065207850848,5.9,4.0
2000-04-07,27.15,-0.45,4.428811316329582,5.93,4.0
2000-04-10,27.15,-0.45,4.428811316329582,5.93,4.0
2000-04-11,25.99,-0.51,4.51568955926397,5.8,4.0
2000-04-12,27.25,-0.47,4.533065207850848,5.89,4.0
2000-04-13,28.98,-0.43,4.51568955926397,5.97,4.0
2000-04-14,29.4,-0.46,4.533065207850848,5.94,4.0
2000-04-17,29.4,-0.46,4.533065207850848,5.94,4.0
2000-04-18,28.95,-0.32,4.619943450785237,6.01,4.0
2000-04-19,26.12,-0.28,4.498313910677093,6.05,4.0
2000-04-20,27.02,-0.34,4.4809382620902145,5.99,4.0
2000-04-24,27.02,-0.34,4.4809382620902145,5.99,4.0
2000-04-25,27.37,-0.36,4.4809382620902145,6.0,4.0
2000-04-26,25.24,-0.34,4.376684370568948,6.14,4.0
2000-04-27,26.97,-0.36,4.394060019155827,6.14,4.0
2000-04-28,26.19,-0.4,4.341933073395193,6.23,4.0
2000-05-01,26.19,-0.4,4.341933073395193,6.23,4.0
2000-05-02,25.88,-0.44,4.2724304790476815,6.29,4.0
2000-05-03,28.5,-0.4,4.307181776221437,6.32,4.0
2000-05-04,31.63,-0.33,4.341933073395193,6.4,4.0
2000-05-05,30.77,-0.31,4.411435667742704,6.46,4.0
2000-05-08,30.77,-0.31,4.411435667742704,6.46,4.0
2000-05-09,28.2,-0.3,4.359308721982071,6.57,3.8
2000-05-10,28.93,-0.33,4.376684370568948,6.53,3.8
2000-05-11,29.87,-0.37,4.4635626135033375,6.47,3.8
2000-05-12,27.76,-0.39,4.60256780219836,6.43,3.8
2000-05-15,27.76,-0.39,4.60256780219836,6.43,3.8
2000-05-16,24.86,-0.41,4.654694747958993,6.47,3.8
2000-05-17,24.34,-0.46,4.637319099372115,6.43,3.8
2000-05-18,23.98,-0.42,4.67207039654587,6.48,3.8
2000-05-19,23.96,-0.37,4.654694747958993,6.56,3.8
2000-05-22,23.96,-0.37,4.654694747958993,6.56,3.8
2000-05-23,26.0,-0.37,4.741572990893381,6.44,3.8
2000-05-24,25.87,-0.38,4.706821693719625,6.45,3.8
2000-05-25,24.32,-0.32,4.654694747958993,6.47,3.8
2000-05-26,24.58,-0.32,4.619943450785237,6.39,3.8
2000-05-30,24.47,-0.36,4.637319099372115,6.33,3.8
2000-05-31,23.62,-0.36,4.60256780219836,6.38,3.8
2000-06-01,23.65,-0.4,4.654694747958993,6.29,3.8
2000-06-02,22.36,-0.41,4.637319099372115,6.2,3.8
2000-06-05,21.48,-0.37,4.619943450785237,6.15,4.0
2000-06-06,22.71,-0.37,4.51568955926397,6.12,4.0
2000-06-07,23.05,-0.37,4.428811316329582,6.14,4.0
2000-06-08,22.48,-0.39,4.376684370568948,6.13,4.0
2000-06-09,22.77,-0.43,4.359308721982071,6.13,4.0
2000-06-12,22.77,-0.43,4.359308721982071,6.13,4.0
2000-06-13,22.32,-0.43,4.359308721982071,6.09,4.0
2000-06-14,21.67,-0.38,4.376684370568948,6.11,4.0
2000-06-15,21.48,-0.38,4.359308721982071,6.06,4.0
2000-06-16,20.68,-0.39,4.376684370568948,6.05,4.0
2000-06-19,20.68,-0.39,4.376684370568948,6.05,4.0
2000-06-20,20.63,-0.4,4.411435667742704,6.0,4.0
2000-06-21,20.88,-0.4,4.376684370568948,6.03,4.0
2000-06-22,20.61,-0.39,4.359308721982071,6.11,4.0
2000-06-23,22.0,-0.38,4.394060019155827,6.12,4.0
2000-06-26,22.0,-0.38,4.394060019155827,6.12,4.0
2000-06-27,22.45,-0.39,4.4635626135033375,6.11,4.0
2000-06-28,21.8,-0.4,4.411435667742704,6.1,4.0
2000-06-29,20.29,-0.32,4.44618696491646,6.11,4.0
2000-06-30,19.7,-0.33,4.44618696491646,6.04,4.0
2000-07-03,19.7,-0.33,4.44618696491646,6.04,4.0
2000-07-05,19.83,-0.31,4.4635626135033375,6.0,4.0
2000-07-06,21.16,-0.3,4.44618696491646,5.99,4.0
2000-07-07,20.94,-0.29,4.411435667742704,6.05,4.0
2000-07-10,20.94,-0.29,4.411435667742704,6.05,4.0
2000-07-11,20.33,-0.27,4.341933073395193,6.04,4.0
2000-07-12,20.11,-0.26,4.324557424808315,6.06,4.0
2000-07-13,20.03,-0.25,4.2550548304608045,6.09,4.0
2000-07-14,20.03,-0.3,4.2724304790476815,6.01,4.0
2000-07-17,20.03,-0.3,4.2724304790476815,6.01,4.0
2000-07-18,19.45,-0.29,4.13342529035266,6.17,4.0
2000-07-19,19.75,-0.28,4.13342529035266,6.16,4.0
2000-07-20,19.65,-0.3,4.168176587526416,6.16,4.0
2000-07-21,18.94,-0.31,4.2550548304608045,6.01,4.0
2000-07-24,18.94,-0.31,4.2550548304608045,6.01,4.0
2000-07-25,19.92,-0.31,4.202927884700171,6.04,4.0
2000-07-26,19.39,-0.31,4.202927884700171,6.04,4.0
2000-07-27,19.67,-0.25,4.220303533287049,6.04,4.0
2000-07-28,19.6,-0.25,4.168176587526416,6.02,4.0
2000-07-31,19.6,-0.25,4.168176587526416,6.02,4.0
2000-08-01,20.74,-0.26,4.220303533287049,6.04,4.0
2000-08-02,20.55,-0.27,4.220303533287049,6.0,4.0
2000-08-03,20.0,-0.25,4.2724304790476815,5.98,4.0
2000-08-04,19.99,-0.27,4.289806127634559,5.95,4.0
2000-08-07,19.99,-0.27,4.289806127634559,5.95,4.0
2000-08-08,19.03,-0.23,4.2550548304608045,5.97,4.0
2000-08-09,18.79,-0.23,4.289806127634559,5.93,4.0
2000-08-10,19.18,-0.37,4.51568955926397,5.81,4.0
2000-08-11,19.19,-0.4,4.567816505024604,5.76,4.0
2000-08-14,19.19,-0.4,4.567816505024604,5.76,4.0
2000-08-15,17.88,-0.47,4.533065207850848,5.78,4.0
2000-08-16,17.98,-0.47,4.498313910677093,5.81,4.0
2000-08-17,18.02,-0.47,4.4809382620902145,5.83,4.0
2000-08-18,17.48,-0.49,4.550440856437726,5.81,4.0
2000-08-21,17.48,-0.49,4.550440856437726,5.81,4.0
2000-08-22,17.35,-0.49,4.567816505024604,5.79,4.0
2000-08-23,17.47,-0.49,4.637319099372115,5.78,4.0
2000-08-24,17.38,-0.47,4.67207039654587,5.73,4.0
2000-08-25,17.04,-0.46,4.60256780219836,5.73,4.0
2000-08-28,17.04,-0.46,4.60256780219836,5.73,4.0
2000-08-29,16.54,-0.45,4.60256780219836,5.78,4.0
2000-08-30,16.89,-0.45,4.60256780219836,5.81,4.0
2000-08-31,17.69,-0.43,4.60256780219836,5.81,4.0
2000-09-01,16.84,-0.45,4.637319099372115,5.73,4.0
2000-09-05,17.53,-0.41,4.689446045132748,5.68,4.1
2000-09-06,19.82,-0.4,4.67207039654587,5.69,4.1
2000-09-07,20.79,-0.39,4.689446045132748,5.72,4.1
2000-09-08,19.42,-0.38,4.637319099372115,5.76,4.1
2000-09-11,19.42,-0.38,4.637319099372115,5.76,4.1
2000-09-12,18.4,-0.35,4.654694747958993,5.77,4.1
2000-09-13,18.59,-0.34,4.724197342306503,5.78,4.1
2000-09-14,18.32,-0.35,4.758948639480259,5.74,4.1
2000-09-15,18.26,-0.32,4.758948639480259,5.79,4.1
2000-09-18,18.26,-0.32,4.758948639480259,5.79,4.1
2000-09-19,20.25,-0.16,4.811075585240892,5.88,4.1
2000-09-20,19.54,-0.19,4.741572990893381,5.86,4.1
2000-09-21,19.93,-0.2,4.706821693719625,5.91,4.1
2000-09-22,20.18,-0.23,4.706821693719625,5.88,4.1
2000-09-25,20.18,-0.23,4.706821693719625,5.88,4.1
2000-09-26,21.41,-0.27,4.67207039654587,5.84,4.1
2000-09-27,21.88,-0.26,4.654694747958993,5.81,4.1
2000-09-28,21.67,-0.17,4.689446045132748,5.83,4.1
2000-09-29,19.47,-0.2,4.619943450785237,5.82,4.1
2000-10-02,19.47,-0.2,4.619943450785237,5.82,4.1
2000-10-03,21.23,-0.15,4.758948639480259,5.83,4.1
2000-10-04,21.85,-0.13,4.689446045132748,5.87,4.1
2000-10-05,21.54,-0.13,4.637319099372115,5.9,4.1
2000-10-06,21.03,-0.15,4.654694747958993,5.87,3.9
2000-10-09,21.03,-0.15,4.654694747958993,5.87,3.9
2000-10-10,24.02,-0.16,4.67207039654587,5.82,3.9
2000-10-11,24.86,-0.18,4.689446045132748,5.8,3.9
2000-10-12,26.57,-0.16,4.811075585240892,5.77,3.9
2000-10-13,30.51,-0.13,4.863202531001526,5.73,3.9
2000-10-16,30.51,-0.13,4.863202531001526,5.73,3.9
2000-10-17,26.79,-0.15,4.845826882414648,5.74,3.9
2000-10-18,27.84,-0.15,4.863202531001526,5.68,3.9
2000-10-19,28.72,-0.16,4.932705125349036,5.66,3.9
2000-10-20,25.09,-0.2,4.8979538281752815,5.66,3.9
2000-10-23,25.09,-0.2,4.8979538281752815,5.66,3.9
2000-10-24,24.69,-0.23,4.932705125349036,5.59,3.9
2000-10-25,24.28,-0.23,4.8979538281752815,5.63,3.9
2000-10-26,26.65,-0.2,4.880578179588403,5.67,3.9
2000-10-27,28.62,-0.21,4.793699936654015,5.69,3.9
2000-10-30,28.62,-0.21,4.793699936654015,5.69,3.9
2000-10-31,25.46,-0.23,4.724197342306503,5.74,3.9
2000-11-01,23.63,-0.17,4.724197342306503,5.77,3.9
2000-11-02,24.28,-0.14,4.741572990893381,5.74,3.9
2000-11-03,23.92,-0.13,4.689446045132748,5.74,3.9
2000-11-06,23.92,-0.13,4.689446045132748,5.74,3.9
2000-11-07,24.52,-0.12,4.619943450785237,5.87,3.9
2000-11-08,24.91,-0.12,4.619943450785237,5.87,3.9
2000-11-09,25.66,-0.12,4.585192153611481,5.87,3.9
2000-11-10,27.2,-0.12,4.619943450785237,5.82,3.9
2000-11-13,27.2,-0.12,4.619943450785237,5.82,3.9
2000-11-14,29.06,-0.13,4.654694747958993,5.77,3.9
2000-11-15,26.81,-0.16,4.654694747958993,5.76,3.9
2000-11-16,26.15,-0.18,4.654694747958993,5.72,3.9
2000-11-17,25.05,-0.19,4.689446045132748,5.68,3.9
2000-11-20,25.05,-0.19,4.689446045132748,5.68,3.9
2000-11-21,27.43,-0.19,4.811075585240892,5.68,3.9
2000-11-22,26.62,-0.19,4.863202531001526,5.67,3.9
2000-11-24,27.71,-0.23,4.811075585240892,5.62,3.9
2000-11-27,27.71,-0.23,4.811075585240892,5.62,3.9
2000-11-28,26.93,-0.22,4.880578179588403,5.64,3.9
2000-11-29,27.64,-0.2,4.793699936654015,5.59,3.9
2000-11-30,27.49,-0.14,4.845826882414648,5.55,3.9
2000-12-01,29.65,-0.13,4.863202531001526,5.48,3.9
2000-12-04,29.65,-0.13,4.863202531001526,5.48,3.9
2000-12-05,27.78,-0.06,4.8979538281752815,5.53,3.9
2000-12-06,24.99,-0.06,4.950080773935914,5.43,3.9
2000-12-07,25.07,-0.1,5.019583368283425,5.32,3.9
2000-12-08,25.34,-0.13,5.002207719696548,5.32,3.9
2000-12-11,25.34,-0.13,5.002207719696548,5.32,3.9
2000-12-12,23.51,-0.15,4.98483207110967,5.37,3.9
2000-12-13,24.88,-0.18,5.002207719696548,5.36,3.9
2000-12-14,23.63,-0.16,5.036959016870304,5.29,3.9
2000-12-15,24.86,-0.2,5.089085962630937,5.23,3.9
2000-12-18,24.86,-0.2,5.089085962630937,5.23,3.9
2000-12-19,27.7,-0.16,5.158588556978447,5.17,3.9
2000-12-20,27.17,-0.16,5.158588556978447,5.19,3.9
2000-12-21,31.74,-0.16,5.262842448499714,5.08,3.9
2000-12-22,29.66,-0.11,5.29759374567347,5.03,3.9
2000-12-26,27.55,-0.08,5.314969394260347,5.02,3.9
2000-12-27,28.73,-0.06,5.29759374567347,5.04,3.9
2000-12-28,28.14,0.01,5.245466799912836,5.11,3.9
2000-12-29,26.57,-0.05,5.193339854152203,5.13,3.9
2001-01-02,26.85,0.01,5.280218097086592,5.12,3.9
2001-01-03,29.99,0.05,5.471350231542247,4.92,3.9
2001-01-04,26.6,0.22,5.193339854152203,5.14,3.9
2001-01-05,26.97,0.26,5.332345042847225,5.03,3.9
2001-01-08,26.97,0.26,5.332345042847225,5.03,3.9
2001-01-09,29.84,0.4,5.384471988607858,4.94,3.9
2001-01-10,27.99,0.34,5.3497206914341024,4.98,3.9
2001-01-11,26.8,0.34,5.193339854152203,5.1,3.9
2001-01-12,25.79,0.37,5.228091151325958,5.14,3.9
2001-01-16,24.56,0.35,5.141212908391569,5.25,3.9
2001-01-17,25.28,0.35,5.019583368283425,5.24,3.9
2001-01-18,24.93,0.35,5.002207719696548,5.19,3.9
2001-01-19,23.37,0.4,5.002207719696548,5.12,3.9
2001-01-22,23.37,0.4,5.002207719696548,5.12,3.9
2001-01-23,23.25,0.5,4.98483207110967,5.25,3.9
2001-01-24,21.57,0.48,4.9153294767621585,5.3,3.9
2001-01-25,22.03,0.52,4.811075585240892,5.33,3.9
2001-01-26,22.64,0.51,4.845826882414648,5.29,3.9
2001-01-29,22.64,0.51,4.845826882414648,5.29,3.9
2001-01-30,22.61,0.55,4.880578179588403,5.32,3.9
2001-01-31,22.57,0.54,4.880578179588403,5.24,3.9
2001-02-01,22.02,0.57,4.82845123382777,5.19,3.9
2001-02-02,21.66,0.55,4.845826882414648,5.1,3.9
2001-02-05,21.95,0.52,4.845826882414648,5.17,4.2
2001-02-06,22.19,0.5,4.776324288067136,5.18,4.2
2001-02-07,21.98,0.5,4.758948639480259,5.22,4.2
2001-02-08,21.67,0.4,5.089085962630937,5.1,4.2
2001-02-09,21.46,0.37,5.106461611217814,5.1,4.2
2001-02-12,21.46,0.37,5.106461611217814,5.1,4.2
2001-02-13,21.92,0.38,5.175964205565324,5.05,4.2
2001-02-14,21.37,0.32,5.175964205565324,5.07,4.2
2001-02-15,21.52,0.29,5.089085962630937,5.13,4.2
2001-02-16,20.27,0.3,5.089085962630937,5.19,4.2
2001-02-20,22.12,0.36,5.158588556978447,5.11,4.2
2001-02-21,24.69,0.38,5.158588556978447,5.11,4.2
2001-02-22,25.75,0.46,5.175964205565324,5.14,4.2
2001-02-23,26.76,0.52,5.21071550273908,5.15,4.2
2001-02-26,26.76,0.52,5.21071550273908,5.15,4.2
2001-02-27,25.43,0.59,5.29759374567347,5.05,4.2
2001-02-28,26.49,0.52,5.245466799912836,4.96,4.2
2001-03-01,28.35,0.51,5.280218097086592,4.92,4.2
2001-03-02,28.08,0.46,5.280218097086592,4.87,4.2
2001-03-05,28.08,0.46,5.280218097086592,4.87,4.2
2001-03-06,27.12,0.49,5.193339854152203,4.98,4.2
2001-03-07,25.89,0.5,5.228091151325958,4.99,4.2
2001-03-08,24.12,0.49,5.228091151325958,4.92,4.2
2001-03-09,24.29,0.46,5.262842448499714,4.89,4.2
2001-03-12,24.29,0.46,5.262842448499714,4.89,4.2
2001-03-13,30.32,0.46,5.245466799912836,4.92,4.2
2001-03-14,27.55,0.49,5.228091151325958,4.95,4.2
2001-03-15,29.61,0.52,5.453974582955369,4.84,4.2
2001-03-16,28.56,0.59,5.540852825889758,4.81,4.2
2001-03-19,28.56,0.59,5.540852825889758,4.81,4.2
2001-03-20,29.78,0.5,5.52347717730288,4.82,4.2
2001-03-21,30.96,0.54,5.592979771650391,4.78,4.2
2001-03-22,31.93,0.56,5.592979771650391,4.77,4.2
2001-03-23,32.84,0.56,5.610355420237268,4.73,4.2
2001-03-26,32.84,0.56,5.610355420237268,4.73,4.2
2001-03-27,29.04,0.58,5.575604123063513,4.85,4.2
2001-03-28,27.04,0.59,5.453974582955369,5.0,4.2
2001-03-29,28.58,0.67,5.540852825889758,4.97,4.2
2001-03-30,29.17,0.71,5.52347717730288,4.98,4.2
2001-04-02,29.17,0.71,5.52347717730288,4.98,4.2
2001-04-03,31.21,0.76,5.488725880129125,4.98,4.2
2001-04-04,34.72,0.79,5.540852825889758,4.94,4.2
2001-04-05,34.07,0.82,5.5582284744766355,4.94,4.3
2001-04-06,29.94,0.79,5.540852825889758,4.98,4.3
2001-04-09,29.94,0.79,5.540852825889758,4.98,4.3
2001-04-10,31.91,0.83,5.5582284744766355,4.93,4.3
2001-04-11,29.44,0.85,5.471350231542247,5.09,4.3
2001-04-12,28.46,0.83,5.419223285781613,5.12,4.3
2001-04-16,28.46,0.83,5.419223285781613,5.12,4.3
2001-04-17,26.33,0.79,5.314969394260347,5.28,4.3
2001-04-18,25.61,0.8,5.36709634002098,5.21,4.3
2001-04-19,24.13,0.88,5.401847637194736,5.14,4.3
2001-04-20,24.16,0.98,5.332345042847225,5.27,4.3
2001-04-23,24.16,0.98,5.332345042847225,5.27,4.3
2001-04-24,28.16,1.05,5.314969394260347,5.2,4.3
2001-04-25,28.49,1.06,5.228091151325958,5.22,4.3
2001-04-26,27.4,1.08,5.228091151325958,5.28,4.3
2001-04-27,25.96,1.06,5.193339854152203,5.2,4.3
2001-04-30,25.96,1.06,5.193339854152203,5.2,4.3
2001-05-01,25.48,1.05,5.019583368283425,5.35,4.3
2001-05-02,24.2,1.07,5.054334665457181,5.3,4.3
2001-05-03,24.23,1.04,4.967456422522792,5.31,4.3
2001-05-04,25.78,1.0,4.967456422522792,5.22,4.3
2001-05-07,25.78,1.0,4.967456422522792,5.22,4.3
2001-05-08,24.86,1.09,5.054334665457181,5.21,4.4
2001-05-09,24.44,1.14,5.071710314044058,5.24,4.4
2001-05-10,24.35,1.13,5.071710314044058,5.2,4.4
2001-05-11,24.0,1.14,5.036959016870304,5.31,4.4
2001-05-14,24.0,1.14,5.036959016870304,5.31,4.4
2001-05-15,24.26,1.17,4.932705125349036,5.46,4.4
2001-05-16,23.71,1.22,4.950080773935914,5.5,4.4
2001-05-17,21.89,1.23,4.8979538281752815,5.48,4.4
2001-05-18,21.47,1.13,4.811075585240892,5.46,4.4
2001-05-21,21.47,1.13,4.811075585240892,5.46,4.4
2001-05-22,20.76,1.04,4.811075585240892,5.41,4.4
2001-05-23,21.35,1.08,4.845826882414648,5.42,4.4
2001-05-24,22.08,1.12,4.950080773935914,5.41,4.4
2001-05-25,20.57,1.2,4.880578179588403,5.52,4.4
2001-05-29,20.6,1.21,4.880578179588403,5.52,4.4
2001-05-30,22.14,1.21,4.863202531001526,5.54,4.4
2001-05-31,22.76,1.2,4.845826882414648,5.54,4.4
2001-06-01,22.64,1.21,4.880578179588403,5.43,4.4
2001-06-04,22.64,1.21,4.880578179588403,5.43,4.4
2001-06-05,21.38,1.16,4.880578179588403,5.35,4.3
2001-06-06,19.58,1.17,4.8979538281752815,5.29,4.3
2001-06-07,20.39,1.15,4.950080773935914,5.27,4.3
2001-06-08,19.67,1.19,4.932705125349036,5.33,4.3
2001-06-11,19.67,1.19,4.932705125349036,5.33,4.3
2001-06-12,20.7,1.21,4.8979538281752815,5.32,4.3
2001-06-13,20.7,1.18,4.932705125349036,5.27,4.3
2001-06-14,21.45,1.2,4.9153294767621585,5.28,4.3
2001-06-15,23.12,1.22,4.9153294767621585,5.26,4.3
2001-06-18,23.12,1.22,4.9153294767621585,5.26,4.3
2001-06-19,23.17,1.29,5.019583368283425,5.27,4.3
2001-06-20,22.34,1.27,5.019583368283425,5.26,4.3
2001-06-21,21.71,1.26,5.036959016870304,5.24,4.3
2001-06-22,19.38,1.23,5.036959016870304,5.22,4.3
2001-06-25,19.38,1.23,5.036959016870304,5.22,4.3
2001-06-26,20.67,1.2,5.054334665457181,5.16,4.3
2001-06-27,21.2,1.21,5.002207719696548,5.24,4.3
2001-06-28,20.88,1.2,4.932705125349036,5.26,4.3
2001-06-29,20.01,1.13,4.8979538281752815,5.35,4.3
2001-07-02,20.01,1.13,4.8979538281752815,5.35,4.3
2001-07-03,18.76,1.16,4.9153294767621585,5.37,4.3
2001-07-05,18.92,1.17,4.9153294767621585,5.41,4.3
2001-07-06,20.09,1.2,4.9153294767621585,5.44,4.5
2001-07-09,20.09,1.2,4.9153294767621585,5.44,4.5
2001-07-10,22.48,1.22,4.950080773935914,5.37,4.5
2001-07-11,23.25,1.24,4.98483207110967,5.32,4.5
2001-07-12,24.01,1.24,5.036959016870304,5.31,4.5
2001-07-13,22.09,1.2,5.036959016870304,5.27,4.5
2001-07-16,22.09,1.2,5.036959016870304,5.27,4.5
2001-07-17,22.91,1.14,5.036959016870304,5.21,4.5
2001-07-18,22.61,1.13,5.019583368283425,5.22,4.5
2001-07-19,23.6,1.16,5.106461611217814,5.12,4.5
2001-07-20,22.51,1.15,5.106461611217814,5.13,4.5
2001-07-23,22.51,1.15,5.106461611217814,5.13,4.5
2001-07-24,23.74,1.15,5.089085962630937,5.13,4.5
2001-07-25,25.24,1.16,5.036959016870304,5.13,4.5
2001-07-26,24.0,1.22,5.036959016870304,5.2,4.5
2001-07-27,23.01,1.25,5.071710314044058,5.19,4.5
2001-07-30,23.01,1.25,5.071710314044058,5.19,4.5
2001-07-31,22.69,1.25,5.071710314044058,5.11,4.5
2001-08-01,21.62,1.28,5.106461611217814,5.07,4.5
2001-08-02,20.56,1.28,5.071710314044058,5.11,4.5
2001-08-03,20.09,1.28,5.036959016870304,5.17,4.5
2001-08-06,20.09,1.28,5.036959016870304,5.17,4.5
2001-08-07,21.89,1.31,5.054334665457181,5.19,4.6
2001-08-08,21.01,1.3,5.036959016870304,5.2,4.6
2001-08-09,22.32,1.22,5.280218097086592,4.99,4.6
2001-08-10,21.75,1.27,5.21071550273908,5.04,4.6
2001-08-13,21.75,1.27,5.21071550273908,5.04,4.6
2001-08-14,20.42,1.27,5.29759374567347,4.97,4.6
2001-08-15,20.48,1.23,5.29759374567347,4.97,4.6
2001-08-16,20.91,1.2,5.245466799912836,5.0,4.6
2001-08-17,21.54,1.2,5.29759374567347,4.95,4.6
2001-08-20,21.54,1.2,5.29759374567347,4.95,4.6
2001-08-21,22.87,1.17,5.36709634002098,4.91,4.6
2001-08-22,24.4,1.18,5.453974582955369,4.87,4.6
2001-08-23,22.44,1.15,5.384471988607858,4.91,4.6
2001-08-24,22.23,1.17,5.3497206914341024,4.89,4.6
2001-08-27,22.23,1.17,5.3497206914341024,4.89,4.6
2001-08-28,20.56,1.16,5.332345042847225,4.94,4.6
2001-08-29,22.0,1.14,5.401847637194736,4.85,4.6
2001-08-30,23.03,1.11,5.436598934368492,4.78,4.6
2001-08-31,25.41,1.18,5.436598934368492,4.79,4.6
2001-09-04,24.92,1.21,5.314969394260347,4.85,4.6
2001-09-05,25.85,1.16,5.280218097086592,4.99,4.9
2001-09-06,26.35,1.18,5.314969394260347,4.97,4.9
2001-09-07,28.61,1.21,5.384471988607858,4.86,4.9
2001-09-10,28.61,1.21,5.384471988607858,4.86,4.9
2001-09-14,31.84,1.65,5.7667362575191685,4.64,4.9
2001-09-17,31.84,1.65,5.7667362575191685,4.64,4.9
2001-09-18,41.76,1.67,6.270630066538624,4.63,4.9
2001-09-19,38.87,1.76,6.322757012299257,4.72,4.9
2001-09-20,40.56,1.88,6.392259606646768,4.69,4.9
2001-09-21,43.74,1.84,6.392259606646768,4.75,4.9
2001-09-24,43.74,1.84,6.392259606646768,4.75,4.9
2001-09-25,37.75,1.79,6.322757012299257,4.73,4.9
2001-09-26,35.81,1.84,6.322757012299257,4.72,4.9
2001-09-27,35.26,1.83,6.288005715125501,4.65,4.9
2001-09-28,34.0,1.8,6.305381363712379,4.58,4.9
2001-10-01,34.0,1.8,6.305381363712379,4.58,4.9
2001-10-02,32.32,1.73,6.253254417951745,4.55,4.9
2001-10-03,31.18,1.76,6.21850312077799,4.53,4.9
2001-10-04,31.34,1.73,6.235878769364868,4.5,4.9
2001-10-05,31.97,1.78,6.149000526430479,4.53,4.9
2001-10-08,31.97,1.78,6.149000526430479,4.53,4.9
2001-10-09,35.12,1.81,6.183751823604235,4.52,5.0
2001-10-10,34.83,1.88,6.114249229256723,4.62,5.0
2001-10-11,31.6,1.83,6.079497932082968,4.61,5.0
2001-10-12,31.5,1.81,6.0099953377354565,4.69,5.0
2001-10-15,31.5,1.81,6.0099953377354565,4.69,5.0
2001-10-16,35.31,1.84,6.079497932082968,4.62,5.0
2001-10-17,32.88,1.82,6.06212228349609,4.59,5.0
2001-10-18,35.08,1.79,6.027370986322335,4.59,5.0
2001-10-19,34.95,1.81,6.027370986322335,4.58,5.0
2001-10-22,34.95,1.81,6.027370986322335,4.58,5.0
2001-10-23,32.25,1.84,5.9752440405617016,4.63,5.0
2001-10-24,32.0,1.85,5.9752440405617016,4.66,5.0
2001-10-25,30.95,1.89,5.9752440405617016,4.61,5.0
2001-10-26,29.46,1.93,6.0099953377354565,4.56,5.0
2001-10-29,29.46,1.93,6.0099953377354565,4.56,5.0
2001-10-30,31.64,1.95,6.044746634909212,4.5,5.0
2001-10-31,33.46,1.96,6.096873580669846,4.44,5.0
2001-11-01,33.56,1.86,6.149000526430479,4.3,5.0
2001-11-02,32.31,1.75,6.131624877843602,4.24,5.0
2001-11-05,30.71,1.89,6.131624877843602,4.37,5.3
2001-11-06,30.5,1.85,6.079497932082968,4.31,5.3
2001-11-07,28.8,1.93,6.114249229256723,4.3,5.3
2001-11-08,29.13,1.9,6.096873580669846,4.22,5.3
2001-11-09,28.62,1.9,5.9752440405617016,4.32,5.3
2001-11-12,28.62,1.9,5.9752440405617016,4.32,5.3
2001-11-13,29.35,1.89,5.957868391974824,4.34,5.3
2001-11-14,26.47,1.87,5.905741446214191,4.41,5.3
2001-11-15,26.56,1.84,5.818863203279801,4.54,5.3
2001-11-16,25.56,1.81,5.662482365997902,4.79,5.3
2001-11-19,25.56,1.81,5.662482365997902,4.79,5.3
2001-11-20,24.46,1.88,5.627731068824147,4.8,5.3
2001-11-21,24.12,1.92,5.627731068824147,4.88,5.3
2001-11-23,24.19,1.87,5.506101528716002,4.98,5.3
2001-11-26,24.19,1.87,5.506101528716002,4.98,5.3
2001-11-27,23.79,1.83,5.419223285781613,5.05,5.3
2001-11-28,24.0,1.87,5.506101528716002,4.98,5.3
2001-11-29,25.9,1.86,5.506101528716002,4.98,5.3
2001-11-30,25.18,1.92,5.610355420237268,4.79,5.3
2001-12-03,25.18,1.92,5.610355420237268,4.79,5.3
2001-12-04,25.77,1.93,5.731984960345414,4.75,5.3
2001-12-05,24.08,1.89,5.749360608932291,4.7,5.3
2001-12-06,23.02,1.85,5.610355420237268,4.92,5.5
2001-12-07,23.71,1.85,5.540852825889758,5.04,5.5
2001-12-10,23.71,1.85,5.540852825889758,5.04,5.5
2001-12-11,25.62,2.07,5.488725880129125,5.17,5.5
2001-12-12,25.3,2.1,5.506101528716002,5.13,5.5
2001-12-13,24.87,2.05,5.5582284744766355,5.02,5.5
2001-12-14,25.91,2.04,5.453974582955369,5.13,5.5
2001-12-17,25.91,2.04,5.453974582955369,5.13,5.5
2001-12-18,24.26,2.05,5.436598934368492,5.26,5.5
2001-12-19,23.29,2.03,5.384471988607858,5.16,5.5
2001-12-20,22.58,1.97,5.384471988607858,5.08,5.5
2001-12-21,23.67,1.93,5.3497206914341024,5.08,5.5
2001-12-24,23.67,1.93,5.3497206914341024,5.08,5.5
2001-12-26,22.62,1.96,5.262842448499714,5.18,5.5
2001-12-27,22.29,1.96,5.175964205565324,5.22,5.5
2001-12-28,21.59,1.94,5.280218097086592,5.13,5.5
2001-12-31,21.59,1.94,5.280218097086592,5.13,5.5
2002-01-02,23.8,2.0,5.228091151325958,5.07,5.5
2002-01-03,22.71,1.98,5.175964205565324,5.2,5.5
2002-01-04,21.34,1.97,5.175964205565324,5.16,5.5
2002-01-07,21.34,1.97,5.175964205565324,5.16,5.5
2002-01-08,21.94,2.01,5.141212908391569,5.09,5.7
2002-01-09,21.83,2.03,5.141212908391569,5.1,5.7
2002-01-10,22.13,2.07,5.106461611217814,5.1,5.7
2002-01-11,22.36,2.06,5.175964205565324,5.0,5.7
2002-01-14,22.36,2.06,5.175964205565324,5.0,5.7
2002-01-15,23.58,2.12,5.280218097086592,4.91,5.7
2002-01-16,22.7,2.09,5.245466799912836,4.88,5.7
2002-01-17,23.45,2.04,5.262842448499714,4.88,5.7
2002-01-18,22.25,2.02,5.175964205565324,4.98,5.7
2002-01-22,22.52,2.03,5.245466799912836,4.94,5.7
2002-01-23,23.61,1.99,5.228091151325958,4.96,5.7
2002-01-24,21.88,1.98,5.262842448499714,5.05,5.7
2002-01-25,21.15,1.92,5.228091151325958,5.07,5.7
2002-01-28,21.15,1.92,5.228091151325958,5.07,5.7
2002-01-29,21.14,1.93,5.106461611217814,5.12,5.7
2002-01-30,24.35,1.97,5.21071550273908,5.02,5.7
2002-01-31,23.22,1.96,5.29759374567347,5.02,5.7
2002-02-01,21.09,1.91,5.228091151325958,5.07,5.7
2002-02-04,21.09,1.91,5.228091151325958,5.07,5.7
2002-02-05,24.87,1.95,5.36709634002098,4.94,5.7
2002-02-06,25.45,1.93,5.453974582955369,4.92,5.7
2002-02-07,26.09,1.94,5.506101528716002,4.92,5.7
2002-02-08,25.11,1.94,5.575604123063513,4.93,5.7
2002-02-11,25.11,1.94,5.575604123063513,4.93,5.7
2002-02-12,21.78,1.96,5.52347717730288,4.91,5.7
2002-02-13,21.62,1.93,5.471350231542247,4.97,5.7
2002-02-14,20.85,1.92,5.36709634002098,5.01,5.7
2002-02-15,21.77,1.88,5.401847637194736,4.95,5.7
2002-02-19,22.37,1.89,5.453974582955369,4.86,5.7
2002-02-20,24.43,1.9,5.471350231542247,4.88,5.7
2002-02-21,22.66,1.88,5.506101528716002,4.88,5.7
2002-02-22,23.8,1.88,5.436598934368492,4.88,5.7
2002-02-25,23.8,1.88,5.436598934368492,4.88,5.7
2002-02-26,21.84,1.85,5.453974582955369,4.86,5.7
2002-02-27,21.68,1.85,5.419223285781613,4.93,5.7
2002-02-28,21.49,1.75,5.488725880129125,4.84,5.7
2002-03-01,21.59,1.82,5.453974582955369,4.88,5.7
2002-03-04,21.59,1.82,5.453974582955369,4.88,5.7
2002-03-05,20.5,1.78,5.384471988607858,5.02,5.7
2002-03-06,20.3,1.77,5.314969394260347,5.02,5.7
2002-03-07,19.94,1.8,5.332345042847225,5.06,5.7
2002-03-08,20.04,1.86,5.193339854152203,5.22,5.7
2002-03-11,20.04,1.86,5.193339854152203,5.22,5.7
2002-03-12,19.84,1.74,5.106461611217814,5.33,5.7
2002-03-13,19.59,1.76,5.106461611217814,5.32,5.7
2002-03-14,19.46,1.79,5.175964205565324,5.28,5.7
2002-03-15,19.2,1.77,5.1238372598046915,5.4,5.7
2002-03-18,19.2,1.77,5.1238372598046915,5.4,5.7
2002-03-19,18.93,1.65,5.141212908391569,5.32,5.7
2002-03-20,18.16,1.69,5.193339854152203,5.33,5.7
2002-03-21,18.46,1.69,5.158588556978447,5.4,5.7
2002-03-22,18.15,1.66,5.106461611217814,5.39,5.7
2002-03-25,18.15,1.66,5.106461611217814,5.39,5.7
2002-03-26,18.48,1.63,5.036959016870304,5.41,5.7
2002-03-27,18.13,1.67,5.071710314044058,5.35,5.7
2002-03-28,17.7,1.69,5.158588556978447,5.35,5.7
2002-04-01,17.7,1.69,5.158588556978447,5.35,5.7
2002-04-02,18.73,1.7,5.106461611217814,5.44,5.7
2002-04-03,19.16,1.73,5.158588556978447,5.36,5.7
2002-04-04,20.2,1.75,5.193339854152203,5.3,5.7
2002-04-05,19.78,1.71,5.21071550273908,5.28,5.7
2002-04-08,19.78,1.71,5.21071550273908,5.28,5.7
2002-04-09,19.61,1.74,5.228091151325958,5.25,5.7
2002-04-10,19.47,1.74,5.228091151325958,5.22,5.7
2002-04-11,18.19,1.76,5.21071550273908,5.24,5.7
2002-04-12,20.3,1.75,5.193339854152203,5.22,5.7
2002-04-15,20.3,1.75,5.193339854152203,5.22,5.7
2002-04-16,19.82,1.77,5.21071550273908,5.15,5.7
2002-04-17,18.11,1.77,5.158588556978447,5.2,5.7
2002-04-18,18.43,1.83,5.1238372598046915,5.24,5.7
2002-04-19,19.29,1.85,5.175964205565324,5.23,5.7
2002-04-22,19.29,1.85,5.175964205565324,5.23,5.7
2002-04-23,19.77,1.82,5.089085962630937,5.19,5.7
2002-04-24,20.28,1.79,5.106461611217814,5.18,5.7
2002-04-25,20.77,1.83,5.158588556978447,5.11,5.7
2002-04-26,20.95,1.85,5.193339854152203,5.1,5.7
2002-04-29,20.95,1.85,5.193339854152203,5.1,5.7
2002-04-30,24.05,1.87,5.175964205565324,5.13,5.7
2002-05-01,21.91,1.87,5.21071550273908,5.11,5.7
2002-05-02,20.06,1.87,5.245466799912836,5.08,5.7
2002-05-03,20.07,1.88,5.21071550273908,5.13,5.7
2002-05-06,20.19,1.91,5.29759374567347,5.08,5.9
2002-05-07,22.56,1.91,5.245466799912836,5.1,5.9
2002-05-08,21.94,1.95,5.245466799912836,5.09,5.9
2002-05-09,20.39,1.92,5.245466799912836,5.24,5.9
2002-05-10,21.56,1.93,5.29759374567347,5.2,5.9
2002-05-13,21.56,1.93,5.29759374567347,5.2,5.9
2002-05-14,20.72,1.95,5.314969394260347,5.23,5.9
2002-05-15,19.35,1.92,5.29759374567347,5.32,5.9
2002-05-16,19.19,1.91,5.332345042847225,5.28,5.9
2002-05-17,18.5,1.92,5.419223285781613,5.2,5.9
2002-05-20,18.5,1.92,5.419223285781613,5.2,5.9
2002-05-21,19.24,1.88,5.419223285781613,5.21,5.9
2002-05-22,20.05,1.9,5.401847637194736,5.18,5.9
2002-05-23,19.58,1.9,5.453974582955369,5.13,5.9
2002-05-24,18.23,1.88,5.436598934368492,5.16,5.9
2002-05-28,18.9,1.88,5.419223285781613,5.16,5.9
2002-05-29,20.31,1.86,5.401847637194736,5.16,5.9
2002-05-30,20.39,1.87,5.436598934368492,5.11,5.9
2002-05-31,20.61,1.89,5.488725880129125,5.06,5.9
2002-06-03,20.61,1.89,5.488725880129125,5.06,5.9
2002-06-04,23.37,1.87,5.488725880129125,5.06,5.9
2002-06-05,23.89,1.91,5.506101528716002,5.04,5.8
2002-06-06,22.61,1.92,5.471350231542247,5.08,5.8
2002-06-07,24.16,1.91,5.471350231542247,5.04,5.8
2002-06-10,24.16,1.91,5.471350231542247,5.04,5.8
2002-06-11,23.72,1.92,5.401847637194736,5.07,5.8
2002-06-12,24.45,1.93,5.401847637194736,5.02,5.8
2002-06-13,24.15,1.93,5.488725880129125,4.98,5.8
2002-06-14,25.02,1.94,5.488725880129125,4.94,5.8
2002-06-17,25.02,1.94,5.488725880129125,4.94,5.8
2002-06-18,24.64,1.93,5.436598934368492,4.89,5.8
2002-06-19,24.24,1.95,5.52347717730288,4.88,5.8
2002-06-20,26.06,1.95,5.592979771650391,4.76,5.8
2002-06-21,27.48,1.92,5.575604123063513,4.85,5.8
2002-06-24,27.48,1.92,5.575604123063513,4.85,5.8
2002-06-25,26.98,1.94,5.540852825889758,4.87,5.8
2002-06-26,27.84,1.96,5.540852825889758,4.88,5.8
2002-06-27,28.42,1.98,5.697233663171658,4.75,5.8
2002-06-28,26.29,1.99,5.731984960345414,4.84,5.8
2002-07-01,26.29,1.99,5.731984960345414,4.84,5.8
2002-07-02,27.11,1.97,5.731984960345414,4.85,5.8
2002-07-03,28.96,1.99,5.801487554692924,4.77,5.8
2002-07-05,29.42,2.0,5.784111906106046,4.78,5.8
2002-07-08,29.42,2.0,5.784111906106046,4.78,5.8
2002-07-09,28.25,2.0,5.818863203279801,4.84,5.8
2002-07-10,30.22,2.04,5.818863203279801,4.78,5.8
2002-07-11,34.1,2.05,5.853614500453557,4.66,5.8
2002-07-12,33.85,2.05,5.853614500453557,4.66,5.8
2002-07-15,33.85,2.05,5.853614500453557,4.66,5.8
2002-07-16,35.03,2.11,5.940492743387946,4.66,5.8
2002-07-17,36.65,2.09,5.905741446214191,4.75,5.8
2002-07-18,35.45,2.08,5.957868391974824,4.71,5.8
2002-07-19,35.12,2.11,6.0099953377354565,4.66,5.8
2002-07-22,35.12,2.11,6.0099953377354565,4.66,5.8
2002-07-23,41.87,2.11,6.0099953377354565,4.51,5.8
2002-07-24,44.92,2.13,6.06212228349609,4.47,5.8
2002-07-25,39.86,2.11,6.096873580669846,4.49,5.8
2002-07-26,39.27,2.15,6.096873580669846,4.43,5.8
2002-07-29,39.27,2.15,6.096873580669846,4.43,5.8
2002-07-30,31.33,2.21,5.923117094801069,4.62,5.8
2002-07-31,31.92,2.21,5.853614500453557,4.65,5.8
2002-08-01,32.03,2.28,5.923117094801069,4.51,5.8
2002-08-02,36.95,2.32,5.957868391974824,4.47,5.8
2002-08-05,41.29,2.34,6.079497932082968,4.33,5.8
2002-08-06,45.08,2.36,6.114249229256723,4.29,5.8
2002-08-07,42.03,2.31,6.0099953377354565,4.42,5.8
2002-08-08,38.73,2.37,6.096873580669846,4.35,5.8
2002-08-09,36.33,2.3,6.06212228349609,4.4,5.8
2002-08-12,36.33,2.3,6.06212228349609,4.4,5.8
2002-08-13,37.05,2.12,6.06212228349609,4.22,5.8
2002-08-14,35.82,2.12,6.166376175017357,4.12,5.8
2002-08-15,32.36,1.94,6.131624877843602,4.06,5.8
2002-08-16,29.43,1.95,6.096873580669846,4.17,5.8
2002-08-19,29.43,1.95,6.096873580669846,4.17,5.8
2002-08-20,28.61,2.04,6.044746634909212,4.29,5.8
2002-08-21,29.59,2.05,6.114249229256723,4.17,5.8
2002-08-22,28.23,2.08,6.044746634909212,4.2,5.8
2002-08-23,27.75,2.08,5.9752440405617016,4.3,5.8
2002-08-26,27.75,2.08,5.9752440405617016,4.3,5.8
2002-08-27,29.89,2.03,5.9926196891485795,4.22,5.8
2002-08-28,30.11,2.03,5.9752440405617016,4.29,5.8
2002-08-29,33.32,1.99,6.0099953377354565,4.22,5.8
2002-08-30,33.67,2.02,6.06212228349609,4.16,5.8
2002-09-03,32.64,2.0,6.044746634909212,4.14,5.8
2002-09-04,39.97,1.97,6.166376175017357,3.98,5.8
2002-09-05,37.44,1.94,6.183751823604235,3.96,5.7
2002-09-06,38.86,1.96,6.305381363712379,3.91,5.7
2002-09-09,38.86,1.96,6.305381363712379,3.91,5.7
2002-09-10,36.45,1.92,6.2011274721911125,4.05,5.7
2002-09-11,35.08,1.88,6.235878769364868,4.0,5.7
2002-09-12,34.81,1.89,6.21850312077799,4.07,5.7
2002-09-13,37.5,1.86,6.270630066538624,3.98,5.7
2002-09-16,37.5,1.86,6.270630066538624,3.98,5.7
2002-09-17,36.74,1.83,6.305381363712379,3.9,5.7
2002-09-18,38.01,1.81,6.37488395805989,3.87,5.7
2002-09-19,37.52,1.82,6.37488395805989,3.86,5.7
2002-09-20,40.65,1.86,6.4443865524074,3.79,5.7
2002-09-23,40.65,1.86,6.4443865524074,3.79,5.7
2002-09-24,39.68,1.77,6.583391741102423,3.7,5.7
2002-09-25,40.52,1.76,6.618143038276179,3.69,5.7
2002-09-26,37.33,1.77,6.6528943354499335,3.77,5.7
2002-09-27,34.6,1.82,6.600767389689301,3.79,5.7
2002-09-30,34.6,1.82,6.600767389689301,3.79,5.7
2002-10-01,39.69,1.91,6.809275172731834,3.63,5.7
2002-10-02,34.12,1.92,6.774523875558079,3.72,5.7
2002-10-03,36.83,1.96,6.7571482269712,3.71,5.7
2002-10-04,37.31,1.95,6.809275172731834,3.7,5.7
2002-10-07,37.31,1.95,6.809275172731834,3.7,5.7
2002-10-08,42.64,1.87,6.983031658600611,3.64,5.7
2002-10-09,41.02,1.85,7.035158604361245,3.65,5.7
2002-10-10,42.13,1.89,7.0525342529481225,3.61,5.7
2002-10-11,37.55,1.93,7.0525342529481225,3.68,5.7
2002-10-14,37.55,1.93,7.0525342529481225,3.68,5.7
2002-10-15,36.04,1.98,7.017782955774367,3.83,5.7
2002-10-16,34.02,1.99,6.774523875558079,4.07,5.7
2002-10-17,36.0,2.04,6.826650821318712,4.06,5.7
2002-10-18,34.1,2.06,6.7571482269712,4.16,5.7
2002-10-21,34.1,2.06,6.7571482269712,4.16,5.7
2002-10-22,33.11,2.01,6.705021281210567,4.24,5.7
2002-10-23,34.09,2.06,6.722396929797445,4.27,5.7
2002-10-24,33.2,2.06,6.7571482269712,4.26,5.7
2002-10-25,34.03,2.07,6.826650821318712,4.16,5.7
2002-10-28,34.03,2.07,6.826650821318712,4.16,5.7
2002-10-29,31.07,2.22,6.896153415666222,4.1,5.7
2002-10-30,32.27,2.18,6.965656010013734,3.97,5.7
2002-10-31,31.23,2.25,6.930904712839978,3.99,5.7
2002-11-01,31.14,2.25,6.9135290642531,3.93,5.7
2002-11-04,31.14,2.25,6.9135290642531,3.93,5.7
2002-11-05,30.82,2.28,6.739772578384323,4.07,5.7
2002-11-06,31.23,2.28,6.739772578384323,4.1,5.7
2002-11-07,30.73,2.22,6.739772578384323,4.09,5.7
2002-11-08,31.42,2.02,6.7571482269712,3.88,5.7
2002-11-11,31.42,2.02,6.7571482269712,3.88,5.7
2002-11-12,31.3,1.98,6.6355186868630565,3.85,5.7
2002-11-13,30.58,2.05,6.670269984036812,3.84,5.7
2002-11-14,31.24,2.08,6.6528943354499335,3.84,5.7
2002-11-15,28.67,2.14,6.496513498168034,4.03,5.7
2002-11-18,28.67,2.14,6.496513498168034,4.03,5.7
2002-11-19,27.66,2.11,6.392259606646768,4.02,5.7
2002-11-20,27.41,2.08,6.357508309473012,3.99,5.7
2002-11-21,25.32,2.1,6.322757012299257,4.08,5.7
2002-11-22,23.81,2.09,6.288005715125501,4.14,5.7
2002-11-25,23.81,2.09,6.288005715125501,4.14,5.7
2002-11-26,24.07,2.1,6.21850312077799,4.19,5.7
2002-11-27,25.97,2.11,6.270630066538624,4.08,5.7
2002-11-29,27.25,2.13,6.166376175017357,4.26,5.7
2002-12-02,27.25,2.13,6.166376175017357,4.26,5.7
2002-12-03,27.46,2.15,6.131624877843602,4.22,5.7
2002-12-04,28.33,2.16,6.096873580669846,4.24,5.7
2002-12-05,28.92,2.16,6.149000526430479,4.18,5.7
2002-12-06,30.1,2.16,6.149000526430479,4.13,5.9
2002-12-09,30.1,2.16,6.149000526430479,4.13,5.9
2002-12-10,30.78,2.18,6.21850312077799,4.06,5.9
2002-12-11,28.76,2.16,6.183751823604235,4.06,5.9
2002-12-12,27.76,2.16,6.183751823604235,4.01,5.9
2002-12-13,27.29,2.16,6.21850312077799,4.01,5.9
2002-12-16,27.29,2.16,6.21850312077799,4.01,5.9
2002-12-17,26.24,2.21,6.131624877843602,4.15,5.9
2002-12-18,26.66,2.24,6.131624877843602,4.13,5.9
2002-12-19,28.29,2.25,6.183751823604235,4.06,5.9
2002-12-20,30.21,2.22,6.253254417951745,3.96,5.9
2002-12-23,30.21,2.22,6.253254417951745,3.96,5.9
2002-12-24,26.2,2.19,6.253254417951745,3.98,5.9
2002-12-26,26.49,2.22,6.253254417951745,3.95,5.9
2002-12-27,27.37,2.23,6.270630066538624,3.93,5.9
2002-12-30,27.37,2.23,6.270630066538624,3.93,5.9
2002-12-31,29.62,2.21,6.322757012299257,3.82,5.9
2003-01-02,28.62,2.22,6.322757012299257,3.83,5.9
2003-01-03,25.39,2.27,6.131624877843602,4.07,5.9
2003-01-06,25.39,2.27,6.131624877843602,4.07,5.9
2003-01-07,24.91,2.25,6.149000526430479,4.09,6.0
2003-01-08,25.13,2.27,6.166376175017357,4.04,6.0
2003-01-09,25.53,2.29,6.096873580669846,4.0,6.0
2003-01-10,24.25,2.32,5.9926196891485795,4.19,6.0
2003-01-13,24.25,2.32,5.9926196891485795,4.19,6.0
2003-01-14,24.9,2.34,5.9926196891485795,4.15,6.0
2003-01-15,24.57,2.34,6.027370986322335,4.1,6.0
2003-01-16,25.51,2.35,5.9926196891485795,4.1,6.0
2003-01-17,25.01,2.35,5.9926196891485795,4.1,6.0
2003-01-21,25.7,2.35,5.9926196891485795,4.05,6.0
2003-01-22,27.59,2.34,6.027370986322335,4.01,6.0
2003-01-23,29.01,2.29,6.06212228349609,3.95,6.0
2003-01-24,27.53,2.29,6.06212228349609,3.98,6.0
2003-01-27,27.53,2.29,6.06212228349609,3.98,6.0
2003-01-28,34.69,2.28,5.957868391974824,3.98,6.0
2003-01-29,31.93,2.3,5.888365797627313,4.0,6.0
2003-01-30,31.26,2.29,5.801487554692924,4.06,6.0
2003-01-31,31.32,2.3,5.818863203279801,4.0,6.0
2003-02-03,31.32,2.3,5.818863203279801,4.0,6.0
2003-02-04,31.02,2.29,5.731984960345414,4.01,6.0
2003-02-05,32.76,2.28,5.697233663171658,3.96,5.8
2003-02-06,33.04,2.29,5.67985801458478,4.02,5.8
2003-02-07,33.35,2.29,5.697233663171658,3.97,5.8
2003-02-10,33.35,2.29,5.697233663171658,3.97,5.8
2003-02-11,33.99,2.31,5.67985801458478,3.99,5.8
2003-02-12,33.68,2.33,5.714609311758535,3.98,5.8
2003-02-13,34.33,2.31,5.7667362575191685,3.93,5.8
2003-02-14,33.7,2.32,5.784111906106046,3.89,5.8
2003-02-18,32.62,2.33,5.7667362575191685,3.95,5.8
2003-02-19,31.11,2.28,5.7667362575191685,3.94,5.8
2003-02-20,31.31,2.27,5.7667362575191685,3.88,5.8
2003-02-21,31.16,2.26,5.801487554692924,3.85,5.8
2003-02-24,31.16,2.26,5.801487554692924,3.85,5.8
2003-02-25,31.98,2.26,5.784111906106046,3.86,5.8
2003-02-26,31.74,2.23,5.801487554692924,3.81,5.8
2003-02-27,31.94,2.21,5.801487554692924,3.78,5.8
2003-02-28,30.53,2.18,5.83623885186668,3.76,5.8
2003-03-03,30.53,2.18,5.83623885186668,3.76,5.8
2003-03-04,30.43,2.16,5.888365797627313,3.68,5.8
2003-03-05,31.83,2.16,5.923117094801069,3.65,5.8
2003-03-06,30.38,2.17,5.923117094801069,3.63,5.8
2003-03-07,31.37,2.2,5.905741446214191,3.67,5.8
2003-03-10,31.37,2.2,5.905741446214191,3.67,5.8
2003-03-11,33.31,2.24,5.9926196891485795,3.59,5.9
2003-03-12,33.61,2.22,5.9752440405617016,3.6,5.9
2003-03-13,33.51,2.15,5.940492743387946,3.6,5.9
2003-03-14,31.76,2.15,5.853614500453557,3.74,5.9
2003-03-17,31.76,2.15,5.853614500453557,3.74,5.9
2003-03-18,31.75,2.19,5.784111906106046,3.82,5.9
2003-03-19,30.43,2.19,5.67985801458478,3.91,5.9
2003-03-20,31.54,2.26,5.5582284744766355,3.98,5.9
2003-03-21,30.44,2.26,5.575604123063513,4.01,5.9
2003-03-24,30.44,2.26,5.575604123063513,4.01,5.9
2003-03-25,30.39,2.27,5.540852825889758,3.98,5.9
2003-03-26,28.75,2.28,5.5582284744766355,3.97,5.9
2003-03-27,28.23,2.28,5.506101528716002,3.96,5.9
2003-03-28,27.96,2.33,5.488725880129125,3.95,5.9
2003-03-31,27.96,2.33,5.488725880129125,3.95,5.9
2003-04-01,29.15,2.32,5.5582284744766355,3.83,5.9
2003-04-02,28.36,2.34,5.52347717730288,3.84,5.9
2003-04-03,28.02,2.34,5.453974582955369,3.94,5.9
2003-04-04,28.21,2.38,5.506101528716002,3.93,5.9
2003-04-07,28.21,2.38,5.506101528716002,3.93,5.9
2003-04-08,28.45,2.38,5.401847637194736,4.03,5.9
2003-04-09,27.13,2.36,5.436598934368492,3.95,5.9
2003-04-10,27.11,2.38,5.436598934368492,3.93,5.9
2003-04-11,25.6,2.35,5.419223285781613,3.95,5.9
2003-04-14,25.6,2.35,5.419223285781613,3.95,5.9
2003-04-15,23.41,2.3,5.3497206914341024,4.04,5.9
2003-04-16,22.56,2.29,5.3497206914341024,3.98,5.9
2003-04-17,22.52,2.29,5.314969394260347,3.96,5.9
2003-04-21,22.52,2.29,5.314969394260347,3.96,5.9
2003-04-22,21.95,2.29,5.21071550273908,4.0,5.9
2003-04-23,20.7,2.31,5.193339854152203,4.01,5.9
2003-04-24,20.8,2.32,5.1238372598046915,4.02,5.9
2003-04-25,20.33,2.31,5.141212908391569,3.93,5.9
2003-04-28,20.33,2.31,5.141212908391569,3.93,5.9
2003-04-29,20.84,2.33,5.1238372598046915,3.92,5.9
2003-04-30,20.76,2.34,5.089085962630937,3.96,5.9
2003-05-01,21.21,2.38,5.071710314044058,3.89,5.9
2003-05-02,21.59,2.38,5.089085962630937,3.88,5.9
2003-05-05,21.59,2.38,5.089085962630937,3.88,5.9
2003-05-06,21.13,2.37,4.98483207110967,3.92,6.0
2003-05-07,20.8,2.39,5.036959016870304,3.84,6.0
2003-05-08,21.0,2.27,5.106461611217814,3.72,6.0
2003-05-09,21.24,2.21,4.9153294767621585,3.7,6.0
2003-05-12,21.24,2.21,4.9153294767621585,3.7,6.0
2003-05-13,19.52,2.18,5.193339854152203,3.64,6.0
2003-05-14,19.91,2.16,5.193339854152203,3.63,6.0
2003-05-15,20.0,2.12,5.193339854152203,3.53,6.0
2003-05-16,19.24,2.07,5.193339854152203,3.53,6.0
2003-05-19,19.24,2.07,5.193339854152203,3.53,6.0
2003-05-20,20.51,2.11,5.245466799912836,3.46,6.0
2003-05-21,21.29,2.07,5.245466799912836,3.38,6.0
2003-05-22,21.21,2.01,5.245466799912836,3.39,6.0
2003-05-23,19.78,1.98,5.228091151325958,3.34,6.0
2003-05-27,19.17,1.96,5.158588556978447,3.34,6.0
2003-05-28,19.99,2.08,5.193339854152203,3.41,6.0
2003-05-29,20.03,2.09,5.193339854152203,3.44,6.0
2003-05-30,20.43,2.04,5.262842448499714,3.34,6.0
2003-06-02,20.43,2.04,5.262842448499714,3.34,6.0
2003-06-03,20.85,2.1,5.228091151325958,3.43,6.0
2003-06-04,20.84,2.14,5.280218097086592,3.34,6.0
2003-06-05,20.62,2.1,5.262842448499714,3.3,6.1
2003-06-06,20.83,2.09,5.262842448499714,3.34,6.1
2003-06-09,20.83,2.09,5.262842448499714,3.34,6.1
2003-06-10,22.15,2.1,5.262842448499714,3.29,6.1
2003-06-11,20.64,2.07,5.29759374567347,3.2,6.1
2003-06-12,20.21,2.05,5.262842448499714,3.21,6.1
2003-06-13,20.41,2.05,5.280218097086592,3.18,6.1
2003-06-16,20.41,2.05,5.280218097086592,3.18,6.1
2003-06-17,20.22,2.0,5.262842448499714,3.18,6.1
2003-06-18,20.01,2.02,5.228091151325958,3.27,6.1
2003-06-19,19.76,2.1,5.193339854152203,3.37,6.1
2003-06-20,19.8,2.18,5.262842448499714,3.35,6.1
2003-06-23,19.8,2.18,5.262842448499714,3.35,6.1
2003-06-24,20.58,2.15,5.280218097086592,3.32,6.1
2003-06-25,20.75,2.15,5.262842448499714,3.29,6.1
2003-06-26,20.81,2.08,5.228091151325958,3.38,6.1
2003-06-27,19.4,2.14,5.141212908391569,3.55,6.1
2003-06-30,19.4,2.14,5.141212908391569,3.55,6.1
2003-07-01,19.52,2.22,5.158588556978447,3.54,6.1
2003-07-02,19.46,2.26,5.158588556978447,3.56,6.1
2003-07-03,19.03,2.26,5.054334665457181,3.56,6.1
2003-07-07,19.03,2.26,5.054334665457181,3.56,6.1
2003-07-08,20.06,2.38,4.967456422522792,3.74,6.3
2003-07-09,19.48,2.36,4.932705125349036,3.75,6.3
2003-07-10,18.93,2.36,4.932705125349036,3.73,6.3
2003-07-11,19.19,2.37,4.98483207110967,3.7,6.3
2003-07-14,19.19,2.37,4.98483207110967,3.7,6.3
2003-07-15,19.59,2.39,5.002207719696548,3.74,6.3
2003-07-16,19.55,2.49,4.8979538281752815,3.94,6.3
2003-07-17,19.76,2.48,4.82845123382777,3.97,6.3
2003-07-18,20.22,2.51,4.811075585240892,3.98,6.3
2003-07-21,20.22,2.51,4.811075585240892,3.98,6.3
2003-07-22,19.78,2.58,4.741572990893381,4.19,6.3
2003-07-23,19.17,2.6,4.724197342306503,4.17,6.3
2003-07-24,18.64,2.58,4.776324288067136,4.12,6.3
2003-07-25,18.6,2.66,4.706821693719625,4.2,6.3
2003-07-28,18.6,2.66,4.706821693719625,4.2,6.3
2003-07-29,18.36,2.7,4.758948639480259,4.31,6.3
2003-07-30,18.67,2.75,4.706821693719625,4.42,6.3
2003-07-31,18.85,2.7,4.706821693719625,4.34,6.3
2003-08-01,19.49,2.69,4.758948639480259,4.49,6.3
2003-08-04,19.49,2.69,4.758948639480259,4.49,6.3
2003-08-05,21.27,2.64,4.82845123382777,4.35,6.2
2003-08-06,22.68,2.59,4.82845123382777,4.47,6.2
2003-08-07,21.5,2.54,4.863202531001526,4.32,6.2
2003-08-08,20.26,2.56,4.863202531001526,4.3,6.2
2003-08-11,20.26,2.56,4.863202531001526,4.3,6.2
2003-08-12,19.75,2.57,4.811075585240892,4.38,6.2
2003-08-13,17.94,2.66,4.845826882414648,4.37,6.2
2003-08-14,18.77,2.72,4.724197342306503,4.58,6.2
2003-08-15,18.47,2.69,4.776324288067136,4.55,6.2
2003-08-18,18.47,2.69,4.776324288067136,4.55,6.2
2003-08-19,18.18,2.62,4.793699936654015,4.49,6.2
2003-08-20,17.86,2.57,4.811075585240892,4.38,6.2
2003-08-21,17.82,2.61,4.724197342306503,4.45,6.2
2003-08-22,17.84,2.55,4.637319099372115,4.53,6.2
2003-08-25,17.84,2.55,4.637319099372115,4.53,6.2
2003-08-26,19.53,2.51,4.619943450785237,4.53,6.2
2003-08-27,19.49,2.54,4.60256780219836,4.5,6.2
2003-08-28,19.13,2.49,4.567816505024604,4.54,6.2
2003-08-29,18.48,2.49,4.60256780219836,4.42,6.2
2003-09-02,18.63,2.5,4.550440856437726,4.45,6.2
2003-09-03,19.02,2.57,4.428811316329582,4.61,6.2
2003-09-04,19.44,2.58,4.44618696491646,4.6,6.2
2003-09-05,18.71,2.61,4.550440856437726,4.52,6.1
2003-09-08,18.71,2.61,4.550440856437726,4.52,6.1
2003-09-09,18.26,2.66,4.585192153611481,4.41,6.1
2003-09-10,18.85,2.66,4.67207039654587,4.37,6.1
2003-09-11,20.01,2.64,4.706821693719625,4.28,6.1
2003-09-12,19.25,2.64,4.585192153611481,4.35,6.1
2003-09-15,19.25,2.64,4.585192153611481,4.35,6.1
2003-09-16,19.28,2.65,4.706821693719625,4.28,6.1
2003-09-17,18.03,2.66,4.741572990893381,4.29,6.1
2003-09-18,18.15,2.57,4.724197342306503,4.2,6.1
2003-09-19,17.57,2.51,4.689446045132748,4.19,6.1
2003-09-22,17.57,2.51,4.689446045132748,4.19,6.1
2003-09-23,19.65,2.56,4.654694747958993,4.26,6.1
2003-09-24,19.47,2.56,4.619943450785237,4.24,6.1
2003-09-25,21.22,2.5,4.619943450785237,4.16,6.1
2003-09-26,22.26,2.47,4.654694747958993,4.12,6.1
2003-09-29,22.26,2.47,4.654694747958993,4.12,6.1
2003-09-30,21.67,2.48,4.724197342306503,4.09,6.1
2003-10-01,22.72,2.46,4.741572990893381,3.96,6.1
2003-10-02,21.07,2.49,4.724197342306503,3.96,6.1
2003-10-03,20.8,2.55,4.689446045132748,4.03,6.1
2003-10-06,19.5,2.56,4.654694747958993,4.21,6.1
2003-10-07,19.51,2.57,4.637319099372115,4.17,6.1
2003-10-08,19.41,2.6,4.60256780219836,4.27,6.1
2003-10-09,19.18,2.62,4.637319099372115,4.27,6.1
2003-10-10,18.82,2.63,4.619943450785237,4.32,6.1
2003-10-13,18.82,2.63,4.619943450785237,4.32,6.1
2003-10-14,17.55,2.64,4.585192153611481,4.29,6.1
2003-10-15,17.37,2.64,4.585192153611481,4.37,6.1
2003-10-16,17.69,2.64,4.51568955926397,4.43,6.1
2003-10-17,17.19,2.51,4.44618696491646,4.47,6.1
2003-10-20,17.19,2.51,4.44618696491646,4.47,6.1
2003-10-21,17.04,2.53,4.376684370568948,4.41,6.1
2003-10-22,16.55,2.49,4.428811316329582,4.38,6.1
2003-10-23,17.67,2.49,4.498313910677093,4.29,6.1
2003-10-24,17.68,2.5,4.4635626135033375,4.34,6.1
2003-10-27,17.68,2.5,4.4635626135033375,4.34,6.1
2003-10-28,18.05,2.47,4.428811316329582,4.3,6.1
2003-10-29,16.82,2.52,4.4635626135033375,4.23,6.1
2003-10-30,16.43,2.52,4.428811316329582,4.31,6.1
2003-10-31,16.33,2.5,4.376684370568948,4.36,6.1
2003-11-03,16.33,2.5,4.376684370568948,4.36,6.1
2003-11-04,16.55,2.5,4.307181776221437,4.4,6.1
2003-11-05,16.55,2.47,4.376684370568948,4.33,6.0
2003-11-06,16.86,2.44,4.359308721982071,4.38,6.0
2003-11-07,16.74,2.44,4.341933073395193,4.45,6.0
2003-11-10,16.74,2.44,4.341933073395193,4.45,6.0
2003-11-11,17.62,2.43,4.324557424808315,4.49,6.0
2003-11-12,17.54,2.43,4.324557424808315,4.49,6.0
2003-11-13,16.75,2.39,4.324557424808315,4.44,6.0
2003-11-14,16.47,2.38,4.359308721982071,4.3,6.0
2003-11-17,16.47,2.38,4.359308721982071,4.3,6.0
2003-11-18,18.6,2.38,4.428811316329582,4.18,6.0
2003-11-19,19.11,2.34,4.411435667742704,4.17,6.0
2003-11-20,18.8,2.34,4.394060019155827,4.24,6.0
2003-11-21,19.48,2.33,4.44618696491646,4.16,6.0
2003-11-24,19.48,2.33,4.44618696491646,4.16,6.0
2003-11-25,17.44,2.29,4.411435667742704,4.23,6.0
2003-11-26,16.71,2.3,4.411435667742704,4.19,6.0
2003-11-28,16.23,2.28,4.359308721982071,4.25,6.0
2003-12-01,16.23,2.28,4.359308721982071,4.25,6.0
2003-12-02,16.77,2.28,4.2724304790476815,4.4,6.0
2003-12-03,16.27,2.31,4.2724304790476815,4.38,6.0
2003-12-04,16.63,2.32,4.2550548304608045,4.41,6.0
2003-12-05,16.3,2.32,4.2550548304608045,4.38,6.0
2003-12-08,16.3,2.32,4.2550548304608045,4.38,6.0
2003-12-09,16.54,2.35,4.324557424808315,4.29,5.8
2003-12-10,17.63,2.35,4.341933073395193,4.32,5.8
2003-12-11,17.87,2.36,4.359308721982071,4.3,5.8
2003-12-12,16.73,2.44,4.359308721982071,4.27,5.8
2003-12-15,16.73,2.44,4.359308721982071,4.27,5.8
2003-12-16,17.23,2.4,4.341933073395193,4.28,5.8
2003-12-17,15.93,2.41,4.359308721982071,4.24,5.8
2003-12-18,15.58,2.36,4.359308721982071,4.19,5.8
2003-12-19,16.16,2.31,4.307181776221437,4.16,5.8
2003-12-22,16.16,2.31,4.307181776221437,4.16,5.8
2003-12-23,16.94,2.34,4.341933073395193,4.18,5.8
2003-12-24,16.49,2.32,4.289806127634559,4.28,5.8
2003-12-26,16.66,2.37,4.341933073395193,4.2,5.8
2003-12-29,16.66,2.37,4.341933073395193,4.2,5.8
2003-12-30,17.09,2.38,4.324557424808315,4.24,5.8
2003-12-31,17.68,2.43,4.324557424808315,4.29,5.8
2004-01-02,18.31,2.43,4.341933073395193,4.27,5.8
2004-01-05,18.22,2.44,4.307181776221437,4.38,5.7
2004-01-06,17.49,2.46,4.220303533287049,4.41,5.7
2004-01-07,16.73,2.45,4.307181776221437,4.29,5.7
2004-01-08,15.5,2.43,4.2724304790476815,4.27,5.7
2004-01-09,15.61,2.42,4.202927884700171,4.27,5.7
2004-01-12,15.61,2.42,4.202927884700171,4.27,5.7
2004-01-13,16.82,2.43,4.307181776221437,4.11,5.7
2004-01-14,18.04,2.42,4.359308721982071,4.05,5.7
2004-01-15,16.75,2.36,4.324557424808315,4.01,5.7
2004-01-16,15.56,2.32,4.324557424808315,3.99,5.7
2004-01-20,15.0,2.34,4.2724304790476815,4.04,5.7
2004-01-21,15.21,2.39,4.289806127634559,4.08,5.7
2004-01-22,14.34,2.36,4.324557424808315,4.05,5.7
2004-01-23,14.71,2.33,4.324557424808315,3.99,5.7
2004-01-26,14.71,2.33,4.324557424808315,3.99,5.7
2004-01-27,14.55,2.41,4.237679181873927,4.16,5.7
2004-01-28,15.35,2.41,4.202927884700171,4.11,5.7
2004-01-29,16.78,2.35,4.150800938939538,4.22,5.7
2004-01-30,17.14,2.34,4.081298344592026,4.22,5.7
2004-02-02,17.14,2.34,4.081298344592026,4.22,5.7
2004-02-03,17.11,2.35,4.046547047418271,4.18,5.7
2004-02-04,17.34,2.35,4.063922696005149,4.13,5.7
2004-02-05,17.87,2.35,4.0291713988313935,4.15,5.7
2004-02-06,17.71,2.35,3.9770444530707603,4.2,5.7
2004-02-09,17.71,2.35,3.9770444530707603,4.2,5.7
2004-02-10,16.39,2.33,4.0291713988313935,4.09,5.7
2004-02-11,15.94,2.31,4.011795750244516,4.13,5.7
2004-02-12,15.39,2.32,4.081298344592026,4.05,5.7
2004-02-13,15.31,2.35,4.063922696005149,4.1,5.7
2004-02-17,15.58,2.35,4.098673993178905,4.05,5.7
2004-02-18,15.4,2.35,4.081298344592026,4.05,5.7
2004-02-19,15.59,2.33,4.081298344592026,4.05,5.7
2004-02-20,15.8,2.35,4.081298344592026,4.05,5.7
2004-02-23,15.8,2.35,4.081298344592026,4.05,5.7
2004-02-24,16.29,2.36,4.098673993178905,4.05,5.7
2004-02-25,15.9,2.35,4.081298344592026,4.04,5.7
2004-02-26,14.93,2.35,4.116049641765782,4.02,5.7
2004-02-27,14.83,2.36,4.098673993178905,4.05,5.7
2004-03-01,14.83,2.36,4.098673993178905,4.05,5.7
2004-03-02,14.44,2.33,4.098673993178905,4.0,5.7
2004-03-03,14.86,2.31,4.081298344592026,4.05,5.7
2004-03-04,14.55,2.33,4.063922696005149,4.07,5.7
2004-03-05,14.4,2.31,4.063922696005149,4.04,5.7
2004-03-08,14.4,2.31,4.063922696005149,4.04,5.7
2004-03-09,15.79,2.26,4.2724304790476815,3.78,5.6
2004-03-10,16.6,2.22,4.2724304790476815,3.73,5.6
2004-03-11,18.67,2.2,4.289806127634559,3.74,5.6
2004-03-12,20.67,2.22,4.307181776221437,3.74,5.6
2004-03-15,20.67,2.22,4.307181776221437,3.74,5.6
2004-03-16,21.13,2.22,4.289806127634559,3.78,5.6
2004-03-17,20.34,2.19,4.341933073395193,3.7,5.6
2004-03-18,18.11,2.18,4.324557424808315,3.71,5.6
2004-03-19,18.53,2.21,4.307181776221437,3.76,5.6
2004-03-22,18.53,2.21,4.307181776221437,3.76,5.6
2004-03-23,21.58,2.22,4.307181776221437,3.74,5.6
2004-03-24,20.67,2.21,4.324557424808315,3.73,5.6
2004-03-25,19.81,2.23,4.324557424808315,3.73,5.6
2004-03-26,17.88,2.24,4.341933073395193,3.75,5.6
2004-03-29,17.88,2.24,4.341933073395193,3.75,5.6
2004-03-30,16.5,2.28,4.237679181873927,3.91,5.6
2004-03-31,16.28,2.28,4.237679181873927,3.91,5.6
2004-04-01,16.74,2.26,4.2550548304608045,3.86,5.6
2004-04-02,16.65,2.26,4.220303533287049,3.91,5.6
2004-04-05,15.64,2.29,4.046547047418271,4.15,5.8
2004-04-06,14.97,2.33,3.9770444530707603,4.24,5.8
2004-04-07,15.32,2.33,4.0291713988313935,4.19,5.8
2004-04-08,15.76,2.32,4.011795750244516,4.19,5.8
2004-04-12,15.76,2.32,4.011795750244516,4.19,5.8
2004-04-13,15.28,2.34,3.9770444530707603,4.25,5.8
2004-04-14,17.26,2.34,3.942293155897005,4.35,5.8
2004-04-15,15.62,2.27,3.890166210136372,4.4,5.8
2004-04-16,15.74,2.32,3.907541858723249,4.42,5.8
2004-04-19,15.74,2.32,3.907541858723249,4.42,5.8
2004-04-20,15.42,2.32,3.959668804483883,4.39,5.8
2004-04-21,16.67,2.32,3.9249175073101275,4.43,5.8
2004-04-22,15.6,2.23,3.907541858723249,4.45,5.8
2004-04-23,14.61,2.25,3.9249175073101275,4.4,5.8
2004-04-26,14.61,2.25,3.9249175073101275,4.4,5.8
2004-04-27,14.77,2.18,3.8554149129626163,4.46,5.8
2004-04-28,15.07,2.22,3.890166210136372,4.43,5.8
2004-04-29,16.29,2.2,3.8554149129626163,4.5,5.8
2004-04-30,16.6,2.21,3.8554149129626163,4.55,5.8
2004-05-03,16.6,2.21,3.8554149129626163,4.55,5.8
2004-05-04,16.62,2.19,3.8380392643757384,4.53,5.8
2004-05-05,16.55,2.24,3.8727905615494937,4.56,5.8
2004-05-06,15.77,2.27,3.8380392643757384,4.61,5.6
2004-05-07,17.05,2.24,3.8554149129626163,4.63,5.6
2004-05-10,17.05,2.24,3.8554149129626163,4.63,5.6
2004-05-11,19.77,2.2,3.7164097242675944,4.81,5.6
2004-05-12,18.57,2.18,3.733785372854472,4.79,5.6
2004-05-13,18.14,2.21,3.7511610214413498,4.83,5.6
2004-05-14,18.86,2.18,3.785912318615105,4.85,5.6
2004-05-17,18.86,2.18,3.785912318615105,4.85,5.6
2004-05-18,19.96,2.19,3.890166210136372,4.7,5.6
2004-05-19,19.33,2.16,3.8380392643757384,4.74,5.6
2004-05-20,18.93,2.18,3.8032879672019826,4.79,5.6
2004-05-21,18.67,2.17,3.8380392643757384,4.72,5.6
2004-05-24,18.67,2.17,3.8380392643757384,4.72,5.6
2004-05-25,18.08,2.16,3.785912318615105,4.75,5.6
2004-05-26,15.96,2.15,3.785912318615105,4.73,5.6
2004-05-27,15.97,2.15,3.8380392643757384,4.67,5.6
2004-05-28,15.28,2.14,3.8380392643757384,4.6,5.6
2004-06-01,15.5,2.12,3.8032879672019826,4.66,5.6
2004-06-02,16.3,2.11,3.8380392643757384,4.71,5.6
2004-06-03,16.08,2.09,3.8554149129626163,4.74,5.6
2004-06-04,17.03,2.08,3.890166210136372,4.71,5.6
2004-06-07,17.03,2.08,3.890166210136372,4.71,5.6
2004-06-08,15.39,2.11,3.8380392643757384,4.78,5.6
2004-06-09,15.01,2.05,3.820663615788861,4.78,5.6
2004-06-10,15.39,2.03,3.8032879672019826,4.82,5.6
2004-06-14,15.39,2.03,3.8032879672019826,4.82,5.6
2004-06-15,16.07,1.92,3.7685366700282272,4.89,5.6
2004-06-16,15.05,1.92,3.8554149129626163,4.69,5.6
2004-06-17,14.79,1.9,3.820663615788861,4.74,5.6
2004-06-18,15.15,1.9,3.8032879672019826,4.71,5.6
2004-06-21,15.15,1.9,3.8032879672019826,4.71,5.6
2004-06-22,15.26,1.9,3.8380392643757384,4.7,5.6
2004-06-23,14.31,1.92,3.8380392643757384,4.72,5.6
2004-06-24,13.98,1.93,3.8554149129626163,4.71,5.6
2004-06-25,14.81,1.92,3.8554149129626163,4.66,5.6
2004-06-28,14.81,1.92,3.8554149129626163,4.66,5.6
2004-06-29,16.07,1.9,3.820663615788861,4.76,5.6
2004-06-30,15.47,1.87,3.8554149129626163,4.7,5.6
2004-07-01,14.34,1.92,3.907541858723249,4.62,5.6
2004-07-02,15.2,1.93,3.959668804483883,4.57,5.6
2004-07-06,15.08,1.94,3.9770444530707603,4.48,5.6
2004-07-07,16.25,1.93,3.9944201016576386,4.49,5.6
2004-07-08,15.81,1.94,3.9770444530707603,4.5,5.6
2004-07-09,16.2,1.94,3.9944201016576386,4.49,5.6
2004-07-12,16.2,1.94,3.9944201016576386,4.49,5.6
2004-07-13,14.96,1.93,4.011795750244516,4.46,5.6
2004-07-14,14.46,1.92,3.9944201016576386,4.5,5.6
2004-07-15,13.76,1.88,3.959668804483883,4.5,5.6
2004-07-16,14.71,1.86,3.959668804483883,4.5,5.6
2004-07-19,14.71,1.86,3.959668804483883,4.5,5.6
2004-07-20,15.17,1.82,3.9944201016576386,4.38,5.6
2004-07-21,14.17,1.8,3.959668804483883,4.47,5.6
2004-07-22,16.41,1.79,3.959668804483883,4.5,5.6
2004-07-23,15.75,1.79,3.9770444530707603,4.48,5.6
2004-07-26,15.75,1.79,3.9770444530707603,4.48,5.6
2004-07-27,17.3,1.74,3.942293155897005,4.49,5.6
2004-07-28,16.55,1.8,3.907541858723249,4.62,5.6
2004-07-29,16.15,1.83,3.9249175073101275,4.61,5.6
2004-07-30,15.68,1.85,3.907541858723249,4.6,5.6
2004-08-02,15.68,1.85,3.907541858723249,4.6,5.6
2004-08-03,15.37,1.82,3.9770444530707603,4.48,5.6
2004-08-04,16.03,1.79,3.9944201016576386,4.45,5.6
2004-08-05,16.21,1.79,3.9944201016576386,4.45,5.5
2004-08-06,18.32,1.79,3.9944201016576386,4.43,5.5
2004-08-09,18.32,1.79,3.9944201016576386,4.43,5.5
2004-08-10,18.89,1.83,4.081298344592026,4.28,5.5
2004-08-11,17.47,1.77,4.063922696005149,4.32,5.5
2004-08-12,18.04,1.76,4.046547047418271,4.3,5.5
2004-08-13,19.08,1.75,4.081298344592026,4.27,5.5
2004-08-16,19.08,1.75,4.081298344592026,4.27,5.5
2004-08-17,17.57,1.75,4.098673993178905,4.26,5.5
2004-08-18,17.02,1.77,4.116049641765782,4.21,5.5
2004-08-19,16.23,1.79,4.098673993178905,4.23,5.5
2004-08-20,16.96,1.79,4.098673993178905,4.22,5.5
2004-08-23,16.96,1.79,4.098673993178905,4.22,5.5
2004-08-24,15.88,1.78,4.081298344592026,4.28,5.5
2004-08-25,15.33,1.78,4.063922696005149,4.28,5.5
2004-08-26,14.98,1.75,4.063922696005149,4.26,5.5
2004-08-27,14.91,1.74,4.081298344592026,4.22,5.5
2004-08-30,14.91,1.74,4.081298344592026,4.22,5.5
2004-08-31,15.44,1.72,4.081298344592026,4.19,5.5
2004-09-01,15.29,1.72,4.081298344592026,4.13,5.5
2004-09-02,14.91,1.72,4.098673993178905,4.13,5.5
2004-09-03,14.28,1.74,4.046547047418271,4.2,5.5
2004-09-07,13.91,1.69,4.011795750244516,4.3,5.4
2004-09-08,14.07,1.68,3.9770444530707603,4.26,5.4
2004-09-09,14.06,1.68,4.011795750244516,4.18,5.4
2004-09-10,14.01,1.72,4.011795750244516,4.22,5.4
2004-09-13,14.01,1.72,4.011795750244516,4.22,5.4
2004-09-14,13.17,1.66,4.011795750244516,4.16,5.4
2004-09-15,13.56,1.68,4.011795750244516,4.15,5.4
2004-09-16,14.64,1.67,3.9944201016576386,4.18,5.4
2004-09-17,14.39,1.64,4.0291713988313935,4.08,5.4
2004-09-20,14.39,1.64,4.0291713988313935,4.08,5.4
2004-09-21,14.43,1.61,3.9944201016576386,4.07,5.4
2004-09-22,13.66,1.56,3.9944201016576386,4.05,5.4
2004-09-23,14.74,1.5,3.9770444530707603,4.0,5.4
2004-09-24,14.8,1.45,3.9770444530707603,4.02,5.4
2004-09-27,14.8,1.45,3.9770444530707603,4.02,5.4
2004-09-28,14.62,1.42,3.9770444530707603,4.01,5.4
2004-09-29,13.83,1.47,3.9944201016576386,4.02,5.4
2004-09-30,13.21,1.49,3.959668804483883,4.1,5.4
2004-10-01,13.34,1.51,3.942293155897005,4.14,5.4
2004-10-04,13.34,1.51,3.942293155897005,4.14,5.4
2004-10-05,13.41,1.54,3.9249175073101275,4.19,5.4
2004-10-06,13.95,1.53,3.9249175073101275,4.18,5.4
2004-10-07,13.28,1.53,3.907541858723249,4.23,5.4
2004-10-08,14.5,1.54,3.907541858723249,4.26,5.4
2004-10-11,14.5,1.54,3.907541858723249,4.26,5.4
2004-10-12,14.71,1.54,3.9249175073101275,4.15,5.4
2004-10-13,15.05,1.56,3.942293155897005,4.12,5.4
2004-10-14,15.42,1.56,3.959668804483883,4.09,5.4
2004-10-15,16.43,1.55,3.9770444530707603,4.03,5.4
2004-10-18,16.43,1.55,3.9770444530707603,4.03,5.4
2004-10-19,14.71,1.52,3.9770444530707603,4.07,5.4
2004-10-20,15.13,1.5,3.9249175073101275,4.07,5.4
2004-10-21,14.85,1.48,3.9770444530707603,4.01,5.4
2004-10-22,14.54,1.44,3.959668804483883,4.01,5.4
2004-10-25,14.54,1.44,3.959668804483883,4.01,5.4
2004-10-26,16.58,1.45,3.9770444530707603,3.99,5.4
2004-10-27,16.39,1.47,3.942293155897005,4.01,5.4
2004-10-28,15.72,1.48,3.890166210136372,4.11,5.4
2004-10-29,15.39,1.5,3.9249175073101275,4.09,5.4
2004-11-01,15.39,1.5,3.9249175073101275,4.09,5.4
2004-11-02,16.27,1.5,3.907541858723249,4.11,5.4
2004-11-03,16.18,1.5,3.907541858723249,4.1,5.4
2004-11-04,14.04,1.49,3.890166210136372,4.09,5.4
2004-11-05,13.97,1.47,3.8380392643757384,4.1,5.5
2004-11-08,13.97,1.47,3.8380392643757384,4.1,5.5
2004-11-09,13.8,1.42,3.8032879672019826,4.22,5.5
2004-11-10,13.61,1.42,3.8032879672019826,4.22,5.5
2004-11-11,13.08,1.43,3.820663615788861,4.25,5.5
2004-11-12,13.04,1.43,3.820663615788861,4.25,5.5
2004-11-15,13.04,1.43,3.820663615788861,4.25,5.5
2004-11-16,13.38,1.31,3.7685366700282272,4.2,5.5
2004-11-17,13.21,1.3,3.7511610214413498,4.21,5.5
2004-11-18,13.21,1.29,3.7685366700282272,4.14,5.5
2004-11-19,12.98,1.26,3.7685366700282272,4.12,5.5
2004-11-22,12.98,1.26,3.7685366700282272,4.12,5.5
2004-11-23,12.97,1.23,3.6816584270938386,4.18,5.5
2004-11-24,12.67,1.21,3.6816584270938386,4.19,5.5
2004-11-26,12.72,1.19,3.664282778506961,4.2,5.5
2004-11-29,12.72,1.19,3.664282778506961,4.2,5.5
2004-11-30,13.3,1.27,3.6295314813332054,4.34,5.5
2004-12-01,13.24,1.34,3.664282778506961,4.36,5.5
2004-12-02,12.97,1.37,3.664282778506961,4.38,5.5
2004-12-03,12.98,1.36,3.6469071299200833,4.4,5.5
2004-12-06,12.96,1.33,3.6816584270938386,4.27,5.4
2004-12-07,13.19,1.31,3.6816584270938386,4.24,5.4
2004-12-08,13.67,1.28,3.6816584270938386,4.23,5.4
2004-12-09,13.19,1.23,3.6469071299200833,4.14,5.4
2004-12-10,12.88,1.26,3.6469071299200833,4.19,5.4
2004-12-13,12.88,1.26,3.6469071299200833,4.19,5.4
2004-12-14,12.54,1.18,3.6469071299200833,4.16,5.4
2004-12-15,12.73,1.15,3.6469071299200833,4.14,5.4
2004-12-16,12.35,1.12,3.59478018415945,4.09,5.4
2004-12-17,12.27,1.18,3.6121558327463275,4.19,5.4
2004-12-20,12.27,1.18,3.6121558327463275,4.19,5.4
2004-12-21,11.83,1.15,3.577404535572572,4.21,5.4
2004-12-22,11.55,1.13,3.59478018415945,4.18,5.4
2004-12-23,11.45,1.17,3.59478018415945,4.21,5.4
2004-12-27,11.45,1.17,3.59478018415945,4.21,5.4
2004-12-28,12.14,1.23,3.577404535572572,4.3,5.4
2004-12-29,12.0,1.23,3.577404535572572,4.31,5.4
2004-12-30,11.62,1.21,3.560028886985694,4.33,5.4
2004-12-31,12.56,1.17,3.560028886985694,4.27,5.4
2005-01-03,12.56,1.17,3.560028886985694,4.27,5.4
2005-01-04,14.08,1.13,3.5079019412250614,4.23,5.4
2005-01-05,13.98,1.09,3.4905262926381835,4.29,5.4
2005-01-06,14.09,1.07,3.455774995464428,4.29,5.4
2005-01-07,13.58,1.11,3.473150644051306,4.29,5.4
2005-01-10,13.58,1.11,3.473150644051306,4.29,5.4
2005-01-11,13.23,1.06,3.4383993468775502,4.29,5.4
2005-01-12,13.19,1.02,3.4210236982906728,4.26,5.4
2005-01-13,12.56,1.03,3.4210236982906728,4.25,5.4
2005-01-14,12.84,0.99,3.403648049703795,4.2,5.4
2005-01-18,12.43,0.99,3.386272401116917,4.23,5.4
2005-01-19,12.47,0.95,3.3515211039431616,4.21,5.4
2005-01-20,13.18,0.94,3.3341454553562837,4.2,5.4
2005-01-21,13.83,0.96,3.403648049703795,4.17,5.4
2005-01-24,13.83,0.96,3.403648049703795,4.17,5.4
2005-01-25,14.65,0.94,3.3515211039431616,4.14,5.4
2005-01-26,14.06,0.97,3.368896752530039,4.2,5.4
2005-01-27,13.44,0.94,3.3341454553562837,4.21,5.4
2005-01-28,13.24,0.94,3.316769806769406,4.22,5.4
2005-01-31,13.24,0.94,3.316769806769406,4.22,5.4
2005-02-01,12.82,0.85,3.316769806769406,4.14,5.4
2005-02-02,12.03,0.86,3.2993941581825283,4.15,5.4
2005-02-03,11.66,0.83,3.2820185095956504,4.15,5.4
2005-02-04,11.79,0.84,3.229891563835017,4.18,5.4
2005-02-07,11.79,0.84,3.229891563835017,4.18,5.4
2005-02-08,11.73,0.76,3.143013320900628,4.07,5.3
2005-02-09,11.6,0.72,3.1082620237268728,4.05,5.3
2005-02-10,12.0,0.76,3.1256376723137507,4.0,5.3
2005-02-11,11.51,0.78,3.177764618074384,4.07,5.3
2005-02-14,11.51,0.78,3.177764618074384,4.07,5.3
2005-02-15,11.52,0.7,3.1082620237268728,4.08,5.3
2005-02-16,11.27,0.73,3.1256376723137507,4.1,5.3
2005-02-17,11.1,0.75,3.0908863751399953,4.16,5.3
2005-02-18,11.77,0.81,3.1256376723137507,4.19,5.3
2005-02-22,11.18,0.82,3.0908863751399953,4.27,5.3
2005-02-23,13.14,0.83,3.1256376723137507,4.29,5.3
2005-02-24,12.39,0.81,3.1256376723137507,4.27,5.3
2005-02-25,11.57,0.77,3.0908863751399953,4.29,5.3
2005-02-28,11.57,0.77,3.0908863751399953,4.29,5.3
2005-03-01,12.08,0.77,3.038759429379362,4.36,5.3
2005-03-02,12.04,0.79,3.021383780792484,4.38,5.3
2005-03-03,12.5,0.81,3.05613507796624,4.38,5.3
2005-03-04,12.93,0.8,3.038759429379362,4.39,5.3
2005-03-07,12.93,0.8,3.038759429379362,4.39,5.3
2005-03-08,12.26,0.7,2.969256835031851,4.31,5.4
2005-03-09,12.4,0.76,2.9518811864449734,4.38,5.4
2005-03-10,12.7,0.86,2.9345055378580955,4.52,5.4
2005-03-11,12.49,0.8,2.8997542406843397,4.48,5.4
2005-03-14,12.49,0.8,2.8997542406843397,4.48,5.4
2005-03-15,12.39,0.77,2.8823785920974623,4.52,5.4
2005-03-16,13.15,0.79,2.8997542406843397,4.54,5.4
2005-03-17,13.49,0.8,2.9345055378580955,4.52,5.4
2005-03-18,13.29,0.77,3.0040081322056067,4.47,5.4
2005-03-21,13.29,0.77,3.0040081322056067,4.47,5.4
2005-03-22,13.61,0.81,3.05613507796624,4.53,5.4
2005-03-23,14.27,0.77,2.986632483618729,4.63,5.4
2005-03-24,14.06,0.77,3.0040081322056067,4.61,5.4
2005-03-28,14.06,0.77,3.0040081322056067,4.61,5.4
2005-03-29,13.75,0.74,3.021383780792484,4.64,5.4
2005-03-30,14.49,0.73,3.05613507796624,4.6,5.4
2005-03-31,13.64,0.7,3.0735107265531174,4.56,5.4
2005-04-01,14.02,0.7,3.1256376723137507,4.5,5.4
2005-04-04,14.02,0.7,3.1256376723137507,4.5,5.4
2005-04-05,14.11,0.73,3.143013320900628,4.47,5.2
2005-04-06,13.68,0.73,3.160388969487506,4.48,5.2
2005-04-07,13.15,0.74,3.177764618074384,4.44,5.2
2005-04-08,12.33,0.77,3.143013320900628,4.49,5.2
2005-04-11,12.33,0.77,3.143013320900628,4.49,5.2
2005-04-12,11.98,0.7,3.177764618074384,4.45,5.2
2005-04-13,11.3,0.67,3.160388969487506,4.38,5.2
2005-04-14,13.31,0.72,3.2125159152481393,4.38,5.2
2005-04-15,14.53,0.77,3.316769806769406,4.37,5.2
2005-04-18,14.53,0.77,3.316769806769406,4.37,5.2
2005-04-19,16.56,0.72,3.316769806769406,4.27,5.2
2005-04-20,14.96,0.71,3.3341454553562837,4.21,5.2
2005-04-21,16.92,0.7,3.368896752530039,4.22,5.2
2005-04-22,14.41,0.67,3.2820185095956504,4.32,5.2
2005-04-25,14.41,0.67,3.2820185095956504,4.32,5.2
2005-04-26,14.62,0.62,3.247267212421895,4.26,5.2
2005-04-27,14.91,0.61,3.229891563835017,4.28,5.2
2005-04-28,14.87,0.61,3.2646428610087725,4.25,5.2
2005-04-29,16.86,0.6,3.316769806769406,4.19,5.2
2005-05-02,16.86,0.6,3.316769806769406,4.19,5.2
2005-05-03,15.12,0.57,3.3515211039431616,4.21,5.2
2005-05-04,14.53,0.53,3.3515211039431616,4.21,5.2
2005-05-05,13.85,0.57,3.455774995464428,4.2,5.2
2005-05-06,13.98,0.61,3.473150644051306,4.19,5.2
2005-05-09,13.98,0.61,3.473150644051306,4.19,5.2
2005-05-10,13.75,0.53,3.368896752530039,4.29,5.2
2005-05-11,14.91,0.54,3.4383993468775502,4.23,5.2
2005-05-12,14.45,0.53,3.4210236982906728,4.21,5.2
2005-05-13,16.12,0.52,3.455774995464428,4.18,5.2
2005-05-16,16.12,0.52,3.455774995464428,4.18,5.2
2005-05-17,15.68,0.52,3.560028886985694,4.13,5.2
2005-05-18,14.57,0.51,3.59478018415945,4.12,5.2
2005-05-19,13.63,0.51,3.6121558327463275,4.07,5.2
2005-05-20,13.32,0.47,3.59478018415945,4.11,5.2
2005-05-23,13.32,0.47,3.59478018415945,4.11,5.2
2005-05-24,12.95,0.42,3.560028886985694,4.07,5.2
2005-05-25,12.69,0.43,3.59478018415945,4.04,5.2
2005-05-26,12.58,0.47,3.59478018415945,4.08,5.2
2005-05-27,12.24,0.44,3.59478018415945,4.08,5.2
2005-05-31,12.15,0.44,3.59478018415945,4.08,5.2
2005-06-01,13.29,0.4,3.577404535572572,4.0,5.2
2005-06-02,12.36,0.41,3.59478018415945,3.91,5.2
2005-06-03,11.84,0.37,3.560028886985694,3.89,5.2
2005-06-06,11.84,0.37,3.560028886985694,3.89,5.2
2005-06-07,12.28,0.37,3.4383993468775502,3.96,5.1
2005-06-08,12.39,0.35,3.4383993468775502,3.92,5.1
2005-06-09,12.7,0.35,3.4383993468775502,3.95,5.1
2005-06-10,12.08,0.34,3.455774995464428,3.98,5.1
2005-06-13,12.08,0.34,3.455774995464428,3.98,5.1
2005-06-14,11.65,0.38,3.473150644051306,4.09,5.1
2005-06-15,11.79,0.42,3.5252775898119393,4.13,5.1
2005-06-16,11.46,0.4,3.5252775898119393,4.12,5.1
2005-06-17,11.15,0.39,3.5079019412250614,4.09,5.1
2005-06-20,11.15,0.39,3.5079019412250614,4.09,5.1
2005-06-21,11.47,0.39,3.4905262926381835,4.11,5.1
2005-06-22,11.08,0.35,3.4905262926381835,4.06,5.1
2005-06-23,11.05,0.33,3.560028886985694,3.95,5.1
2005-06-24,12.13,0.33,3.5426532383988167,3.96,5.1
2005-06-27,12.13,0.33,3.5426532383988167,3.96,5.1
2005-06-28,12.52,0.3,3.560028886985694,3.9,5.1
2005-06-29,11.58,0.32,3.5252775898119393,3.97,5.1
2005-06-30,11.77,0.34,3.5252775898119393,3.99,5.1
2005-07-01,12.04,0.28,3.5252775898119393,3.94,5.1
2005-07-05,11.4,0.3,3.455774995464428,4.06,5.1
2005-07-06,11.68,0.32,3.473150644051306,4.11,5.0
2005-07-07,12.27,0.31,3.4905262926381835,4.08,5.0
2005-07-08,12.49,0.34,3.473150644051306,4.05,5.0
2005-07-11,12.49,0.34,3.473150644051306,4.05,5.0
2005-07-12,11.28,0.3,3.4210236982906728,4.11,5.0
2005-07-13,10.95,0.33,3.403648049703795,4.15,5.0
2005-07-14,10.84,0.33,3.386272401116917,4.17,5.0
2005-07-15,10.81,0.33,3.368896752530039,4.19,5.0
2005-07-18,10.81,0.33,3.368896752530039,4.19,5.0
2005-07-19,10.77,0.33,3.403648049703795,4.22,5.0
2005-07-20,10.45,0.32,3.368896752530039,4.2,5.0
2005-07-21,10.23,0.27,3.3515211039431616,4.17,5.0
2005-07-22,10.97,0.32,3.3341454553562837,4.28,5.0
2005-07-25,10.97,0.32,3.3341454553562837,4.28,5.0
2005-07-26,11.1,0.3,3.2646428610087725,4.25,5.0
2005-07-27,10.99,0.29,3.2646428610087725,4.24,5.0
2005-07-28,10.36,0.28,3.247267212421895,4.27,5.0
2005-07-29,10.52,0.24,3.1951402666612614,4.2,5.0
2005-08-01,10.52,0.24,3.1951402666612614,4.2,5.0
2005-08-02,12.08,0.28,3.177764618074384,4.32,5.0
2005-08-03,11.75,0.28,3.1951402666612614,4.34,5.0
2005-08-04,11.83,0.28,3.229891563835017,4.3,5.0
2005-08-05,12.52,0.28,3.2125159152481393,4.32,5.0
2005-08-08,12.52,0.28,3.2125159152481393,4.32,5.0
2005-08-09,13.21,0.26,3.177764618074384,4.42,5.0
2005-08-10,12.4,0.28,3.160388969487506,4.41,5.0
2005-08-11,12.38,0.27,3.1951402666612614,4.4,5.0
2005-08-12,12.42,0.22,3.247267212421895,4.32,5.0
2005-08-15,12.42,0.22,3.247267212421895,4.32,5.0
2005-08-16,12.26,0.19,3.247267212421895,4.27,5.0
2005-08-17,13.52,0.2,3.247267212421895,4.23,5.0
2005-08-18,13.3,0.21,3.247267212421895,4.28,5.0
2005-08-19,13.42,0.2,3.2820185095956504,4.21,5.0
2005-08-22,13.42,0.2,3.2820185095956504,4.21,5.0
2005-08-23,13.42,0.19,3.2646428610087725,4.22,5.0
2005-08-24,13.34,0.19,3.2646428610087725,4.2,5.0
2005-08-25,14.17,0.2,3.2646428610087725,4.19,5.0
2005-08-26,13.73,0.18,3.229891563835017,4.18,5.0
2005-08-29,13.73,0.18,3.229891563835017,4.18,5.0
2005-08-30,13.52,0.14,3.1951402666612614,4.2,5.0
2005-08-31,13.65,0.19,3.177764618074384,4.16,5.0
2005-09-01,12.6,0.18,3.3515211039431616,4.02,5.0
2005-09-02,13.15,0.3,3.4210236982906728,4.02,5.0
2005-09-06,13.57,0.28,3.473150644051306,4.03,4.9
2005-09-07,12.93,0.29,3.455774995464428,4.09,4.9
2005-09-08,12.52,0.28,3.455774995464428,4.15,4.9
2005-09-09,12.93,0.28,3.455774995464428,4.15,4.9
2005-09-12,12.93,0.28,3.455774995464428,4.15,4.9
2005-09-13,11.65,0.26,3.4383993468775502,4.18,4.9
2005-09-14,12.39,0.26,3.455774995464428,4.14,4.9
2005-09-15,12.91,0.27,3.455774995464428,4.17,4.9
2005-09-16,12.49,0.32,3.473150644051306,4.22,4.9
2005-09-19,12.49,0.32,3.473150644051306,4.22,4.9
2005-09-20,12.14,0.32,3.4905262926381835,4.25,4.9
2005-09-21,12.64,0.26,3.4210236982906728,4.26,4.9
2005-09-22,13.79,0.23,3.473150644051306,4.19,4.9
2005-09-23,13.33,0.24,3.473150644051306,4.19,4.9
2005-09-26,13.33,0.24,3.473150644051306,4.19,4.9
2005-09-27,13.04,0.23,3.455774995464428,4.3,4.9
2005-09-28,12.76,0.22,3.473150644051306,4.3,4.9
2005-09-29,12.63,0.17,3.4383993468775502,4.26,4.9
2005-09-30,12.24,0.16,3.455774995464428,4.29,4.9
2005-10-03,12.24,0.16,3.455774995464428,4.29,4.9
2005-10-04,12.46,0.18,3.4383993468775502,4.39,4.9
2005-10-05,13.2,0.16,3.4210236982906728,4.38,4.9
2005-10-06,14.55,0.15,3.4210236982906728,4.36,5.0
2005-10-07,14.96,0.17,3.4383993468775502,4.37,5.0
2005-10-10,14.96,0.17,3.4383993468775502,4.37,5.0
2005-10-11,15.55,0.17,3.4383993468775502,4.35,5.0
2005-10-12,15.63,0.17,3.403648049703795,4.39,5.0
2005-10-13,16.22,0.21,3.455774995464428,4.45,5.0
2005-10-14,16.47,0.24,3.5079019412250614,4.48,5.0
2005-10-17,16.47,0.24,3.5079019412250614,4.48,5.0
2005-10-18,14.67,0.21,3.473150644051306,4.5,5.0
2005-10-19,15.33,0.22,3.473150644051306,4.49,5.0
2005-10-20,13.5,0.22,3.5079019412250614,4.47,5.0
2005-10-21,16.11,0.19,3.5079019412250614,4.46,5.0
2005-10-24,16.11,0.19,3.5079019412250614,4.46,5.0
2005-10-25,14.74,0.2,3.4905262926381835,4.45,5.0
2005-10-26,14.53,0.2,3.4210236982906728,4.54,5.0
2005-10-27,14.59,0.22,3.473150644051306,4.6,5.0
2005-10-28,16.02,0.21,3.473150644051306,4.57,5.0
2005-10-31,16.02,0.21,3.473150644051306,4.57,5.0
2005-11-01,15.32,0.17,3.455774995464428,4.57,5.0
2005-11-02,14.85,0.16,3.473150644051306,4.58,5.0
2005-11-03,13.48,0.18,3.473150644051306,4.61,5.0
2005-11-04,13.0,0.18,3.4383993468775502,4.65,5.0
2005-11-07,13.0,0.18,3.4383993468775502,4.65,5.0
2005-11-08,13.1,0.18,3.4383993468775502,4.65,5.0
2005-11-09,13.08,0.14,3.455774995464428,4.57,5.0
2005-11-10,12.8,0.15,3.4383993468775502,4.64,5.0
2005-11-11,11.9,0.11,3.473150644051306,4.55,5.0
2005-11-14,11.9,0.11,3.473150644051306,4.55,5.0
2005-11-15,12.18,0.11,3.455774995464428,4.61,5.0
2005-11-16,12.23,0.09,3.455774995464428,4.56,5.0
2005-11-17,12.26,0.07,3.473150644051306,4.49,5.0
2005-11-18,11.25,0.09,3.4905262926381835,4.46,5.0
2005-11-21,11.25,0.09,3.4905262926381835,4.46,5.0
2005-11-22,10.82,0.07,3.5252775898119393,4.46,5.0
2005-11-23,10.6,0.11,3.59478018415945,4.43,5.0
2005-11-25,10.96,0.11,3.59478018415945,4.47,5.0
2005-11-28,10.96,0.11,3.59478018415945,4.47,5.0
2005-11-29,11.84,0.08,3.560028886985694,4.41,5.0
2005-11-30,11.89,0.08,3.5426532383988167,4.48,5.0
2005-12-01,12.06,0.07,3.560028886985694,4.49,5.0
2005-12-02,11.24,0.07,3.5252775898119393,4.52,5.0
2005-12-05,11.24,0.07,3.5252775898119393,4.52,5.0
2005-12-06,11.6,0.1,3.5079019412250614,4.57,5.0
2005-12-07,11.52,0.07,3.5426532383988167,4.49,5.0
2005-12-08,12.18,0.1,3.5426532383988167,4.52,5.0
2005-12-09,12.21,0.1,3.5426532383988167,4.47,5.0
2005-12-12,12.21,0.1,3.5426532383988167,4.47,5.0
2005-12-13,11.47,0.11,3.5079019412250614,4.56,5.0
2005-12-14,11.11,0.11,3.5426532383988167,4.54,5.0
2005-12-15,10.48,0.08,3.5426532383988167,4.45,5.0
2005-12-16,10.73,0.1,3.5252775898119393,4.47,5.0
2005-12-19,10.73,0.1,3.5252775898119393,4.47,5.0
2005-12-20,11.38,0.07,3.473150644051306,4.45,5.0
2005-12-21,11.19,0.05,3.473150644051306,4.47,5.0
2005-12-22,10.81,0.06,3.473150644051306,4.49,5.0
2005-12-23,10.29,0.04,3.455774995464428,4.44,5.0
2005-12-27,10.27,0.01,3.455774995464428,4.38,5.0
2005-12-28,11.57,-0.01,3.455774995464428,4.34,5.0
2005-12-29,11.35,0.01,3.4383993468775502,4.38,5.0
2005-12-30,11.61,-0.01,3.4383993468775502,4.37,5.0
2006-01-03,12.07,-0.02,3.4383993468775502,4.39,5.0
2006-01-04,11.14,0.03,3.473150644051306,4.37,5.0
2006-01-05,11.37,0.05,3.473150644051306,4.36,4.9
2006-01-06,11.31,0.04,3.473150644051306,4.36,4.9
2006-01-09,11.31,0.04,3.473150644051306,4.36,4.9
2006-01-10,11.13,0.02,3.473150644051306,4.38,4.9
2006-01-11,10.86,0.02,3.473150644051306,4.43,4.9
2006-01-12,10.94,0.02,3.473150644051306,4.46,4.9
2006-01-13,11.2,0.03,3.455774995464428,4.42,4.9
2006-01-17,11.23,0.02,3.4383993468775502,4.36,4.9
2006-01-18,11.91,0.01,3.455774995464428,4.34,4.9
2006-01-19,12.25,0.01,3.473150644051306,4.34,4.9
2006-01-20,11.98,0.01,3.455774995464428,4.38,4.9
2006-01-23,11.98,0.01,3.455774995464428,4.38,4.9
2006-01-24,13.93,0.01,3.4383993468775502,4.36,4.9
2006-01-25,13.31,0.03,3.4210236982906728,4.4,4.9
2006-01-26,12.87,0.03,3.403648049703795,4.49,4.9
2006-01-27,12.42,0.04,3.403648049703795,4.53,4.9
2006-01-30,12.42,0.04,3.403648049703795,4.53,4.9
2006-01-31,12.39,0.02,3.386272401116917,4.54,4.9
2006-02-01,12.95,-0.01,3.368896752530039,4.53,4.9
2006-02-02,12.36,-0.02,3.3341454553562837,4.57,4.9
2006-02-03,13.23,-0.02,3.2993941581825283,4.57,4.9
2006-02-06,13.23,-0.02,3.2993941581825283,4.57,4.9
2006-02-07,13.04,-0.07,3.2125159152481393,4.55,4.7
2006-02-08,13.59,-0.04,3.247267212421895,4.57,4.7
2006-02-09,12.83,-0.08,3.316769806769406,4.56,4.7
2006-02-10,13.12,-0.12,3.2820185095956504,4.54,4.7
2006-02-13,13.12,-0.12,3.2820185095956504,4.54,4.7
2006-02-14,13.35,-0.1,3.2646428610087725,4.58,4.7
2006-02-15,12.25,-0.07,3.247267212421895,4.62,4.7
2006-02-16,12.31,-0.1,3.229891563835017,4.61,4.7
2006-02-17,11.48,-0.1,3.247267212421895,4.59,4.7
2006-02-21,12.01,-0.12,3.229891563835017,4.54,4.7
2006-02-22,12.41,-0.14,3.1951402666612614,4.57,4.7
2006-02-23,11.88,-0.15,3.1951402666612614,4.53,4.7
2006-02-24,11.87,-0.16,3.177764618074384,4.56,4.7
2006-02-27,11.87,-0.16,3.177764618074384,4.56,4.7
2006-02-28,11.59,-0.15,3.143013320900628,4.59,4.7
2006-03-01,12.34,-0.14,3.143013320900628,4.55,4.7
2006-03-02,11.54,-0.12,3.160388969487506,4.59,4.7
2006-03-03,11.72,-0.08,3.160388969487506,4.64,4.7
2006-03-06,11.72,-0.08,3.160388969487506,4.64,4.7
2006-03-07,12.74,-0.03,3.177764618074384,4.74,4.7
2006-03-08,12.66,-0.03,3.177764618074384,4.74,4.8
2006-03-09,12.32,0.01,3.1951402666612614,4.73,4.8
2006-03-10,12.68,0.02,3.177764618074384,4.74,4.8
2006-03-13,12.68,0.02,3.177764618074384,4.74,4.8
2006-03-14,11.37,0.03,3.2125159152481393,4.77,4.8
2006-03-15,10.74,0.05,3.1951402666612614,4.71,4.8
2006-03-16,11.35,0.04,3.229891563835017,4.73,4.8
2006-03-17,11.98,0.03,3.2646428610087725,4.65,4.8
2006-03-20,11.98,0.03,3.2646428610087725,4.65,4.8
2006-03-21,11.79,0.01,3.229891563835017,4.66,4.8
2006-03-22,11.62,-0.01,3.229891563835017,4.71,4.8
2006-03-23,11.21,-0.04,3.2125159152481393,4.7,4.8
2006-03-24,11.17,-0.04,3.229891563835017,4.73,4.8
2006-03-27,11.17,-0.04,3.229891563835017,4.73,4.8
2006-03-28,11.46,-0.02,3.229891563835017,4.7,4.8
2006-03-29,11.58,-0.02,3.1951402666612614,4.79,4.8
2006-03-30,10.95,-0.01,3.247267212421895,4.81,4.8
2006-03-31,11.57,0.02,3.229891563835017,4.86,4.8
2006-04-03,11.57,0.02,3.229891563835017,4.86,4.8
2006-04-04,11.57,0.02,3.1951402666612614,4.88,4.8
2006-04-05,11.14,0.03,3.2125159152481393,4.87,4.7
2006-04-06,11.13,0.03,3.229891563835017,4.84,4.7
2006-04-07,11.45,0.06,3.229891563835017,4.9,4.7
2006-04-10,11.45,0.06,3.229891563835017,4.9,4.7
2006-04-11,12.19,0.08,3.229891563835017,4.97,4.7
2006-04-12,13.0,0.05,3.247267212421895,4.93,4.7
2006-04-13,12.76,0.07,3.247267212421895,4.98,4.7
2006-04-17,12.76,0.07,3.247267212421895,4.98,4.7
2006-04-18,12.58,0.1,3.229891563835017,5.01,4.7
2006-04-19,11.4,0.15,3.229891563835017,4.99,4.7
2006-04-20,11.32,0.18,3.229891563835017,5.04,4.7
2006-04-21,11.64,0.15,3.229891563835017,5.04,4.7
2006-04-24,11.64,0.15,3.229891563835017,5.04,4.7
2006-04-25,11.75,0.1,3.177764618074384,4.99,4.7
2006-04-26,11.75,0.12,3.1951402666612614,5.07,4.7
2006-04-27,11.76,0.13,3.1256376723137507,5.12,4.7
2006-04-28,11.84,0.18,3.177764618074384,5.09,4.7
2006-05-01,11.84,0.18,3.177764618074384,5.09,4.7
2006-05-02,12.54,0.2,3.1082620237268728,5.14,4.7
2006-05-03,11.99,0.2,3.0735107265531174,5.12,4.7
2006-05-04,11.99,0.21,3.0735107265531174,5.15,4.7
2006-05-05,11.86,0.19,3.05613507796624,5.16,4.7
2006-05-08,11.86,0.19,3.05613507796624,5.16,4.7
2006-05-09,12.0,0.15,3.038759429379362,5.12,4.7
2006-05-10,11.99,0.16,3.038759429379362,5.13,4.7
2006-05-11,11.78,0.12,3.021383780792484,5.13,4.7
2006-05-12,12.49,0.15,3.0735107265531174,5.14,4.7
2006-05-15,12.49,0.15,3.0735107265531174,5.14,4.7
2006-05-16,13.57,0.16,3.1256376723137507,5.15,4.7
2006-05-17,13.35,0.14,3.160388969487506,5.1,4.7
2006-05-18,16.26,0.19,3.160388969487506,5.16,4.7
2006-05-19,16.99,0.14,3.160388969487506,5.08,4.7
2006-05-22,16.99,0.14,3.160388969487506,5.08,4.7
2006-05-23,17.72,0.1,3.160388969487506,5.04,4.7
2006-05-24,18.26,0.1,3.143013320900628,5.07,4.7
2006-05-25,17.36,0.09,3.1951402666612614,5.03,4.7
2006-05-26,15.5,0.09,3.177764618074384,5.07,4.7
2006-05-30,14.26,0.1,3.177764618074384,5.06,4.7
2006-05-31,18.66,0.1,3.177764618074384,5.09,4.7
2006-06-01,16.44,0.08,3.160388969487506,5.12,4.7
2006-06-02,14.52,0.07,3.160388969487506,5.11,4.7
2006-06-05,14.32,0.08,3.177764618074384,5.0,4.6
2006-06-06,16.65,0.03,3.177764618074384,5.02,4.6
2006-06-07,17.34,0.02,3.143013320900628,5.01,4.6
2006-06-08,17.8,0.0,3.177764618074384,5.02,4.6
2006-06-09,18.35,-0.01,3.160388969487506,5.0,4.6
2006-06-12,18.35,-0.01,3.160388969487506,5.0,4.6
2006-06-13,20.96,-0.03,3.143013320900628,4.99,4.6
2006-06-14,23.81,-0.05,3.177764618074384,4.97,4.6
2006-06-15,21.46,-0.06,3.177764618074384,5.05,4.6
2006-06-16,15.9,-0.04,3.177764618074384,5.1,4.6
2006-06-19,15.9,-0.04,3.177764618074384,5.1,4.6
2006-06-20,17.83,-0.05,3.177764618074384,5.14,4.6
2006-06-21,16.69,-0.04,3.177764618074384,5.15,4.6
2006-06-22,15.52,-0.04,3.1951402666612614,5.16,4.6
2006-06-23,15.88,-0.03,3.2125159152481393,5.2,4.6
2006-06-26,15.88,-0.03,3.2125159152481393,5.2,4.6
2006-06-27,15.62,-0.02,3.2125159152481393,5.25,4.6
2006-06-28,16.4,-0.03,3.229891563835017,5.21,4.6
2006-06-29,15.79,-0.04,3.2125159152481393,5.25,4.6
2006-06-30,13.03,0.01,3.2125159152481393,5.22,4.6
2006-07-03,13.03,0.01,3.2125159152481393,5.22,4.6
2006-07-05,13.05,-0.02,3.1951402666612614,5.15,4.6
2006-07-06,14.15,-0.01,3.177764618074384,5.23,4.6
2006-07-07,13.65,-0.03,3.160388969487506,5.19,4.6
2006-07-10,13.65,-0.03,3.160388969487506,5.19,4.6
2006-07-11,14.02,-0.04,3.160388969487506,5.13,4.6
2006-07-12,13.14,-0.07,3.177764618074384,5.1,4.6
2006-07-13,14.49,-0.07,3.160388969487506,5.1,4.6
2006-07-14,17.79,-0.04,3.160388969487506,5.08,4.6
2006-07-17,17.79,-0.04,3.160388969487506,5.08,4.6
2006-07-18,18.64,-0.05,3.1951402666612614,5.07,4.6
2006-07-19,17.74,-0.06,3.1951402666612614,5.13,4.6
2006-07-20,15.55,-0.06,3.2125159152481393,5.06,4.6
2006-07-21,16.21,-0.03,3.2125159152481393,5.03,4.6
2006-07-24,16.21,-0.03,3.2125159152481393,5.03,4.6
2006-07-25,14.98,-0.05,3.2125159152481393,5.05,4.6
2006-07-26,14.85,-0.04,3.1951402666612614,5.07,4.6
2006-07-27,14.62,-0.02,3.1951402666612614,5.04,4.6
2006-07-28,14.94,0.0,3.143013320900628,5.07,4.6
2006-07-31,14.94,0.0,3.143013320900628,5.07,4.6
2006-08-01,14.95,0.02,3.1951402666612614,4.99,4.6
2006-08-02,15.05,0.02,3.2125159152481393,4.99,4.6
2006-08-03,14.34,-0.01,3.2125159152481393,4.96,4.6
2006-08-04,14.46,-0.02,3.1951402666612614,4.96,4.6
2006-08-07,14.46,-0.02,3.1951402666612614,4.96,4.6
2006-08-08,15.23,-0.03,3.177764618074384,4.93,4.7
2006-08-09,15.23,0.02,3.229891563835017,4.93,4.7
2006-08-10,15.2,0.01,3.2820185095956504,4.92,4.7
2006-08-11,14.46,0.0,3.2820185095956504,4.93,4.7
2006-08-14,14.46,0.0,3.2820185095956504,4.93,4.7
2006-08-15,14.26,-0.01,3.2125159152481393,5.0,4.7
2006-08-16,13.42,-0.01,3.229891563835017,4.93,4.7
2006-08-17,12.41,0.0,3.247267212421895,4.87,4.7
2006-08-18,12.24,-0.02,3.247267212421895,4.87,4.7
2006-08-21,12.24,-0.02,3.247267212421895,4.87,4.7
2006-08-22,12.22,-0.03,3.2646428610087725,4.82,4.7
2006-08-23,12.19,-0.05,3.247267212421895,4.82,4.7
2006-08-24,12.4,-0.05,3.2646428610087725,4.82,4.7
2006-08-25,12.4,-0.07,3.2646428610087725,4.81,4.7
2006-08-28,12.4,-0.07,3.2646428610087725,4.81,4.7
2006-08-29,12.18,-0.08,3.2820185095956504,4.8,4.7
2006-08-30,12.28,-0.08,3.2993941581825283,4.79,4.7
2006-08-31,12.22,-0.07,3.2993941581825283,4.76,4.7
2006-09-01,12.31,-0.05,3.2820185095956504,4.74,4.7
2006-09-04,12.31,-0.05,3.2820185095956504,4.74,4.7
2006-09-05,11.96,-0.04,3.2820185095956504,4.73,4.7
2006-09-06,12.63,-0.02,3.2820185095956504,4.78,4.7
2006-09-07,13.74,-0.02,3.2820185095956504,4.8,4.7
2006-09-08,13.88,-0.02,3.2646428610087725,4.8,4.7
2006-09-11,13.88,-0.02,3.2646428610087725,4.8,4.7
2006-09-12,12.99,-0.03,3.2646428610087725,4.8,4.7
2006-09-13,11.92,-0.04,3.229891563835017,4.78,4.7
2006-09-14,11.18,-0.03,3.229891563835017,4.77,4.7
2006-09-15,11.55,-0.04,3.229891563835017,4.79,4.7
2006-09-18,11.55,-0.04,3.229891563835017,4.79,4.7
2006-09-19,11.78,-0.07,3.1951402666612614,4.81,4.7
2006-09-20,11.98,-0.05,3.2125159152481393,4.74,4.7
2006-09-21,11.39,-0.08,3.2125159152481393,4.73,4.7
2006-09-22,12.25,-0.06,3.247267212421895,4.65,4.7
2006-09-25,12.25,-0.06,3.247267212421895,4.65,4.7
2006-09-26,12.12,-0.07,3.2646428610087725,4.56,4.7
2006-09-27,11.53,-0.09,3.247267212421895,4.59,4.7
2006-09-28,11.58,-0.06,3.247267212421895,4.6,4.7
2006-09-29,11.72,-0.05,3.2820185095956504,4.63,4.7
2006-10-02,11.72,-0.05,3.2820185095956504,4.63,4.7
2006-10-03,12.57,-0.04,3.2820185095956504,4.62,4.7
2006-10-04,12.24,-0.05,3.2646428610087725,4.62,4.7
2006-10-05,11.86,-0.03,3.2993941581825283,4.57,4.7
2006-10-06,11.98,-0.04,3.2993941581825283,4.61,4.5
2006-10-09,11.98,-0.04,3.2993941581825283,4.61,4.5
2006-10-10,11.68,-0.04,3.2820185095956504,4.7,4.5
2006-10-11,11.52,-0.07,3.2646428610087725,4.75,4.5
2006-10-12,11.62,-0.07,3.2820185095956504,4.78,4.5
2006-10-13,11.09,-0.06,3.247267212421895,4.79,4.5
2006-10-16,11.09,-0.06,3.247267212421895,4.79,4.5
2006-10-17,11.09,-0.06,3.247267212421895,4.79,4.5
2006-10-18,11.73,-0.05,3.247267212421895,4.78,4.5
2006-10-19,11.34,-0.08,3.229891563835017,4.77,4.5
2006-10-20,10.9,-0.06,3.229891563835017,4.79,4.5
2006-10-23,10.9,-0.06,3.229891563835017,4.79,4.5
2006-10-24,11.08,-0.07,3.160388969487506,4.83,4.5
2006-10-25,10.78,-0.08,3.143013320900628,4.83,4.5
2006-10-26,10.66,-0.1,3.160388969487506,4.78,4.5
2006-10-27,10.56,-0.08,3.143013320900628,4.73,4.5
2006-10-30,10.56,-0.08,3.143013320900628,4.73,4.5
2006-10-31,11.2,-0.1,3.1256376723137507,4.68,4.5
2006-11-01,11.1,-0.1,3.1256376723137507,4.61,4.5
2006-11-02,11.51,-0.09,3.1256376723137507,4.57,4.5
2006-11-03,11.42,-0.07,3.1256376723137507,4.6,4.5
2006-11-06,11.42,-0.07,3.1256376723137507,4.6,4.5
2006-11-07,11.16,-0.11,3.038759429379362,4.71,4.4
2006-11-08,11.09,-0.11,3.05613507796624,4.66,4.4
2006-11-09,10.75,-0.11,3.038759429379362,4.64,4.4
2006-11-10,11.01,-0.13,3.0908863751399953,4.62,4.4
2006-11-13,11.01,-0.13,3.0908863751399953,4.62,4.4
2006-11-14,10.86,-0.15,3.05613507796624,4.61,4.4
2006-11-15,10.5,-0.17,3.0735107265531174,4.57,4.4
2006-11-16,10.31,-0.19,3.0735107265531174,4.61,4.4
2006-11-17,10.16,-0.19,3.038759429379362,4.66,4.4
2006-11-20,10.16,-0.19,3.038759429379362,4.66,4.4
2006-11-21,9.97,-0.16,3.05613507796624,4.6,4.4
2006-11-22,9.9,-0.17,3.05613507796624,4.58,4.4
2006-11-24,10.14,-0.17,3.05613507796624,4.57,4.4
2006-11-27,10.14,-0.17,3.05613507796624,4.57,4.4
2006-11-28,12.3,-0.17,3.0735107265531174,4.54,4.4
2006-11-29,11.62,-0.16,3.0908863751399953,4.51,4.4
2006-11-30,10.83,-0.17,3.0908863751399953,4.52,4.4
2006-12-01,10.91,-0.16,3.1256376723137507,4.46,4.4
2006-12-04,10.91,-0.16,3.1256376723137507,4.46,4.4
2006-12-05,11.23,-0.09,3.160388969487506,4.43,4.4
2006-12-06,11.27,-0.07,3.143013320900628,4.45,4.5
2006-12-07,11.33,-0.11,3.143013320900628,4.48,4.5
2006-12-08,12.67,-0.09,3.1256376723137507,4.49,4.5
2006-12-11,12.67,-0.09,3.1256376723137507,4.49,4.5
2006-12-12,10.71,-0.15,3.1256376723137507,4.52,4.5
2006-12-13,10.65,-0.12,3.143013320900628,4.49,4.5
2006-12-14,10.18,-0.12,3.1256376723137507,4.58,4.5
2006-12-15,9.97,-0.13,3.160388969487506,4.6,4.5
2006-12-18,9.97,-0.13,3.160388969487506,4.6,4.5
2006-12-19,10.6,-0.11,3.143013320900628,4.6,4.5
2006-12-20,10.3,-0.11,3.177764618074384,4.6,4.5
2006-12-21,10.26,-0.11,3.177764618074384,4.6,4.5
2006-12-22,10.53,-0.11,3.1951402666612614,4.55,4.5
2006-12-26,11.36,-0.08,3.177764618074384,4.63,4.5
2006-12-27,11.26,-0.1,3.160388969487506,4.61,4.5
2006-12-28,10.64,-0.11,3.160388969487506,4.66,4.5
2006-12-29,10.99,-0.12,3.143013320900628,4.7,4.5
2007-01-02,11.56,-0.11,3.1256376723137507,4.71,4.5
2007-01-03,11.56,-0.12,3.1256376723137507,4.68,4.5
2007-01-04,12.04,-0.09,3.0735107265531174,4.67,4.5
2007-01-05,11.51,-0.09,3.0908863751399953,4.62,4.4
2007-01-08,11.51,-0.09,3.0908863751399953,4.62,4.4
2007-01-09,12.0,-0.12,3.038759429379362,4.66,4.4
2007-01-10,11.91,-0.13,3.038759429379362,4.66,4.4
2007-01-11,11.47,-0.12,3.038759429379362,4.69,4.4
2007-01-12,10.87,-0.12,3.038759429379362,4.74,4.4
2007-01-16,10.15,-0.11,3.038759429379362,4.77,4.4
2007-01-17,10.74,-0.11,3.038759429379362,4.75,4.4
2007-01-18,10.59,-0.12,3.021383780792484,4.79,4.4
2007-01-19,10.85,-0.14,3.021383780792484,4.75,4.4
2007-01-22,10.85,-0.14,3.021383780792484,4.75,4.4
2007-01-23,10.77,-0.15,3.0040081322056067,4.76,4.4
2007-01-24,10.34,-0.13,3.0040081322056067,4.81,4.4
2007-01-25,9.89,-0.12,3.0040081322056067,4.81,4.4
2007-01-26,11.22,-0.11,2.986632483618729,4.87,4.4
2007-01-29,11.22,-0.11,2.986632483618729,4.87,4.4
2007-01-30,11.45,-0.09,2.969256835031851,4.9,4.4
2007-01-31,10.96,-0.1,2.986632483618729,4.88,4.4
2007-02-01,10.42,-0.11,3.0040081322056067,4.83,4.4
2007-02-02,10.31,-0.12,2.986632483618729,4.84,4.4
2007-02-05,10.08,-0.11,2.986632483618729,4.83,4.6
2007-02-06,10.55,-0.11,2.986632483618729,4.81,4.6
2007-02-07,10.65,-0.13,2.969256835031851,4.77,4.6
2007-02-08,10.32,-0.13,2.986632483618729,4.74,4.6
2007-02-09,10.44,-0.14,2.969256835031851,4.73,4.6
2007-02-12,10.44,-0.14,2.969256835031851,4.73,4.6
2007-02-13,11.61,-0.14,2.9518811864449734,4.8,4.6
2007-02-14,10.34,-0.13,2.9518811864449734,4.82,4.6
2007-02-15,10.23,-0.13,2.969256835031851,4.74,4.6
2007-02-16,10.22,-0.13,2.986632483618729,4.7,4.6
2007-02-20,10.02,-0.14,2.969256835031851,4.69,4.6
2007-02-21,10.24,-0.13,2.969256835031851,4.68,4.6
2007-02-22,10.2,-0.13,2.9518811864449734,4.69,4.6
2007-02-23,10.18,-0.14,2.9518811864449734,4.73,4.6
2007-02-26,10.18,-0.14,2.9518811864449734,4.73,4.6
2007-02-27,11.15,-0.14,2.9518811864449734,4.63,4.6
2007-02-28,18.31,-0.09,3.038759429379362,4.5,4.6
2007-03-01,15.42,-0.09,3.05613507796624,4.56,4.6
2007-03-02,15.82,-0.07,3.0908863751399953,4.56,4.6
2007-03-05,15.82,-0.07,3.0908863751399953,4.56,4.6
2007-03-06,19.63,-0.02,3.1951402666612614,4.51,4.6
2007-03-07,15.96,-0.05,3.160388969487506,4.53,4.6
2007-03-08,15.24,-0.04,3.160388969487506,4.5,4.5
2007-03-09,14.29,-0.05,3.177764618074384,4.51,4.5
2007-03-12,14.29,-0.05,3.177764618074384,4.51,4.5
2007-03-13,13.99,-0.06,3.143013320900628,4.56,4.5
2007-03-14,18.13,-0.02,3.229891563835017,4.5,4.5
2007-03-15,17.27,-0.01,3.2646428610087725,4.53,4.5
2007-03-16,16.43,-0.03,3.229891563835017,4.54,4.5
2007-03-19,16.43,-0.03,3.229891563835017,4.54,4.5
2007-03-20,14.59,-0.03,3.229891563835017,4.58,4.5
2007-03-21,13.27,-0.04,3.247267212421895,4.56,4.5
2007-03-22,12.19,0.02,3.2820185095956504,4.53,4.5
2007-03-23,12.93,0.02,3.316769806769406,4.6,4.5
2007-03-26,12.93,0.02,3.316769806769406,4.6,4.5
2007-03-27,13.16,0.04,3.316769806769406,4.6,4.5
2007-03-28,13.48,0.04,3.3341454553562837,4.62,4.5
2007-03-29,14.98,0.09,3.368896752530039,4.62,4.5
2007-03-30,15.14,0.06,3.2993941581825283,4.64,4.5
2007-04-02,15.14,0.06,3.2993941581825283,4.64,4.5
2007-04-03,14.53,0.05,3.2993941581825283,4.65,4.5
2007-04-04,13.46,0.04,3.2820185095956504,4.67,4.5
2007-04-05,13.24,0.05,3.2993941581825283,4.66,4.4
2007-04-09,13.24,0.05,3.2993941581825283,4.66,4.4
2007-04-10,13.14,0.02,3.2646428610087725,4.75,4.4
2007-04-11,12.68,0.02,3.2646428610087725,4.73,4.4
2007-04-12,13.49,0.01,3.247267212421895,4.74,4.4
2007-04-13,12.71,0.01,3.247267212421895,4.74,4.4
2007-04-16,12.71,0.01,3.247267212421895,4.74,4.4
2007-04-17,11.98,0.0,3.1951402666612614,4.74,4.4
2007-04-18,12.14,0.01,3.1951402666612614,4.69,4.4
2007-04-19,12.42,0.02,3.177764618074384,4.66,4.4
2007-04-20,12.54,0.04,3.177764618074384,4.68,4.4
2007-04-23,12.54,0.04,3.177764618074384,4.68,4.4
2007-04-24,13.04,0.04,3.1951402666612614,4.66,4.4
2007-04-25,13.12,0.05,3.1951402666612614,4.63,4.4
2007-04-26,13.21,0.03,3.1951402666612614,4.66,4.4
2007-04-27,12.79,0.02,3.2125159152481393,4.69,4.4
2007-04-30,12.79,0.02,3.2125159152481393,4.69,4.4
2007-05-01,14.22,0.03,3.1951402666612614,4.63,4.4
2007-05-02,13.51,0.01,3.177764618074384,4.64,4.4
2007-05-03,13.08,0.0,3.160388969487506,4.65,4.4
2007-05-04,13.09,-0.03,3.1256376723137507,4.68,4.4
2007-05-07,13.09,-0.03,3.1256376723137507,4.68,4.4
2007-05-08,13.15,-0.04,3.1256376723137507,4.64,4.5
2007-05-09,13.21,-0.05,3.160388969487506,4.63,4.5
2007-05-10,12.88,-0.06,3.143013320900628,4.67,4.5
2007-05-11,13.6,-0.05,3.160388969487506,4.65,4.5
2007-05-14,13.6,-0.05,3.160388969487506,4.65,4.5
2007-05-15,13.96,-0.04,3.143013320900628,4.69,4.5
2007-05-16,14.01,-0.04,3.143013320900628,4.71,4.5
2007-05-17,13.5,-0.02,3.1256376723137507,4.71,4.5
2007-05-18,13.51,-0.02,3.1256376723137507,4.76,4.5
2007-05-21,13.51,-0.02,3.1256376723137507,4.76,4.5
2007-05-22,13.3,-0.02,3.1082620237268728,4.79,4.5
2007-05-23,13.06,0.0,3.1082620237268728,4.83,4.5
2007-05-24,13.24,0.01,3.1082620237268728,4.86,4.5
2007-05-25,14.08,0.01,3.1082620237268728,4.86,4.5
2007-05-29,13.34,0.01,3.0908863751399953,4.86,4.5
2007-05-30,13.53,0.0,3.0908863751399953,4.88,4.5
2007-05-31,12.83,-0.01,3.0735107265531174,4.88,4.5
2007-06-01,13.05,-0.02,3.05613507796624,4.9,4.5
2007-06-04,13.05,-0.02,3.05613507796624,4.9,4.5
2007-06-05,13.29,-0.04,3.021383780792484,4.93,4.4
2007-06-06,13.63,-0.01,3.0040081322056067,4.98,4.4
2007-06-07,14.87,0.0,3.05613507796624,4.97,4.4
2007-06-08,17.06,0.08,3.05613507796624,5.11,4.4
2007-06-11,17.06,0.08,3.05613507796624,5.11,4.4
2007-06-12,14.71,0.13,3.0735107265531174,5.14,4.4
2007-06-13,16.67,0.18,3.05613507796624,5.26,4.4
2007-06-14,14.73,0.12,3.021383780792484,5.2,4.4
2007-06-15,13.64,0.13,3.0040081322056067,5.23,4.4
2007-06-18,13.64,0.13,3.0040081322056067,5.23,4.4
2007-06-19,13.42,0.14,3.05613507796624,5.15,4.4
2007-06-20,12.85,0.15,3.05613507796624,5.09,4.4
2007-06-21,14.67,0.17,3.0040081322056067,5.14,4.4
2007-06-22,14.21,0.18,3.05613507796624,5.16,4.4
2007-06-25,14.21,0.18,3.05613507796624,5.16,4.4
2007-06-26,16.65,0.22,3.038759429379362,5.09,4.4
2007-06-27,18.89,0.2,3.0735107265531174,5.1,4.4
2007-06-28,15.53,0.18,3.038759429379362,5.09,4.4
2007-06-29,15.54,0.16,3.05613507796624,5.12,4.4
2007-07-02,15.54,0.16,3.05613507796624,5.12,4.4
2007-07-03,15.4,0.14,3.05613507796624,5.0,4.4
2007-07-05,14.92,0.16,3.05613507796624,5.05,4.4
2007-07-06,15.48,0.17,3.021383780792484,5.16,4.6
2007-07-09,15.48,0.17,3.021383780792484,5.16,4.6
2007-07-10,15.16,0.19,3.021383780792484,5.16,4.6
2007-07-11,17.57,0.18,3.05613507796624,5.03,4.6
2007-07-12,16.64,0.2,3.038759429379362,5.09,4.6
2007-07-13,15.54,0.19,3.038759429379362,5.13,4.6
2007-07-16,15.54,0.19,3.038759429379362,5.13,4.6
2007-07-17,15.59,0.16,3.021383780792484,5.05,4.6
2007-07-18,15.63,0.17,3.038759429379362,5.08,4.6
2007-07-19,16.0,0.18,3.021383780792484,5.02,4.6
2007-07-20,15.23,0.17,3.038759429379362,5.04,4.6
2007-07-23,15.23,0.17,3.038759429379362,5.04,4.6
2007-07-24,16.81,0.17,3.0735107265531174,4.97,4.6
2007-07-25,18.55,0.17,3.143013320900628,4.94,4.6
2007-07-26,18.1,0.18,3.143013320900628,4.92,4.6
2007-07-27,20.74,0.23,3.455774995464428,4.79,4.6
2007-07-30,20.74,0.23,3.455774995464428,4.79,4.6
2007-07-31,20.87,0.23,3.5426532383988167,4.82,4.6
2007-08-01,23.52,0.22,3.4905262926381835,4.78,4.6
2007-08-02,23.67,0.2,3.5079019412250614,4.76,4.6
2007-08-03,21.22,0.18,3.455774995464428,4.77,4.6
2007-08-06,21.22,0.18,3.455774995464428,4.77,4.6
2007-08-07,22.94,0.26,3.560028886985694,4.72,4.7
2007-08-08,21.56,0.21,3.455774995464428,4.77,4.7
2007-08-09,21.45,0.2,3.5252775898119393,4.84,4.7
2007-08-10,26.48,0.3,3.59478018415945,4.79,4.7
2007-08-13,26.48,0.3,3.59478018415945,4.79,4.7
2007-08-14,26.57,0.32,3.59478018415945,4.78,4.7
2007-08-15,27.68,0.34,3.664282778506961,4.73,4.7
2007-08-16,30.67,0.42,3.8032879672019826,4.69,4.7
2007-08-17,30.83,0.52,3.8554149129626163,4.6,4.7
2007-08-20,30.83,0.52,3.8554149129626163,4.6,4.7
2007-08-21,26.33,0.53,3.890166210136372,4.64,4.7
2007-08-22,25.25,0.55,3.907541858723249,4.6,4.7
2007-08-23,22.89,0.48,3.8727905615494937,4.63,4.7
2007-08-24,22.62,0.42,3.820663615788861,4.62,4.7
2007-08-27,22.62,0.42,3.820663615788861,4.62,4.7
2007-08-28,22.72,0.32,3.7511610214413498,4.6,4.7
2007-08-29,26.3,0.4,3.8727905615494937,4.53,4.7
2007-08-30,23.81,0.43,3.8380392643757384,4.57,4.7
2007-08-31,25.06,0.43,3.8727905615494937,4.51,4.7
2007-09-04,23.38,0.39,3.8380392643757384,4.54,4.7
2007-09-05,22.78,0.43,3.820663615788861,4.56,4.6
2007-09-06,24.58,0.45,3.8554149129626163,4.48,4.6
2007-09-07,23.99,0.43,3.8554149129626163,4.51,4.6
2007-09-10,23.99,0.43,3.8554149129626163,4.51,4.6
2007-09-11,27.38,0.47,3.9770444530707603,4.34,4.6
2007-09-12,25.27,0.42,3.942293155897005,4.37,4.6
2007-09-13,24.96,0.46,3.9770444530707603,4.41,4.6
2007-09-14,24.76,0.41,3.959668804483883,4.49,4.6
2007-09-17,24.76,0.41,3.959668804483883,4.49,4.6
2007-09-18,26.48,0.4,3.9249175073101275,4.48,4.6
2007-09-19,20.35,0.5,3.942293155897005,4.5,4.6
2007-09-20,20.03,0.53,3.942293155897005,4.53,4.6
2007-09-21,20.45,0.59,3.820663615788861,4.69,4.6
2007-09-24,20.45,0.59,3.820663615788861,4.69,4.6
2007-09-25,19.37,0.58,3.785912318615105,4.63,4.6
2007-09-26,18.6,0.63,3.785912318615105,4.63,4.6
2007-09-27,17.63,0.66,3.8032879672019826,4.63,4.6
2007-09-28,17.0,0.63,3.7685366700282272,4.58,4.6
2007-10-01,17.0,0.63,3.7685366700282272,4.58,4.6
2007-10-02,17.84,0.54,3.733785372854472,4.56,4.6
2007-10-03,18.49,0.56,3.7511610214413498,4.54,4.6
2007-10-04,18.8,0.53,3.733785372854472,4.55,4.6
2007-10-05,18.44,0.54,3.6990340756807165,4.54,4.6
2007-10-08,18.44,0.54,3.6990340756807165,4.54,4.6
2007-10-09,17.46,0.57,3.6469071299200833,4.65,4.7
2007-10-10,16.12,0.52,3.577404535572572,4.67,4.7
2007-10-11,16.67,0.5,3.59478018415945,4.65,4.7
2007-10-12,18.88,0.53,3.577404535572572,4.66,4.7
2007-10-15,18.88,0.53,3.577404535572572,4.66,4.7
2007-10-16,19.25,0.47,3.5426532383988167,4.69,4.7
2007-10-17,20.02,0.54,3.6121558327463275,4.66,4.7
2007-10-18,18.54,0.57,3.59478018415945,4.57,4.7
2007-10-19,18.5,0.59,3.6469071299200833,4.52,4.7
2007-10-22,18.5,0.59,3.6469071299200833,4.52,4.7
2007-10-23,21.64,0.57,3.6816584270938386,4.42,4.7
2007-10-24,20.41,0.6,3.7164097242675944,4.41,4.7
2007-10-25,20.8,0.62,3.7164097242675944,4.36,4.7
2007-10-26,21.17,0.63,3.733785372854472,4.37,4.7
2007-10-29,21.17,0.63,3.733785372854472,4.37,4.7
2007-10-30,19.87,0.6,3.7164097242675944,4.39,4.7
2007-10-31,21.07,0.58,3.733785372854472,4.4,4.7
2007-11-01,18.53,0.54,3.733785372854472,4.48,4.7
2007-11-02,23.21,0.59,3.7685366700282272,4.36,4.7
2007-11-05,23.01,0.65,3.820663615788861,4.31,4.7
2007-11-06,24.31,0.66,3.785912318615105,4.35,4.7
2007-11-07,21.39,0.68,3.8032879672019826,4.38,4.7
2007-11-08,26.49,0.73,3.9249175073101275,4.34,4.7
2007-11-09,26.16,0.81,4.0291713988313935,4.28,4.7
2007-11-12,26.16,0.81,4.0291713988313935,4.28,4.7
2007-11-13,31.09,0.81,4.063922696005149,4.23,4.7
2007-11-14,24.1,0.72,4.063922696005149,4.26,4.7
2007-11-15,25.94,0.71,4.0291713988313935,4.28,4.7
2007-11-16,28.06,0.82,4.13342529035266,4.17,4.7
2007-11-19,28.06,0.82,4.13342529035266,4.17,4.7
2007-11-20,26.01,0.89,4.2724304790476815,4.07,4.7
2007-11-21,24.88,0.92,4.359308721982071,4.06,4.7
2007-11-23,26.84,1.01,4.4635626135033375,4.0,4.7
2007-11-26,26.84,1.01,4.4635626135033375,4.0,4.7
2007-11-27,28.91,0.91,4.44618696491646,3.83,4.7
2007-11-28,26.28,0.9,4.4635626135033375,3.95,4.7
2007-11-29,24.11,0.86,4.44618696491646,4.03,4.7
2007-11-30,23.97,0.88,4.550440856437726,3.94,4.7
2007-12-03,23.97,0.88,4.550440856437726,3.94,4.7
2007-12-04,23.61,0.99,4.654694747958993,3.89,4.7
2007-12-05,23.79,0.99,4.67207039654587,3.89,4.7
2007-12-06,22.53,1.02,4.758948639480259,3.92,4.7
2007-12-07,20.96,0.99,4.776324288067136,4.02,4.7
2007-12-10,20.96,0.99,4.776324288067136,4.02,4.7
2007-12-11,20.74,0.98,4.776324288067136,4.15,4.7
2007-12-12,23.59,1.04,4.845826882414648,3.98,4.7
2007-12-13,22.47,0.98,4.845826882414648,4.05,4.7
2007-12-14,22.56,0.97,4.758948639480259,4.18,4.7
2007-12-17,22.56,0.97,4.758948639480259,4.18,4.7
2007-12-18,24.52,0.96,4.706821693719625,4.2,4.7
2007-12-19,22.64,0.95,4.654694747958993,4.14,4.7
2007-12-20,21.68,0.94,4.689446045132748,4.06,4.7
2007-12-21,20.58,0.95,4.637319099372115,4.04,4.7
2007-12-24,20.58,0.95,4.637319099372115,4.04,4.7
2007-12-26,18.6,0.99,4.60256780219836,4.23,4.7
2007-12-27,18.66,0.99,4.60256780219836,4.3,4.7
2007-12-28,20.26,0.97,4.654694747958993,4.21,4.7
2007-12-31,20.26,0.97,4.654694747958993,4.21,4.7
2008-01-02,22.5,0.99,4.654694747958993,4.04,4.7
2008-01-03,23.17,1.03,4.689446045132748,3.91,4.7
2008-01-04,22.49,1.08,4.741572990893381,3.91,4.7
2008-01-07,22.49,1.08,4.741572990893381,3.91,4.7
2008-01-08,23.79,1.1,4.793699936654015,3.86,5.0
2008-01-09,25.43,1.1,4.845826882414648,3.86,5.0
2008-01-10,24.12,1.13,4.9153294767621585,3.82,5.0
2008-01-11,23.45,1.2,5.019583368283425,3.91,5.0
2008-01-14,23.45,1.2,5.019583368283425,3.91,5.0
2008-01-15,22.9,1.23,5.071710314044058,3.81,5.0
2008-01-16,23.34,1.19,5.106461611217814,3.72,5.0
2008-01-17,24.38,1.23,5.089085962630937,3.74,5.0
2008-01-18,28.46,1.22,5.158588556978447,3.66,5.0
2008-01-22,27.18,1.3,5.262842448499714,3.66,5.0
2008-01-23,31.01,1.44,5.453974582955369,3.52,5.0
2008-01-24,29.02,1.42,5.401847637194736,3.51,5.0
2008-01-25,27.78,1.43,5.401847637194736,3.68,5.0
2008-01-28,27.78,1.43,5.401847637194736,3.68,5.0
2008-01-29,27.78,1.41,5.436598934368492,3.61,5.0
2008-01-30,27.32,1.4,5.384471988607858,3.69,5.0
2008-01-31,27.62,1.48,5.384471988607858,3.78,5.0
2008-02-01,26.2,1.5,5.419223285781613,3.67,5.0
2008-02-04,26.2,1.5,5.419223285781613,3.67,5.0
2008-02-05,25.99,1.6,5.453974582955369,3.68,5.0
2008-02-06,28.24,1.68,5.506101528716002,3.61,5.0
2008-02-07,28.97,1.65,5.575604123063513,3.61,5.0
2008-02-08,27.66,1.75,5.592979771650391,3.74,5.0
2008-02-11,27.66,1.75,5.592979771650391,3.74,5.0
2008-02-12,27.6,1.69,5.645106717411024,3.62,5.0
2008-02-13,26.33,1.72,5.67985801458478,3.66,5.0
2008-02-14,24.88,1.79,5.67985801458478,3.7,5.0
2008-02-15,25.54,1.92,5.662482365997902,3.85,5.0
2008-02-19,25.02,1.85,5.731984960345414,3.76,5.0
2008-02-20,25.59,1.83,5.610355420237268,3.89,5.0
2008-02-21,24.4,1.79,5.540852825889758,3.93,5.0
2008-02-22,25.12,1.79,5.662482365997902,3.77,5.0
2008-02-25,25.12,1.79,5.662482365997902,3.77,5.0
2008-02-26,23.03,1.78,5.627731068824147,3.91,5.0
2008-02-27,21.9,1.84,5.662482365997902,3.88,5.0
2008-02-28,22.69,1.84,5.67985801458478,3.85,5.0
2008-02-29,23.53,1.84,5.784111906106046,3.71,5.0
2008-03-03,23.53,1.84,5.784111906106046,3.71,5.0
2008-03-04,26.28,1.93,5.870990149040435,3.54,5.0
2008-03-05,25.52,1.98,5.818863203279801,3.63,5.0
2008-03-06,24.6,2.04,5.940492743387946,3.7,5.0
2008-03-07,27.55,2.09,6.096873580669846,3.62,4.9
2008-03-10,27.55,2.09,6.096873580669846,3.62,4.9
2008-03-11,29.38,1.99,6.235878769364868,3.46,4.9
2008-03-12,26.36,1.86,6.166376175017357,3.6,4.9
2008-03-13,27.22,1.86,6.166376175017357,3.49,4.9
2008-03-14,27.29,1.93,6.166376175017357,3.56,4.9
2008-03-17,27.29,1.93,6.166376175017357,3.56,4.9
2008-03-18,32.24,1.99,6.357508309473012,3.34,4.9
2008-03-19,25.79,1.9,6.166376175017357,3.48,4.9
2008-03-20,29.84,1.84,6.253254417951745,3.38,4.9
2008-03-24,29.84,1.84,6.253254417951745,3.38,4.9
2008-03-25,25.73,1.72,6.079497932082968,3.56,4.9
2008-03-26,25.72,1.72,6.166376175017357,3.51,4.9
2008-03-27,26.08,1.8,6.2011274721911125,3.51,4.9
2008-03-28,25.88,1.83,6.2011274721911125,3.56,4.9
2008-03-31,25.88,1.83,6.2011274721911125,3.56,4.9
2008-04-01,25.61,1.83,6.270630066538624,3.45,4.9
2008-04-02,22.68,1.77,6.235878769364868,3.57,4.9
2008-04-03,23.43,1.72,6.183751823604235,3.6,4.9
2008-04-04,23.21,1.7,6.149000526430479,3.61,4.9
2008-04-07,23.21,1.7,6.149000526430479,3.61,4.9
2008-04-08,22.42,1.62,6.131624877843602,3.57,5.1
2008-04-09,22.36,1.71,6.131624877843602,3.58,5.1
2008-04-10,22.81,1.72,6.149000526430479,3.49,5.1
2008-04-11,21.98,1.71,6.096873580669846,3.55,5.1
2008-04-14,21.98,1.71,6.096873580669846,3.55,5.1
2008-04-15,23.82,1.75,6.166376175017357,3.53,5.1
2008-04-16,22.78,1.76,6.166376175017357,3.6,5.1
2008-04-17,20.53,1.74,6.166376175017357,3.72,5.1
2008-04-18,20.37,1.62,6.079497932082968,3.75,5.1
2008-04-21,20.37,1.62,6.079497932082968,3.75,5.1
2008-04-22,20.5,1.55,5.870990149040435,3.75,5.1
2008-04-23,20.87,1.5,5.853614500453557,3.74,5.1
2008-04-24,20.26,1.55,5.801487554692924,3.77,5.1
2008-04-25,20.06,1.46,5.714609311758535,3.87,5.1
2008-04-28,20.06,1.46,5.714609311758535,3.87,5.1
2008-04-29,19.64,1.5,5.67985801458478,3.86,5.1
2008-04-30,20.24,1.5,5.67985801458478,3.85,5.1
2008-05-01,20.79,1.48,5.662482365997902,3.77,5.1
2008-05-02,18.88,1.41,5.5582284744766355,3.78,5.1
2008-05-05,18.88,1.41,5.5582284744766355,3.78,5.1
2008-05-06,18.9,1.46,5.506101528716002,3.88,5.0
2008-05-07,18.21,1.55,5.506101528716002,3.93,5.0
2008-05-08,19.73,1.56,5.575604123063513,3.87,5.0
2008-05-09,19.4,1.54,5.627731068824147,3.79,5.0
2008-05-12,19.4,1.54,5.627731068824147,3.79,5.0
2008-05-13,17.79,1.48,5.592979771650391,3.78,5.0
2008-05-14,17.98,1.43,5.5582284744766355,3.9,5.0
2008-05-15,17.66,1.39,5.592979771650391,3.92,5.0
2008-05-16,16.3,1.38,5.627731068824147,3.83,5.0
2008-05-19,16.3,1.38,5.627731068824147,3.83,5.0
2008-05-20,17.01,1.41,5.610355420237268,3.83,5.0
2008-05-21,17.58,1.44,5.627731068824147,3.78,5.0
2008-05-22,18.59,1.4,5.627731068824147,3.81,5.0
2008-05-23,18.05,1.36,5.592979771650391,3.92,5.0
2008-05-27,19.55,1.39,5.592979771650391,3.85,5.0
2008-05-28,19.64,1.38,5.627731068824147,3.93,5.0
2008-05-29,19.07,1.41,5.540852825889758,4.03,5.0
2008-05-30,18.14,1.41,5.5582284744766355,4.08,5.0
2008-06-02,18.14,1.41,5.5582284744766355,4.08,5.0
2008-06-03,19.83,1.47,5.575604123063513,3.98,5.0
2008-06-04,20.24,1.47,5.540852825889758,3.92,5.0
2008-06-05,20.8,1.51,5.5582284744766355,3.98,5.4
2008-06-06,18.63,1.54,5.506101528716002,4.06,5.4
2008-06-09,18.63,1.54,5.506101528716002,4.06,5.4
2008-06-10,23.12,1.29,5.384471988607858,4.02,5.4
2008-06-11,23.18,1.2,5.384471988607858,4.11,5.4
2008-06-12,24.12,1.27,5.436598934368492,4.1,5.4
2008-06-13,23.33,1.2,5.314969394260347,4.23,5.4
2008-06-16,23.33,1.2,5.314969394260347,4.23,5.4
2008-06-17,20.95,1.23,5.3497206914341024,4.25,5.4
2008-06-18,21.13,1.29,5.384471988607858,4.23,5.4
2008-06-19,22.24,1.27,5.401847637194736,4.16,5.4
2008-06-20,21.58,1.23,5.3497206914341024,4.22,5.4
2008-06-23,21.58,1.23,5.3497206914341024,4.22,5.4
2008-06-24,22.64,1.21,5.36709634002098,4.19,5.4
2008-06-25,22.42,1.23,5.453974582955369,4.1,5.4
2008-06-26,21.14,1.3,5.419223285781613,4.12,5.4
2008-06-27,23.93,1.39,5.488725880129125,4.07,5.4
2008-06-30,23.93,1.39,5.488725880129125,4.07,5.4
2008-07-01,23.95,1.36,5.575604123063513,3.99,5.4
2008-07-02,23.65,1.38,5.592979771650391,4.01,5.4
2008-07-03,25.92,1.39,5.575604123063513,3.99,5.4
2008-07-07,25.92,1.39,5.575604123063513,3.99,5.4
2008-07-08,25.78,1.48,5.662482365997902,3.95,5.6
2008-07-09,23.15,1.44,5.67985801458478,3.91,5.6
2008-07-10,25.23,1.44,5.731984960345414,3.85,5.6
2008-07-11,25.59,1.39,5.784111906106046,3.83,5.6
2008-07-14,25.59,1.39,5.784111906106046,3.83,5.6
2008-07-15,28.48,1.43,5.7667362575191685,3.9,5.6
2008-07-16,28.54,1.48,5.870990149040435,3.87,5.6
2008-07-17,25.1,1.53,5.905741446214191,3.97,5.6
2008-07-18,25.01,1.49,5.83623885186668,4.07,5.6
2008-07-21,25.01,1.49,5.83623885186668,4.07,5.6
2008-07-22,23.05,1.43,5.801487554692924,4.09,5.6
2008-07-23,21.18,1.4,5.714609311758535,4.14,5.6
2008-07-24,21.31,1.35,5.731984960345414,4.16,5.6
2008-07-25,23.44,1.42,5.818863203279801,4.03,5.6
2008-07-28,23.44,1.42,5.818863203279801,4.03,5.6
2008-07-29,24.23,1.47,5.7667362575191685,4.06,5.6
2008-07-30,22.03,1.44,5.714609311758535,4.09,5.6
2008-07-31,21.21,1.43,5.784111906106046,4.07,5.6
2008-08-01,22.94,1.47,5.870990149040435,3.99,5.6
2008-08-04,22.94,1.47,5.870990149040435,3.99,5.6
2008-08-05,23.49,1.45,5.870990149040435,3.98,5.8
2008-08-06,21.14,1.5,5.83623885186668,4.04,5.8
2008-08-07,20.23,1.5,5.905741446214191,4.06,5.8
2008-08-08,21.15,1.49,5.923117094801069,3.92,5.8
2008-08-11,21.15,1.49,5.923117094801069,3.92,5.8
2008-08-12,20.12,1.43,5.905741446214191,3.99,5.8
2008-08-13,21.17,1.46,5.940492743387946,3.91,5.8
2008-08-14,21.55,1.44,5.923117094801069,3.94,5.8
2008-08-15,20.34,1.44,5.940492743387946,3.89,5.8
2008-08-18,20.34,1.44,5.940492743387946,3.89,5.8
2008-08-19,20.98,1.47,5.940492743387946,3.82,5.8
2008-08-20,21.28,1.51,5.9752440405617016,3.83,5.8
2008-08-21,20.42,1.54,6.027370986322335,3.79,5.8
2008-08-22,19.82,1.51,5.9752440405617016,3.84,5.8
2008-08-25,19.82,1.51,5.9752440405617016,3.84,5.8
2008-08-26,20.97,1.46,6.0099953377354565,3.79,5.8
2008-08-27,20.49,1.44,6.027370986322335,3.79,5.8
2008-08-28,19.76,1.46,6.0099953377354565,3.77,5.8
2008-08-29,19.43,1.42,5.9926196891485795,3.79,5.8
2008-09-02,20.65,1.47,5.9926196891485795,3.83,5.8
2008-09-03,21.99,1.48,6.06212228349609,3.74,5.8
2008-09-04,21.43,1.45,6.044746634909212,3.71,5.8
2008-09-05,24.03,1.44,6.131624877843602,3.64,6.1
2008-09-08,24.03,1.44,6.131624877843602,3.64,6.1
2008-09-09,22.64,1.36,6.131624877843602,3.66,6.1
2008-09-10,25.47,1.39,6.096873580669846,3.62,6.1
2008-09-11,24.52,1.43,6.131624877843602,3.65,6.1
2008-09-12,24.39,1.46,6.2011274721911125,3.64,6.1
2008-09-15,24.39,1.46,6.2011274721911125,3.64,6.1
2008-09-16,31.7,1.69,6.6355186868630565,3.47,6.1
2008-09-17,30.3,1.59,6.670269984036812,3.48,6.1
2008-09-18,36.22,1.77,6.948280361426855,3.41,6.1
2008-09-19,33.1,1.76,6.861402118492467,3.54,6.1
2008-09-22,33.1,1.76,6.861402118492467,3.54,6.1
2008-09-23,33.85,1.7,6.844026469905589,3.83,6.1
2008-09-24,35.72,1.74,6.826650821318712,3.85,6.1
2008-09-25,35.19,1.77,6.844026469905589,3.8,6.1
2008-09-26,32.82,1.72,6.983031658600611,3.88,6.1
2008-09-29,32.82,1.72,6.983031658600611,3.88,6.1
2008-09-30,46.72,1.91,7.243666387403777,3.61,6.1
2008-10-01,39.39,1.85,7.2262907388169,3.85,6.1
2008-10-02,39.81,1.95,7.400047224685677,3.77,6.1
2008-10-03,45.26,2.04,7.764935845010109,3.66,6.1
2008-10-06,45.14,2.03,7.83443843935762,3.63,6.1
2008-10-07,52.05,2.05,7.973443628052642,3.48,6.1
2008-10-08,53.68,2.03,8.181951411095175,3.5,6.1
2008-10-09,57.53,2.07,8.07769751957391,3.72,6.1
2008-10-10,63.92,2.19,8.060321870987034,3.84,6.1
2008-10-13,63.92,2.19,8.060321870987034,3.84,6.1
2008-10-14,54.99,2.27,8.720596517288389,3.89,6.1
2008-10-15,55.13,2.26,8.581591328593365,4.08,6.1
2008-10-16,69.25,2.4,8.85960170598341,4.04,6.1
2008-10-17,67.61,2.38,9.120236434786575,3.99,6.1
2008-10-20,67.61,2.38,9.120236434786575,3.99,6.1
2008-10-21,52.97,2.2,9.867389324022318,3.91,6.1
2008-10-22,53.11,2.18,10.00639451271734,3.76,6.1
2008-10-23,69.65,2.12,10.00639451271734,3.65,6.1
2008-10-24,67.8,2.09,9.79788672967481,3.63,6.1
2008-10-27,67.8,2.09,9.79788672967481,3.63,6.1
2008-10-28,80.06,2.2,10.00639451271734,3.79,6.1
2008-10-29,66.96,2.24,9.989018864130463,3.89,6.1
2008-10-30,69.96,2.35,9.971643215543585,3.93,6.1
2008-10-31,62.9,2.41,9.867389324022318,4.0,6.1
2008-11-03,62.9,2.41,9.867389324022318,4.0,6.1
2008-11-04,53.68,2.51,9.884764972609197,3.96,6.1
2008-11-05,47.73,2.42,9.93689191836983,3.81,6.5
2008-11-06,54.56,2.37,9.884764972609197,3.73,6.5
2008-11-07,63.68,2.47,9.832638026848564,3.75,6.5
2008-11-10,63.68,2.47,9.832638026848564,3.75,6.5
2008-11-11,59.98,2.55,9.658881540979786,3.82,6.5
2008-11-12,61.44,2.55,9.658881540979786,3.82,6.5
2008-11-13,66.46,2.56,9.676257189566664,3.75,6.5
2008-11-14,59.83,2.6,9.902140621196075,3.84,6.5
2008-11-17,59.83,2.6,9.902140621196075,3.84,6.5
2008-11-18,69.15,2.46,9.971643215543585,3.68,6.5
2008-11-19,67.64,2.38,10.197526647172996,3.53,6.5
2008-11-20,74.26,2.29,10.232277944346752,3.38,6.5
2008-11-21,80.86,2.1,10.562415267497428,3.1,6.5
2008-11-24,80.86,2.1,10.562415267497428,3.1,6.5
2008-11-25,64.7,2.04,10.458161375976163,3.35,6.5
2008-11-26,60.9,1.96,10.718796104779328,3.11,6.5
2008-11-28,54.92,1.9,10.805674347713717,2.99,6.5
2008-12-01,54.92,1.9,10.805674347713717,2.99,6.5
2008-12-02,68.51,1.82,10.909928239234985,2.72,6.5
2008-12-03,62.98,1.78,10.892552590648107,2.68,6.5
2008-12-04,60.72,1.8,10.927303887821862,2.67,6.5
2008-12-05,63.64,1.73,10.979430833582496,2.55,6.5
2008-12-08,63.64,1.73,10.979430833582496,2.55,6.5
2008-12-09,58.49,1.8,10.736171753366206,2.77,6.8
2008-12-10,58.91,1.83,10.805674347713717,2.67,6.8
2008-12-11,55.73,1.83,10.718796104779328,2.69,6.8
2008-12-12,55.78,1.85,10.823049996300595,2.64,6.8
2008-12-15,55.78,1.85,10.823049996300595,2.64,6.8
2008-12-16,56.76,1.78,10.875176942061229,2.53,6.8
2008-12-17,52.37,1.72,10.892552590648107,2.37,6.8
2008-12-18,49.84,1.47,10.736171753366206,2.2,6.8
2008-12-19,47.34,1.4,10.753547401953085,2.08,6.8
2008-12-22,47.34,1.4,10.753547401953085,2.08,6.8
2008-12-23,44.56,1.29,10.579790916084306,2.16,6.8
2008-12-24,45.02,1.28,10.597166564671186,2.18,6.8
2008-12-26,44.21,1.3,10.527663970323674,2.2,6.8
2008-12-29,44.21,1.3,10.527663970323674,2.2,6.8
2008-12-30,43.9,1.35,10.562415267497428,2.13,6.8
2008-12-31,41.63,1.36,10.458161375976163,2.11,6.8
2009-01-02,40.0,1.49,10.388658781628653,2.25,6.8
2009-01-05,39.19,1.58,10.214902295759874,2.46,7.3
2009-01-06,39.08,1.71,10.388658781628653,2.49,7.3
2009-01-07,38.56,1.71,10.301780538694262,2.51,7.3
2009-01-08,43.39,1.7,10.197526647172996,2.52,7.3
2009-01-09,42.56,1.64,10.197526647172996,2.47,7.3
2009-01-12,42.56,1.64,10.197526647172996,2.47,7.3
2009-01-13,45.84,1.6,10.197526647172996,2.34,7.3
2009-01-14,43.27,1.57,10.214902295759874,2.33,7.3
2009-01-15,49.14,1.51,10.145399701412362,2.24,7.3
2009-01-16,51.0,1.5,10.145399701412362,2.23,7.3
2009-01-20,46.11,1.63,9.919516269782951,2.36,7.3
2009-01-21,56.65,1.67,9.919516269782951,2.4,7.3
2009-01-22,46.42,1.78,9.971643215543585,2.56,7.3
2009-01-23,47.29,1.87,10.041145809891097,2.62,7.3
2009-01-26,47.29,1.87,10.041145809891097,2.62,7.3
2009-01-27,45.69,1.85,10.00639451271734,2.7,7.3
2009-01-28,42.25,1.72,9.78051108108793,2.59,7.3
2009-01-29,39.66,1.82,9.815262378261686,2.71,7.3
2009-01-30,42.63,1.92,9.676257189566664,2.87,7.3
2009-02-02,42.63,1.92,9.676257189566664,2.87,7.3
2009-02-03,45.52,1.87,9.537252000871641,2.76,7.3
2009-02-04,43.06,1.93,9.519876352284765,2.89,7.3
2009-02-05,43.85,1.97,9.467749406524131,2.95,7.8
2009-02-06,43.73,1.97,9.363495515002866,2.95,7.8
2009-02-09,43.73,1.97,9.363495515002866,2.95,7.8
2009-02-10,43.64,2.02,9.120236434786575,3.07,7.8
2009-02-11,46.67,1.98,9.102860786199699,2.9,7.8
2009-02-12,44.53,1.85,9.137612083373453,2.78,7.8
2009-02-13,41.25,1.86,9.24186597489472,2.75,7.8
2009-02-17,42.93,1.92,9.380871163589742,2.89,7.8
2009-02-18,48.66,1.77,9.450373757937253,2.64,7.8
2009-02-19,48.46,1.77,9.328744217829108,2.74,7.8
2009-02-20,47.08,1.84,9.432998109350374,2.85,7.8
2009-02-23,47.08,1.84,9.432998109350374,2.85,7.8
2009-02-24,52.62,1.82,9.380871163589742,2.78,7.8
2009-02-25,45.49,1.77,9.363495515002866,2.8,7.8
2009-02-26,44.67,1.86,9.276617272068474,2.95,7.8
2009-02-27,44.66,1.9,9.363495515002866,2.98,7.8
2009-03-02,44.66,1.9,9.363495515002866,2.98,7.8
2009-03-03,52.65,2.02,9.467749406524131,2.91,7.8
2009-03-04,50.93,2.02,9.554627649458519,2.93,7.8
2009-03-05,47.56,2.04,9.502500703697885,3.01,7.8
2009-03-06,50.17,1.93,9.554627649458519,2.83,7.8
2009-03-09,50.17,1.93,9.554627649458519,2.83,7.8
2009-03-10,49.68,1.93,9.658881540979786,2.89,8.3
2009-03-11,44.37,1.98,9.745759783914176,2.99,8.3
2009-03-12,43.61,1.92,9.745759783914176,2.95,8.3
2009-03-13,41.18,1.86,9.867389324022318,2.89,8.3
2009-03-16,41.18,1.86,9.867389324022318,2.89,8.3
2009-03-17,43.74,1.97,9.954267566956709,2.97,8.3
2009-03-18,40.8,1.97,10.00639451271734,3.02,8.3
2009-03-19,40.06,1.69,10.492912673149918,2.51,8.3
2009-03-20,43.68,1.74,10.423410078802407,2.61,8.3
2009-03-23,43.68,1.74,10.423410078802407,2.61,8.3
2009-03-24,43.23,1.75,10.492912673149918,2.68,8.3
2009-03-25,42.93,1.75,10.353907484454895,2.68,8.3
2009-03-26,42.25,1.85,10.33653183586802,2.81,8.3
2009-03-27,40.36,1.86,10.284404890107385,2.76,8.3
2009-03-30,40.36,1.86,10.284404890107385,2.76,8.3
2009-03-31,45.54,1.89,10.267029241520508,2.73,8.3
2009-04-01,44.14,1.9,10.24965359293363,2.71,8.3
2009-04-02,42.28,1.85,10.180150998586118,2.68,8.3
2009-04-03,42.04,1.89,10.162775349999242,2.77,8.3
2009-04-06,42.04,1.89,10.162775349999242,2.77,8.3
2009-04-07,40.93,2.01,10.145399701412362,2.95,8.7
2009-04-08,40.39,2.02,10.128024052825484,2.93,8.7
2009-04-09,38.85,1.93,10.07589710706485,2.86,8.7
2009-04-13,38.85,1.93,10.07589710706485,2.86,8.7
2009-04-14,37.81,1.99,10.00639451271734,2.88,8.7
2009-04-15,37.67,1.94,10.00639451271734,2.8,8.7
2009-04-16,36.17,1.96,9.884764972609197,2.82,8.7
2009-04-17,35.79,1.95,9.867389324022318,2.86,8.7
2009-04-20,35.79,1.95,9.867389324022318,2.86,8.7
2009-04-21,39.18,1.95,9.572003298045397,2.88,8.7
2009-04-22,37.14,1.98,9.485125055111007,2.94,8.7
2009-04-23,38.1,1.98,9.537252000871641,2.98,8.7
2009-04-24,37.15,1.99,9.485125055111007,2.96,8.7
2009-04-27,37.15,1.99,9.485125055111007,2.96,8.7
2009-04-28,38.32,2.05,9.485125055111007,2.95,8.7
2009-04-29,37.95,2.1,9.380871163589742,3.05,8.7
2009-04-30,36.08,2.18,9.259241623481598,3.12,8.7
2009-05-01,36.5,2.25,9.102860786199699,3.16,8.7
2009-05-04,36.5,2.25,9.102860786199699,3.16,8.7
2009-05-05,34.53,2.25,8.929104300330922,3.19,8.7
2009-05-06,33.36,2.22,8.84222605739653,3.2,9.0
2009-05-07,32.45,2.22,8.807474760222776,3.18,9.0
2009-05-08,33.44,2.29,8.790099111635898,3.29,9.0
2009-05-11,33.44,2.29,8.790099111635898,3.29,9.0
2009-05-12,32.87,2.25,8.755347814462143,3.17,9.0
2009-05-13,31.8,2.27,8.720596517288389,3.17,9.0
2009-05-14,33.65,2.22,8.720596517288389,3.11,9.0
2009-05-15,31.37,2.23,8.737972165875265,3.1,9.0
2009-05-18,31.37,2.23,8.737972165875265,3.1,9.0
2009-05-19,30.24,2.29,8.703220868701509,3.22,9.0
2009-05-20,28.8,2.34,8.598966977180243,3.25,9.0
2009-05-21,29.03,2.32,8.512088734245856,3.19,9.0
2009-05-22,31.35,2.46,8.442586139898344,3.35,9.0
2009-05-26,32.63,2.53,8.373083545550832,3.45,9.0
2009-05-27,30.62,2.54,8.30358095120332,3.5,9.0
2009-05-28,32.36,2.75,8.060321870987034,3.71,9.0
2009-05-29,31.67,2.7,7.886565385118254,3.67,9.0
2009-06-01,31.67,2.7,7.886565385118254,3.67,9.0
2009-06-02,30.04,2.74,7.678057602075721,3.71,9.0
2009-06-03,29.63,2.69,7.469549819033188,3.65,9.0
2009-06-04,31.02,2.65,7.400047224685677,3.56,9.0
2009-06-05,30.18,2.76,7.313168981751288,3.72,9.4
2009-06-08,30.18,2.76,7.313168981751288,3.72,9.4
2009-06-09,29.77,2.49,6.896153415666222,3.91,9.4
2009-06-10,28.27,2.53,6.965656010013734,3.86,9.4
2009-06-11,28.46,2.6,6.826650821318712,3.98,9.4
2009-06-12,28.11,2.53,6.861402118492467,3.88,9.4
2009-06-15,28.11,2.53,6.861402118492467,3.88,9.4
2009-06-16,30.81,2.5,6.809275172731834,3.76,9.4
2009-06-17,32.68,2.44,6.774523875558079,3.67,9.4
2009-06-18,31.54,2.49,6.6528943354499335,3.68,9.4
2009-06-19,30.03,2.58,6.548640443928667,3.86,9.4
2009-06-22,30.03,2.58,6.548640443928667,3.86,9.4
2009-06-23,31.17,2.55,6.37488395805989,3.72,9.4
2009-06-24,30.58,2.51,6.409635255233645,3.65,9.4
2009-06-25,29.05,2.53,6.392259606646768,3.72,9.4
2009-06-26,26.36,2.43,6.600767389689301,3.55,9.4
2009-06-29,26.36,2.43,6.600767389689301,3.55,9.4
2009-06-30,25.35,2.4,6.687645632623689,3.51,9.4
2009-07-01,26.35,2.42,6.600767389689301,3.53,9.4
2009-07-02,26.22,2.5,6.618143038276179,3.55,9.4
2009-07-06,27.95,2.53,6.583391741102423,3.51,9.5
2009-07-07,29.0,2.56,6.6355186868630565,3.52,9.5
2009-07-08,30.85,2.49,6.6355186868630565,3.47,9.5
2009-07-09,31.3,2.42,6.6355186868630565,3.33,9.5
2009-07-10,29.78,2.5,6.722396929797445,3.44,9.5
2009-07-13,29.78,2.5,6.722396929797445,3.44,9.5
2009-07-14,26.31,2.46,6.705021281210567,3.38,9.5
2009-07-15,25.02,2.53,6.670269984036812,3.5,9.5
2009-07-16,25.89,2.6,6.583391741102423,3.63,9.5
2009-07-17,25.42,2.59,6.53126479534179,3.59,9.5
2009-07-20,25.42,2.59,6.53126479534179,3.59,9.5
2009-07-21,24.4,2.62,6.4443865524074,3.61,9.5
2009-07-22,23.87,2.54,6.4443865524074,3.5,9.5
2009-07-23,23.47,2.6,6.409635255233645,3.58,9.5
2009-07-24,23.43,2.64,6.322757012299257,3.72,9.5
2009-07-27,23.43,2.64,6.322757012299257,3.72,9.5
2009-07-28,24.28,2.67,6.183751823604235,3.75,9.5
2009-07-29,25.01,2.6,6.044746634909212,3.72,9.5
2009-07-30,25.61,2.52,5.888365797627313,3.69,9.5
2009-07-31,25.4,2.48,5.714609311758535,3.67,9.5
2009-08-03,25.4,2.48,5.714609311758535,3.67,9.5
2009-08-04,25.56,2.48,5.5582284744766355,3.66,9.5
2009-08-05,24.89,2.5,5.471350231542247,3.7,9.5
2009-08-06,24.9,2.57,5.401847637194736,3.8,9.5
2009-08-07,25.67,2.57,5.314969394260347,3.79,9.5
2009-08-10,25.67,2.57,5.314969394260347,3.79,9.5
2009-08-11,24.99,2.56,5.228091151325958,3.8,9.5
2009-08-12,25.99,2.5,5.280218097086592,3.71,9.5
2009-08-13,25.45,2.54,5.436598934368492,3.72,9.5
2009-08-14,24.71,2.47,5.471350231542247,3.59,9.5
2009-08-17,24.71,2.47,5.471350231542247,3.59,9.5
2009-08-18,27.89,2.44,5.627731068824147,3.48,9.5
2009-08-19,26.18,2.45,5.610355420237268,3.51,9.5
2009-08-20,26.26,2.44,5.662482365997902,3.45,9.5
2009-08-21,25.09,2.39,5.645106717411024,3.42,9.5
2009-08-24,25.09,2.39,5.645106717411024,3.42,9.5
2009-08-25,25.14,2.43,5.575604123063513,3.48,9.5
2009-08-26,24.92,2.4,5.506101528716002,3.45,9.5
2009-08-27,24.95,2.38,5.453974582955369,3.44,9.5
2009-08-28,24.68,2.43,5.419223285781613,3.47,9.5
2009-08-31,24.68,2.43,5.419223285781613,3.47,9.5
2009-09-01,26.01,2.43,5.453974582955369,3.4,9.5
2009-09-02,29.15,2.46,5.506101528716002,3.38,9.5
2009-09-03,28.9,2.4,5.471350231542247,3.29,9.5
2009-09-04,27.1,2.42,5.488725880129125,3.33,9.5
2009-09-08,25.26,2.51,5.488725880129125,3.45,9.6
2009-09-09,25.62,2.54,5.453974582955369,3.47,9.6
2009-09-10,24.32,2.55,5.506101528716002,3.48,9.6
2009-09-11,23.55,2.46,5.419223285781613,3.36,9.6
2009-09-14,23.55,2.46,5.419223285781613,3.36,9.6
2009-09-15,23.86,2.48,5.384471988607858,3.42,9.6
2009-09-16,23.42,2.51,5.36709634002098,3.47,9.6
2009-09-17,23.69,2.47,5.332345042847225,3.48,9.6
2009-09-18,23.65,2.44,5.262842448499714,3.42,9.6
2009-09-21,23.65,2.44,5.262842448499714,3.42,9.6
2009-09-22,24.06,2.47,5.245466799912836,3.49,9.6
2009-09-23,23.08,2.44,5.21071550273908,3.46,9.6
2009-09-24,23.49,2.48,5.21071550273908,3.44,9.6
2009-09-25,24.95,2.47,5.245466799912836,3.4,9.6
2009-09-28,24.95,2.47,5.245466799912836,3.4,9.6
2009-09-29,24.88,2.33,5.158588556978447,3.31,9.6
2009-09-30,25.19,2.31,5.158588556978447,3.31,9.6
2009-10-01,25.61,2.36,5.245466799912836,3.31,9.6
2009-10-02,28.27,2.34,5.314969394260347,3.21,9.6
2009-10-05,28.27,2.34,5.314969394260347,3.21,9.6
2009-10-06,26.84,2.36,5.401847637194736,3.24,9.8
2009-10-07,25.7,2.36,5.384471988607858,3.27,9.8
2009-10-08,24.68,2.34,5.3497206914341024,3.21,9.8
2009-10-09,24.18,2.37,5.419223285781613,3.27,9.8
2009-10-12,24.18,2.37,5.419223285781613,3.27,9.8
2009-10-13,23.01,2.42,5.419223285781613,3.4,9.8
2009-10-14,22.99,2.43,5.401847637194736,3.34,9.8
2009-10-15,22.86,2.49,5.419223285781613,3.45,9.8
2009-10-16,21.72,2.52,5.419223285781613,3.49,9.8
2009-10-19,21.72,2.52,5.419223285781613,3.49,9.8
2009-10-20,21.49,2.42,5.332345042847225,3.41,9.8
2009-10-21,20.9,2.4,5.332345042847225,3.35,9.8
2009-10-22,22.22,2.42,5.29759374567347,3.42,9.8
2009-10-23,20.69,2.47,5.280218097086592,3.44,9.8
2009-10-26,20.69,2.47,5.280218097086592,3.44,9.8
2009-10-27,24.31,2.53,5.193339854152203,3.59,9.8
2009-10-28,24.83,2.5,5.21071550273908,3.49,9.8
2009-10-29,27.91,2.49,5.228091151325958,3.44,9.8
2009-10-30,24.76,2.55,5.245466799912836,3.53,9.8
2009-11-02,24.76,2.55,5.245466799912836,3.53,9.8
2009-11-03,29.78,2.53,5.228091151325958,3.45,9.8
2009-11-04,28.81,2.58,5.262842448499714,3.5,9.8
2009-11-05,27.72,2.66,5.29759374567347,3.57,10.0
2009-11-06,25.43,2.67,5.245466799912836,3.57,10.0
2009-11-09,25.43,2.67,5.245466799912836,3.57,10.0
2009-11-10,23.15,2.65,5.29759374567347,3.52,10.0
2009-11-11,22.84,2.65,5.3497206914341024,3.5,10.0
2009-11-12,23.04,2.65,5.3497206914341024,3.5,10.0
2009-11-13,24.24,2.63,5.384471988607858,3.45,10.0
2009-11-16,24.24,2.63,5.384471988607858,3.45,10.0
2009-11-17,22.89,2.55,5.3497206914341024,3.33,10.0
2009-11-18,22.41,2.55,5.3497206914341024,3.33,10.0
2009-11-19,21.63,2.59,5.384471988607858,3.36,10.0
2009-11-20,22.63,2.62,5.3497206914341024,3.35,10.0
2009-11-23,22.63,2.62,5.3497206914341024,3.35,10.0
2009-11-24,21.16,2.6,5.3497206914341024,3.37,10.0
2009-11-25,20.47,2.59,5.36709634002098,3.32,10.0
2009-11-27,20.48,2.55,5.401847637194736,3.28,10.0
2009-11-30,20.48,2.55,5.401847637194736,3.28,10.0
2009-12-01,24.51,2.54,5.471350231542247,3.21,10.0
2009-12-02,21.92,2.61,5.488725880129125,3.28,10.0
2009-12-03,21.12,2.6,5.401847637194736,3.32,10.0
2009-12-04,22.46,2.65,5.36709634002098,3.39,10.0
2009-12-07,22.46,2.65,5.36709634002098,3.39,10.0
2009-12-08,22.1,2.66,5.36709634002098,3.44,9.9
2009-12-09,23.69,2.67,5.3497206914341024,3.4,9.9
2009-12-10,22.66,2.69,5.29759374567347,3.45,9.9
2009-12-11,22.32,2.71,5.36709634002098,3.49,9.9
2009-12-14,22.32,2.71,5.36709634002098,3.49,9.9
2009-12-15,21.15,2.69,5.1238372598046915,3.56,9.9
2009-12-16,21.49,2.72,5.141212908391569,3.6,9.9
2009-12-17,20.54,2.76,5.089085962630937,3.61,9.9
2009-12-18,22.51,2.73,5.054334665457181,3.5,9.9
2009-12-21,22.51,2.73,5.054334665457181,3.5,9.9
2009-12-22,20.49,2.8,4.950080773935914,3.69,9.9
2009-12-23,19.54,2.81,4.880578179588403,3.76,9.9
2009-12-24,19.71,2.81,4.845826882414648,3.77,9.9
2009-12-28,19.71,2.81,4.845826882414648,3.77,9.9
2009-12-29,19.93,2.76,4.863202531001526,3.85,9.9
2009-12-30,20.01,2.73,4.776324288067136,3.82,9.9
2009-12-31,19.96,2.72,4.724197342306503,3.8,9.9
2010-01-04,19.96,2.72,4.724197342306503,3.8,9.9
2010-01-05,20.04,2.76,4.689446045132748,3.85,9.9
2010-01-06,19.35,2.76,4.67207039654587,3.77,9.9
2010-01-07,19.16,2.84,4.60256780219836,3.85,9.9
2010-01-08,19.06,2.82,4.585192153611481,3.85,9.9
2010-01-11,19.06,2.82,4.585192153611481,3.85,9.9
2010-01-12,17.55,2.9,4.567816505024604,3.85,9.9
2010-01-13,18.25,2.82,4.585192153611481,3.74,9.9
2010-01-14,17.85,2.83,4.619943450785237,3.8,9.9
2010-01-15,17.63,2.82,4.550440856437726,3.76,9.9
2010-01-19,17.91,2.81,4.585192153611481,3.7,9.9
2010-01-20,17.58,2.8,4.585192153611481,3.73,9.9
2010-01-21,18.68,2.76,4.585192153611481,3.68,9.9
2010-01-22,22.27,2.75,4.637319099372115,3.62,9.9
2010-01-25,22.27,2.75,4.637319099372115,3.62,9.9
2010-01-26,25.41,2.8,4.724197342306503,3.66,9.9
2010-01-27,24.55,2.78,4.776324288067136,3.65,9.9
2010-01-28,23.14,2.76,4.741572990893381,3.66,9.9
2010-01-29,23.73,2.81,4.741572990893381,3.68,9.9
2010-02-01,23.73,2.81,4.741572990893381,3.68,9.9
2010-02-02,22.59,2.82,4.741572990893381,3.68,9.9
2010-02-03,21.48,2.81,4.724197342306503,3.67,9.9
2010-02-04,21.6,2.85,4.758948639480259,3.73,9.9
2010-02-05,26.08,2.82,4.82845123382777,3.62,9.8
2010-02-08,26.08,2.82,4.82845123382777,3.62,9.8
2010-02-09,26.51,2.83,4.863202531001526,3.62,9.8
2010-02-10,26.0,2.83,4.880578179588403,3.67,9.8
2010-02-11,25.4,2.81,4.8979538281752815,3.72,9.8
2010-02-12,23.96,2.82,4.967456422522792,3.73,9.8
2010-02-16,22.73,2.85,5.002207719696548,3.69,9.8
2010-02-17,22.25,2.84,5.019583368283425,3.66,9.8
2010-02-18,21.72,2.87,5.019583368283425,3.74,9.8
2010-02-19,20.63,2.89,5.002207719696548,3.79,9.8
2010-02-22,20.63,2.89,5.002207719696548,3.79,9.8
2010-02-23,19.94,2.89,4.880578179588403,3.8,9.8
2010-02-24,21.37,2.82,4.880578179588403,3.69,9.8
2010-02-25,20.27,2.83,4.880578179588403,3.7,9.8
2010-02-26,20.1,2.82,4.863202531001526,3.64,9.8
2010-03-01,20.1,2.82,4.863202531001526,3.64,9.8
2010-03-02,19.26,2.81,4.880578179588403,3.61,9.8
2010-03-03,19.06,2.82,4.863202531001526,3.62,9.8
2010-03-04,18.83,2.81,4.845826882414648,3.63,9.8
2010-03-05,18.72,2.75,4.82845123382777,3.61,9.8
2010-03-08,17.42,2.78,4.811075585240892,3.69,9.8
2010-03-09,17.79,2.82,4.776324288067136,3.72,9.8
2010-03-10,17.92,2.82,4.811075585240892,3.71,9.8
2010-03-11,18.57,2.81,4.776324288067136,3.73,9.8
2010-03-12,18.06,2.76,4.724197342306503,3.73,9.8
2010-03-15,18.06,2.76,4.724197342306503,3.73,9.8
2010-03-16,18.0,2.75,4.724197342306503,3.71,9.8
2010-03-17,17.69,2.73,4.706821693719625,3.66,9.8
2010-03-18,16.91,2.7,4.67207039654587,3.65,9.8
2010-03-19,16.62,2.7,4.654694747958993,3.68,9.8
2010-03-22,16.62,2.7,4.654694747958993,3.68,9.8
2010-03-23,16.87,2.66,4.619943450785237,3.67,9.8
2010-03-24,16.35,2.67,4.637319099372115,3.69,9.8
2010-03-25,17.55,2.76,4.585192153611481,3.84,9.8
2010-03-26,18.4,2.81,4.567816505024604,3.91,9.8
2010-03-29,18.4,2.81,4.567816505024604,3.91,9.8
2010-03-30,17.59,2.84,4.60256780219836,3.88,9.8
2010-03-31,17.13,2.82,4.585192153611481,3.88,9.8
2010-04-01,17.59,2.82,4.567816505024604,3.84,9.8
2010-04-05,17.47,2.85,4.51568955926397,3.96,9.9
2010-04-06,17.02,2.83,4.498313910677093,4.01,9.9
2010-04-07,16.23,2.84,4.550440856437726,3.98,9.9
2010-04-08,16.62,2.83,4.51568955926397,3.89,9.9
2010-04-09,16.48,2.82,4.498313910677093,3.91,9.9
2010-04-12,16.48,2.82,4.498313910677093,3.91,9.9
2010-04-13,15.58,2.8,4.44618696491646,3.87,9.9
2010-04-14,16.2,2.77,4.44618696491646,3.84,9.9
2010-04-15,15.59,2.81,4.44618696491646,3.88,9.9
2010-04-16,15.89,2.82,4.4809382620902145,3.86,9.9
2010-04-19,15.89,2.82,4.4809382620902145,3.86,9.9
2010-04-20,17.34,2.82,4.4809382620902145,3.83,9.9
2010-04-21,15.73,2.77,4.44618696491646,3.82,9.9
2010-04-22,16.32,2.74,4.411435667742704,3.77,9.9
2010-04-23,16.47,2.73,4.411435667742704,3.8,9.9
2010-04-26,16.47,2.73,4.411435667742704,3.8,9.9
2010-04-27,17.47,2.74,4.411435667742704,3.83,9.9
2010-04-28,22.81,2.68,4.428811316329582,3.71,9.9
2010-04-29,21.08,2.77,4.411435667742704,3.8,9.9
2010-04-30,18.44,2.75,4.394060019155827,3.76,9.9
2010-05-03,18.44,2.75,4.394060019155827,3.76,9.9
2010-05-04,20.19,2.72,4.394060019155827,3.72,9.9
2010-05-05,23.84,2.67,4.411435667742704,3.63,9.9
2010-05-06,24.91,2.7,4.44618696491646,3.58,9.9
2010-05-07,32.8,2.66,4.4635626135033375,3.41,9.9
2010-05-10,32.8,2.66,4.4635626135033375,3.41,9.9
2010-05-11,28.84,2.7,4.67207039654587,3.57,9.9
2010-05-12,28.32,2.71,4.758948639480259,3.56,9.9
2010-05-13,25.52,2.67,4.811075585240892,3.56,9.9
2010-05-14,26.68,2.68,4.793699936654015,3.55,9.9
2010-05-17,26.68,2.68,4.793699936654015,3.55,9.9
2010-05-18,30.84,2.66,4.776324288067136,3.47,9.9
2010-05-19,33.55,2.62,4.811075585240892,3.38,9.9
2010-05-20,35.32,2.56,4.880578179588403,3.36,9.9
2010-05-21,45.79,2.49,5.036959016870304,3.25,9.9
2010-05-24,45.79,2.49,5.036959016870304,3.25,9.9
2010-05-25,38.32,2.46,5.1238372598046915,3.23,9.9
2010-05-26,34.61,2.37,5.158588556978447,3.18,9.9
2010-05-27,35.02,2.39,5.262842448499714,3.21,9.9
2010-05-28,29.68,2.47,5.29759374567347,3.34,9.9
2010-06-01,32.07,2.55,5.29759374567347,3.31,9.9
2010-06-02,35.54,2.51,5.3497206914341024,3.29,9.9
2010-06-03,30.17,2.53,5.332345042847225,3.35,9.9
2010-06-04,29.46,2.57,5.3497206914341024,3.39,9.9
2010-06-07,29.46,2.57,5.3497206914341024,3.39,9.9
2010-06-08,36.57,2.43,5.488725880129125,3.17,9.6
2010-06-09,33.7,2.44,5.471350231542247,3.18,9.6
2010-06-10,33.73,2.46,5.488725880129125,3.2,9.6
2010-06-11,30.57,2.54,5.506101528716002,3.33,9.6
2010-06-14,30.57,2.54,5.506101528716002,3.33,9.6
2010-06-15,28.58,2.51,5.592979771650391,3.28,9.6
2010-06-16,25.87,2.53,5.575604123063513,3.32,9.6
2010-06-17,25.92,2.52,5.610355420237268,3.27,9.6
2010-06-18,25.05,2.49,5.5582284744766355,3.21,9.6
2010-06-21,25.05,2.49,5.5582284744766355,3.21,9.6
2010-06-22,24.88,2.52,5.52347717730288,3.26,9.6
2010-06-23,27.05,2.47,5.5582284744766355,3.18,9.6
2010-06-24,26.91,2.47,5.575604123063513,3.13,9.6
2010-06-25,29.74,2.47,5.627731068824147,3.14,9.6
2010-06-28,29.74,2.47,5.627731068824147,3.14,9.6
2010-06-29,29.0,2.43,5.662482365997902,3.05,9.6
2010-06-30,34.13,2.36,5.697233663171658,2.97,9.6
2010-07-01,34.54,2.36,5.627731068824147,2.97,9.6
2010-07-02,32.86,2.33,5.52347717730288,2.96,9.6
2010-07-06,30.12,2.37,5.5582284744766355,3.0,9.4
2010-07-07,29.65,2.33,5.575604123063513,2.95,9.4
2010-07-08,26.84,2.37,5.627731068824147,3.0,9.4
2010-07-09,25.71,2.41,5.610355420237268,3.04,9.4
2010-07-12,25.71,2.41,5.610355420237268,3.04,9.4
2010-07-13,24.43,2.43,5.575604123063513,3.08,9.4
2010-07-14,24.56,2.48,5.540852825889758,3.15,9.4
2010-07-15,24.89,2.45,5.52347717730288,3.07,9.4
2010-07-16,25.14,2.39,5.52347717730288,3.0,9.4
2010-07-19,25.14,2.39,5.52347717730288,3.0,9.4
2010-07-20,25.97,2.38,5.5582284744766355,2.99,9.4
2010-07-21,23.93,2.37,5.471350231542247,2.98,9.4
2010-07-22,25.64,2.32,5.453974582955369,2.9,9.4
2010-07-23,24.63,2.36,5.436598934368492,2.96,9.4
2010-07-26,24.63,2.36,5.436598934368492,2.96,9.4
2010-07-27,22.73,2.41,5.3497206914341024,3.03,9.4
2010-07-28,23.19,2.43,5.314969394260347,3.08,9.4
2010-07-29,24.25,2.42,5.3497206914341024,3.03,9.4
2010-07-30,24.13,2.44,5.3497206914341024,3.03,9.4
2010-08-02,24.13,2.44,5.3497206914341024,3.03,9.4
2010-08-03,22.01,2.43,5.314969394260347,2.99,9.4
2010-08-04,22.63,2.41,5.3497206914341024,2.94,9.4
2010-08-05,22.21,2.42,5.314969394260347,2.98,9.4
2010-08-06,22.1,2.41,5.36709634002098,2.94,9.4
2010-08-09,22.1,2.41,5.36709634002098,2.94,9.4
2010-08-10,22.14,2.32,5.401847637194736,2.86,9.4
2010-08-11,22.37,2.27,5.575604123063513,2.79,9.4
2010-08-12,25.39,2.18,5.540852825889758,2.72,9.4
2010-08-13,25.73,2.19,5.5582284744766355,2.74,9.4
2010-08-16,25.73,2.19,5.5582284744766355,2.74,9.4
2010-08-17,26.1,2.07,5.488725880129125,2.58,9.4
2010-08-18,24.33,2.12,5.471350231542247,2.64,9.4
2010-08-19,24.59,2.13,5.384471988607858,2.64,9.4
2010-08-20,26.44,2.09,5.36709634002098,2.58,9.4
2010-08-23,26.44,2.09,5.36709634002098,2.58,9.4
2010-08-24,25.66,2.11,5.384471988607858,2.6,9.4
2010-08-25,27.46,2.0,5.401847637194736,2.5,9.4
2010-08-26,26.7,2.01,5.384471988607858,2.54,9.4
2010-08-27,27.37,1.99,5.401847637194736,2.5,9.4
2010-08-30,27.37,1.99,5.401847637194736,2.5,9.4
2010-08-31,27.21,2.04,5.471350231542247,2.54,9.4
2010-09-01,26.05,2.0,5.506101528716002,2.47,9.4
2010-09-02,23.89,2.08,5.506101528716002,2.58,9.4
2010-09-03,23.19,2.13,5.52347717730288,2.63,9.4
2010-09-07,21.31,2.2,5.436598934368492,2.72,9.5
2010-09-08,23.8,2.12,5.419223285781613,2.61,9.5
2010-09-09,23.25,2.14,5.401847637194736,2.66,9.5
2010-09-10,22.81,2.2,5.419223285781613,2.77,9.5
2010-09-13,22.81,2.2,5.419223285781613,2.77,9.5
2010-09-14,21.21,2.21,5.436598934368492,2.74,9.5
2010-09-15,21.56,2.18,5.436598934368492,2.68,9.5
2010-09-16,22.1,2.24,5.488725880129125,2.74,9.5
2010-09-17,21.72,2.29,5.52347717730288,2.77,9.5
2010-09-20,21.72,2.29,5.52347717730288,2.77,9.5
2010-09-21,21.5,2.25,5.52347717730288,2.72,9.5
2010-09-22,22.35,2.18,5.575604123063513,2.61,9.5
2010-09-23,22.51,2.12,5.575604123063513,2.56,9.5
2010-09-24,23.87,2.11,5.5582284744766355,2.56,9.5
2010-09-27,23.87,2.11,5.5582284744766355,2.56,9.5
2010-09-28,22.54,2.1,5.5582284744766355,2.54,9.5
2010-09-29,22.6,2.11,5.592979771650391,2.48,9.5
2010-09-30,23.25,2.08,5.592979771650391,2.52,9.5
2010-10-01,23.7,2.11,5.575604123063513,2.53,9.5
2010-10-04,23.7,2.11,5.575604123063513,2.53,9.5
2010-10-05,23.53,2.09,5.662482365997902,2.5,9.5
2010-10-06,21.76,2.09,5.67985801458478,2.5,9.5
2010-10-07,21.49,2.03,5.714609311758535,2.41,9.5
2010-10-08,21.56,2.05,5.801487554692924,2.41,9.5
2010-10-11,21.56,2.05,5.801487554692924,2.41,9.5
2010-10-12,18.96,2.06,5.853614500453557,2.41,9.5
2010-10-13,18.93,2.07,5.870990149040435,2.44,9.5
2010-10-14,19.07,2.09,5.870990149040435,2.46,9.5
2010-10-15,19.88,2.14,5.888365797627313,2.52,9.5
2010-10-18,19.88,2.14,5.888365797627313,2.52,9.5
2010-10-19,19.09,2.14,5.940492743387946,2.52,9.5
2010-10-20,20.63,2.13,5.923117094801069,2.5,9.5
2010-10-21,19.79,2.16,5.888365797627313,2.51,9.5
2010-10-22,19.27,2.2,5.83623885186668,2.57,9.5
2010-10-25,19.27,2.2,5.83623885186668,2.57,9.5
2010-10-26,19.85,2.22,5.714609311758535,2.59,9.5
2010-10-27,20.22,2.27,5.714609311758535,2.67,9.5
2010-10-28,20.71,2.35,5.645106717411024,2.75,9.5
2010-10-29,20.88,2.32,5.7667362575191685,2.69,9.5
2010-11-01,20.88,2.32,5.7667362575191685,2.69,9.5
2010-11-02,21.83,2.32,5.714609311758535,2.66,9.5
2010-11-03,21.57,2.29,5.627731068824147,2.63,9.5
2010-11-04,19.56,2.33,5.7667362575191685,2.67,9.5
2010-11-05,18.52,2.2,5.905741446214191,2.53,9.4
2010-11-08,18.52,2.2,5.905741446214191,2.53,9.4
2010-11-09,18.29,2.19,5.923117094801069,2.6,9.4
2010-11-10,19.08,2.26,5.923117094801069,2.72,9.4
2010-11-11,18.47,2.21,6.027370986322335,2.65,9.4
2010-11-12,18.64,2.21,6.027370986322335,2.65,9.4
2010-11-15,18.64,2.21,6.027370986322335,2.65,9.4
2010-11-16,20.2,2.39,5.83623885186668,2.92,9.4
2010-11-17,22.58,2.34,5.749360608932291,2.85,9.4
2010-11-18,21.76,2.39,5.714609311758535,2.89,9.4
2010-11-19,18.75,2.38,5.697233663171658,2.9,9.4
2010-11-22,18.75,2.38,5.697233663171658,2.9,9.4
2010-11-23,18.37,2.31,5.731984960345414,2.8,9.4
2010-11-24,20.63,2.32,5.714609311758535,2.77,9.4
2010-11-26,19.56,2.4,5.662482365997902,2.93,9.4
2010-11-29,19.56,2.4,5.662482365997902,2.93,9.4
2010-11-30,21.53,2.32,5.5582284744766355,2.84,9.4
2010-12-01,23.54,2.36,5.540852825889758,2.81,9.4
2010-12-02,21.36,2.44,5.506101528716002,2.97,9.4
2010-12-03,19.39,2.46,5.471350231542247,3.01,9.4
2010-12-06,18.01,2.54,5.52347717730288,3.03,9.8
2010-12-07,18.02,2.53,5.52347717730288,2.95,9.8
2010-12-08,17.99,2.61,5.471350231542247,3.15,9.8
2010-12-09,17.74,2.63,5.314969394260347,3.26,9.8
2010-12-10,17.25,2.59,5.245466799912836,3.23,9.8
2010-12-13,17.25,2.59,5.245466799912836,3.23,9.8
2010-12-14,17.55,2.68,5.141212908391569,3.29,9.8
2010-12-15,17.61,2.83,5.054334665457181,3.49,9.8
2010-12-16,17.94,2.85,5.036959016870304,3.53,9.8
2010-12-17,17.39,2.81,5.089085962630937,3.47,9.8
2010-12-20,17.39,2.81,5.089085962630937,3.47,9.8
2010-12-21,16.41,2.74,5.054334665457181,3.36,9.8
2010-12-22,16.49,2.72,5.002207719696548,3.35,9.8
2010-12-23,15.45,2.71,5.019583368283425,3.36,9.8
2010-12-27,15.45,2.71,5.019583368283425,3.36,9.8
2010-12-28,17.67,2.65,4.967456422522792,3.36,9.8
2010-12-29,17.52,2.75,4.932705125349036,3.5,9.8
2010-12-30,17.28,2.71,4.967456422522792,3.35,9.8
2010-12-31,17.52,2.72,4.950080773935914,3.38,9.8
2011-01-03,17.52,2.72,4.950080773935914,3.38,9.8
2011-01-04,17.61,2.75,4.932705125349036,3.36,9.8
2011-01-05,17.38,2.73,4.98483207110967,3.36,9.3
2011-01-06,17.02,2.79,4.9153294767621585,3.5,9.3
2011-01-07,17.4,2.76,4.9153294767621585,3.44,9.3
2011-01-10,17.4,2.76,4.9153294767621585,3.44,9.3
2011-01-11,17.54,2.73,5.054334665457181,3.32,9.3
2011-01-12,16.89,2.77,4.932705125349036,3.37,9.3
2011-01-13,16.24,2.79,4.932705125349036,3.4,9.3
2011-01-14,16.39,2.75,4.98483207110967,3.34,9.3
2011-01-18,15.46,2.76,5.036959016870304,3.35,9.3
2011-01-19,15.87,2.79,5.002207719696548,3.39,9.3
2011-01-20,17.31,2.77,4.967456422522792,3.37,9.3
2011-01-21,17.99,2.82,4.967456422522792,3.47,9.3
2011-01-24,17.99,2.82,4.967456422522792,3.47,9.3
2011-01-25,17.65,2.78,4.9153294767621585,3.43,9.3
2011-01-26,17.59,2.73,4.8979538281752815,3.35,9.3
2011-01-27,16.64,2.83,4.932705125349036,3.45,9.3
2011-01-28,16.15,2.83,4.9153294767621585,3.42,9.3
2011-01-31,16.15,2.83,4.9153294767621585,3.42,9.3
2011-02-01,19.53,2.84,4.932705125349036,3.42,9.3
2011-02-02,17.63,2.87,4.8979538281752815,3.48,9.3
2011-02-03,17.3,2.85,4.863202531001526,3.52,9.3
2011-02-04,16.69,2.87,4.811075585240892,3.58,9.3
2011-02-07,16.69,2.87,4.811075585240892,3.58,9.3
2011-02-08,16.28,2.9,4.67207039654587,3.68,9.1
2011-02-09,15.81,2.89,4.619943450785237,3.75,9.1
2011-02-10,15.87,2.84,4.67207039654587,3.65,9.1
2011-02-11,16.09,2.85,4.706821693719625,3.7,9.1
2011-02-14,16.09,2.85,4.706821693719625,3.7,9.1
2011-02-15,15.95,2.75,4.67207039654587,3.62,9.1
2011-02-16,16.37,2.77,4.67207039654587,3.61,9.1
2011-02-17,16.72,2.76,4.67207039654587,3.62,9.1
2011-02-18,16.59,2.78,4.724197342306503,3.58,9.1
2011-02-22,16.43,2.81,4.758948639480259,3.59,9.1
2011-02-23,20.8,2.72,4.82845123382777,3.46,9.1
2011-02-24,22.13,2.75,4.793699936654015,3.49,9.1
2011-02-25,21.32,2.73,4.776324288067136,3.46,9.1
2011-02-28,21.32,2.73,4.776324288067136,3.46,9.1
2011-03-01,18.35,2.73,4.741572990893381,3.42,9.1
2011-03-02,21.01,2.75,4.776324288067136,3.41,9.1
2011-03-03,20.7,2.77,4.793699936654015,3.46,9.1
2011-03-04,18.6,2.79,4.706821693719625,3.58,9.1
2011-03-07,18.6,2.79,4.706821693719625,3.58,9.1
2011-03-08,20.66,2.81,4.776324288067136,3.51,9.0
2011-03-09,19.82,2.83,4.776324288067136,3.56,9.0
2011-03-10,20.22,2.78,4.811075585240892,3.48,9.0
2011-03-11,21.88,2.72,4.8979538281752815,3.37,9.0
2011-03-14,21.88,2.72,4.8979538281752815,3.37,9.0
2011-03-15,21.13,2.75,4.880578179588403,3.36,9.0
2011-03-16,24.32,2.7,4.932705125349036,3.33,9.0
2011-03-17,29.4,2.64,4.98483207110967,3.22,9.0
2011-03-18,26.37,2.65,5.002207719696548,3.25,9.0
2011-03-21,26.37,2.65,5.002207719696548,3.25,9.0
2011-03-22,20.61,2.67,4.863202531001526,3.34,9.0
2011-03-23,20.21,2.66,4.863202531001526,3.34,9.0
2011-03-24,19.17,2.67,4.845826882414648,3.36,9.0
2011-03-25,18.0,2.7,4.776324288067136,3.42,9.0
2011-03-28,18.0,2.7,4.776324288067136,3.42,9.0
2011-03-29,19.44,2.66,4.724197342306503,3.47,9.0
2011-03-30,18.16,2.69,4.776324288067136,3.5,9.0
2011-03-31,17.71,2.67,4.776324288067136,3.47,9.0
2011-04-01,17.74,2.67,4.758948639480259,3.47,9.0
2011-04-04,17.74,2.67,4.758948639480259,3.47,9.0
2011-04-05,17.5,2.68,4.758948639480259,3.45,9.0
2011-04-06,17.25,2.66,4.706821693719625,3.5,9.0
2011-04-07,16.9,2.71,4.706821693719625,3.56,9.0
2011-04-08,17.11,2.77,4.741572990893381,3.58,9.0
2011-04-11,17.11,2.77,4.741572990893381,3.58,9.0
2011-04-12,16.59,2.74,4.706821693719625,3.59,9.0
2011-04-13,17.09,2.75,4.758948639480259,3.52,9.0
2011-04-14,16.92,2.74,4.758948639480259,3.49,9.0
2011-04-15,16.27,2.74,4.706821693719625,3.51,9.0
2011-04-18,16.27,2.74,4.706821693719625,3.51,9.0
2011-04-19,16.96,2.71,4.758948639480259,3.4,9.0
2011-04-20,15.83,2.71,4.724197342306503,3.39,9.0
2011-04-21,15.07,2.74,4.706821693719625,3.43,9.0
2011-04-25,15.07,2.74,4.706821693719625,3.43,9.0
2011-04-26,15.77,2.72,4.758948639480259,3.39,9.0
2011-04-27,15.62,2.69,4.741572990893381,3.34,9.0
2011-04-28,15.35,2.74,4.741572990893381,3.39,9.0
2011-04-29,14.62,2.72,4.776324288067136,3.34,9.0
2011-05-02,14.62,2.72,4.776324288067136,3.34,9.0
2011-05-03,15.99,2.7,4.741572990893381,3.31,9.0
2011-05-04,16.7,2.67,4.741572990893381,3.28,9.0
2011-05-05,17.08,2.65,4.724197342306503,3.25,9.0
2011-05-06,18.2,2.6,4.776324288067136,3.18,9.1
2011-05-09,18.2,2.6,4.776324288067136,3.18,9.1
2011-05-10,17.16,2.6,4.863202531001526,3.17,9.1
2011-05-11,15.91,2.64,4.811075585240892,3.23,9.1
2011-05-12,16.95,2.63,4.811075585240892,3.19,9.1
2011-05-13,16.03,2.65,4.863202531001526,3.22,9.1
2011-05-16,16.03,2.65,4.863202531001526,3.22,9.1
2011-05-17,18.24,2.61,4.793699936654015,3.15,9.1
2011-05-18,17.55,2.57,4.776324288067136,3.12,9.1
2011-05-19,16.23,2.6,4.776324288067136,3.18,9.1
2011-05-20,15.52,2.62,4.811075585240892,3.17,9.1
2011-05-23,15.52,2.62,4.811075585240892,3.17,9.1
2011-05-24,18.27,2.58,4.82845123382777,3.13,9.1
2011-05-25,17.82,2.56,4.82845123382777,3.12,9.1
2011-05-26,17.07,2.59,4.863202531001526,3.13,9.1
2011-05-27,16.09,2.59,4.863202531001526,3.07,9.1
2011-05-31,15.98,2.59,4.880578179588403,3.07,9.1
2011-06-01,15.45,2.6,4.880578179588403,3.05,9.1
2011-06-02,18.3,2.52,4.932705125349036,2.96,9.1
2011-06-03,18.09,2.59,4.967456422522792,3.04,9.1
2011-06-06,18.09,2.59,4.967456422522792,3.04,9.1
2011-06-07,18.49,2.58,5.054334665457181,3.01,9.0
2011-06-08,18.07,2.62,5.054334665457181,3.01,9.0
2011-06-09,18.79,2.59,5.019583368283425,2.98,9.0
2011-06-10,17.77,2.58,5.019583368283425,3.01,9.0
2011-06-13,17.77,2.58,5.019583368283425,3.01,9.0
2011-06-14,19.61,2.6,5.002207719696548,3.0,9.0
2011-06-15,18.26,2.66,4.98483207110967,3.11,9.0
2011-06-16,21.32,2.6,5.036959016870304,2.98,9.0
2011-06-17,22.73,2.55,5.054334665457181,2.93,9.0
2011-06-20,22.73,2.55,5.054334665457181,2.93,9.0
2011-06-21,19.99,2.59,5.071710314044058,2.97,9.0
2011-06-22,18.86,2.59,5.054334665457181,2.99,9.0
2011-06-23,18.52,2.62,5.036959016870304,3.01,9.0
2011-06-24,19.29,2.58,5.071710314044058,2.93,9.0
2011-06-27,19.29,2.58,5.071710314044058,2.93,9.0
2011-06-28,20.56,2.54,5.262842448499714,2.95,9.0
2011-06-29,19.17,2.57,5.158588556978447,3.05,9.0
2011-06-30,17.27,2.67,5.054334665457181,3.14,9.0
2011-07-01,16.52,2.73,5.002207719696548,3.18,9.0
2011-07-05,15.87,2.72,4.950080773935914,3.22,9.0
2011-07-06,16.06,2.72,5.036959016870304,3.16,9.1
2011-07-07,16.34,2.69,5.019583368283425,3.12,9.1
2011-07-08,15.95,2.68,4.950080773935914,3.17,9.1
2011-07-11,15.95,2.68,4.950080773935914,3.17,9.1
2011-07-12,18.39,2.57,5.071710314044058,2.94,9.1
2011-07-13,19.87,2.55,5.089085962630937,2.92,9.1
2011-07-14,19.91,2.55,5.071710314044058,2.92,9.1
2011-07-15,20.8,2.6,5.071710314044058,2.98,9.1
2011-07-18,20.8,2.6,5.071710314044058,2.98,9.1
2011-07-19,20.95,2.57,5.21071550273908,2.94,9.1
2011-07-20,19.21,2.52,5.106461611217814,2.91,9.1
2011-07-21,19.09,2.56,5.141212908391569,2.96,9.1
2011-07-22,17.56,2.63,5.089085962630937,3.03,9.1
2011-07-25,17.56,2.63,5.089085962630937,3.03,9.1
2011-07-26,19.35,2.61,5.089085962630937,3.03,9.1
2011-07-27,20.23,2.58,5.071710314044058,2.99,9.1
2011-07-28,22.98,2.57,5.019583368283425,3.01,9.1
2011-07-29,23.74,2.56,5.019583368283425,2.98,9.1
2011-08-01,23.74,2.56,5.019583368283425,2.98,9.1
2011-08-02,23.66,2.39,5.089085962630937,2.77,9.1
2011-08-03,24.79,2.33,5.036959016870304,2.66,9.1
2011-08-04,23.38,2.31,5.002207719696548,2.64,9.1
2011-08-05,31.66,2.2,5.089085962630937,2.47,9.0
2011-08-08,31.66,2.2,5.089085962630937,2.47,9.0
2011-08-09,48.0,2.13,5.280218097086592,2.4,9.0
2011-08-10,35.06,2.01,5.506101528716002,2.2,9.0
2011-08-11,42.99,1.98,5.540852825889758,2.17,9.0
2011-08-12,39.0,2.15,5.749360608932291,2.34,9.0
2011-08-15,39.0,2.15,5.749360608932291,2.34,9.0
2011-08-16,31.87,2.1,5.749360608932291,2.29,9.0
2011-08-17,32.85,2.03,5.697233663171658,2.23,9.0
2011-08-18,31.58,1.98,5.67985801458478,2.17,9.0
2011-08-19,42.67,1.88,5.697233663171658,2.08,9.0
2011-08-22,42.67,1.88,5.697233663171658,2.08,9.0
2011-08-23,42.44,1.88,5.714609311758535,2.1,9.0
2011-08-24,36.27,1.93,5.818863203279801,2.15,9.0
2011-08-25,35.9,2.06,5.853614500453557,2.29,9.0
2011-08-26,39.76,2.01,5.923117094801069,2.23,9.0
2011-08-29,39.76,2.01,5.923117094801069,2.23,9.0
2011-08-30,32.28,2.08,5.923117094801069,2.28,9.0
2011-08-31,32.89,1.99,5.870990149040435,2.19,9.0
2011-09-01,31.62,2.03,5.923117094801069,2.23,9.0
2011-09-02,31.82,1.96,5.888365797627313,2.15,9.0
2011-09-06,33.92,1.82,5.801487554692924,2.02,9.0
2011-09-07,37.0,1.77,5.853614500453557,1.98,9.0
2011-09-08,33.38,1.84,5.923117094801069,2.05,9.0
2011-09-09,34.32,1.81,5.940492743387946,2.0,9.0
2011-09-12,34.32,1.81,5.940492743387946,2.0,9.0
2011-09-13,38.59,1.73,5.9926196891485795,1.94,9.0
2011-09-14,36.91,1.79,6.044746634909212,2.0,9.0
2011-09-15,34.6,1.84,6.0099953377354565,2.03,9.0
2011-09-16,31.97,1.88,6.027370986322335,2.09,9.0
2011-09-19,31.97,1.88,6.027370986322335,2.09,9.0
2011-09-20,32.73,1.81,6.027370986322335,1.97,9.0
2011-09-21,32.86,1.77,6.096873580669846,1.95,9.0
2011-09-22,37.32,1.67,5.940492743387946,1.88,9.0
2011-09-23,41.35,1.52,6.044746634909212,1.72,9.0
2011-09-26,41.35,1.52,6.044746634909212,1.72,9.0
2011-09-27,39.02,1.66,6.131624877843602,1.91,9.0
2011-09-28,37.71,1.75,6.166376175017357,2.0,9.0
2011-09-29,41.08,1.76,6.096873580669846,2.03,9.0
2011-09-30,38.84,1.72,6.0099953377354565,1.99,9.0
2011-10-03,38.84,1.72,6.0099953377354565,1.99,9.0
2011-10-04,45.45,1.56,6.027370986322335,1.8,9.0
2011-10-05,40.82,1.56,6.06212228349609,1.81,9.0
2011-10-06,37.81,1.67,6.114249229256723,1.92,9.0
2011-10-07,36.27,1.72,6.079497932082968,2.01,9.0
2011-10-10,36.27,1.72,6.079497932082968,2.01,9.0
2011-10-11,33.02,1.8,6.044746634909212,2.1,9.0
2011-10-12,32.86,1.86,6.044746634909212,2.18,9.0
2011-10-13,31.26,1.95,6.06212228349609,2.24,9.0
2011-10-14,30.7,1.9,5.9926196891485795,2.19,9.0
2011-10-17,30.7,1.9,5.9926196891485795,2.19,9.0
2011-10-18,33.39,1.9,5.940492743387946,2.18,9.0
2011-10-19,31.56,1.91,5.888365797627313,2.19,9.0
2011-10-20,34.44,1.9,5.853614500453557,2.18,9.0
2011-10-21,34.78,1.92,5.83623885186668,2.2,9.0
2011-10-24,34.78,1.92,5.83623885186668,2.2,9.0
2011-10-25,29.26,1.95,5.7667362575191685,2.25,9.0
2011-10-26,32.22,1.88,5.731984960345414,2.14,9.0
2011-10-27,29.86,1.95,5.662482365997902,2.23,9.0
2011-10-28,25.46,2.11,5.5582284744766355,2.42,9.0
2011-10-31,25.46,2.11,5.5582284744766355,2.42,9.0
2011-11-01,29.96,1.92,5.52347717730288,2.17,9.0
2011-11-02,34.77,1.78,5.540852825889758,2.01,9.0
2011-11-03,32.74,1.8,5.540852825889758,2.03,9.0
2011-11-04,30.5,1.85,5.5582284744766355,2.09,9.0
2011-11-07,30.5,1.85,5.5582284744766355,2.09,9.0
2011-11-08,29.85,1.79,5.52347717730288,2.04,8.8
2011-11-09,27.48,1.85,5.575604123063513,2.1,8.8
2011-11-10,36.16,1.76,5.627731068824147,2.0,8.8
2011-11-11,32.81,1.8,5.731984960345414,2.04,8.8
2011-11-14,32.81,1.8,5.731984960345414,2.04,8.8
2011-11-15,31.13,1.8,5.714609311758535,2.04,8.8
2011-11-16,31.22,1.8,5.731984960345414,2.06,8.8
2011-11-17,33.51,1.75,5.784111906106046,2.01,8.8
2011-11-18,34.51,1.69,5.7667362575191685,1.96,8.8
2011-11-21,34.51,1.69,5.7667362575191685,1.96,8.8
2011-11-22,32.91,1.7,5.749360608932291,1.97,8.8
2011-11-23,31.97,1.68,5.784111906106046,1.94,8.8
2011-11-25,33.98,1.63,5.749360608932291,1.89,8.8
2011-11-28,33.98,1.63,5.749360608932291,1.89,8.8
2011-11-29,32.13,1.71,5.818863203279801,1.97,8.8
2011-11-30,30.64,1.73,5.870990149040435,2.0,8.8
2011-12-01,27.8,1.83,5.905741446214191,2.08,8.8
2011-12-02,27.41,1.84,6.0099953377354565,2.11,8.8
2011-12-05,27.41,1.84,6.0099953377354565,2.11,8.8
2011-12-06,27.84,1.77,5.923117094801069,2.04,8.6
2011-12-07,28.13,1.83,5.940492743387946,2.08,8.6
2011-12-08,28.67,1.78,5.940492743387946,2.02,8.6
2011-12-09,30.59,1.77,5.940492743387946,1.99,8.6
2011-12-12,30.59,1.77,5.940492743387946,1.99,8.6
2011-12-13,25.67,1.79,5.957868391974824,2.03,8.6
2011-12-14,25.41,1.72,5.9926196891485795,1.96,8.6
2011-12-15,26.04,1.67,5.905741446214191,1.92,8.6
2011-12-16,25.11,1.66,5.957868391974824,1.92,8.6
2011-12-19,25.11,1.66,5.957868391974824,1.92,8.6
2011-12-20,24.92,1.58,5.940492743387946,1.82,8.6
2011-12-21,23.22,1.68,5.957868391974824,1.94,8.6
2011-12-22,21.43,1.7,6.0099953377354565,1.98,8.6
2011-12-23,21.16,1.69,5.9926196891485795,1.97,8.6
2011-12-27,20.73,1.75,6.044746634909212,2.03,8.6
2011-12-28,21.91,1.72,6.0099953377354565,2.02,8.6
2011-12-29,23.52,1.65,5.923117094801069,1.93,8.6
2011-12-30,22.65,1.63,5.9752440405617016,1.91,8.6
2012-01-03,23.4,1.64,5.957868391974824,1.89,8.6
2012-01-04,22.97,1.7,5.9926196891485795,1.97,8.6
2012-01-05,22.22,1.75,6.0099953377354565,2.0,8.5
2012-01-06,21.48,1.75,5.957868391974824,2.02,8.5
2012-01-09,21.48,1.75,5.957868391974824,2.02,8.5
2012-01-10,21.07,1.72,5.9752440405617016,1.98,8.5
2012-01-11,20.69,1.76,5.923117094801069,2.0,8.5
2012-01-12,21.05,1.69,5.957868391974824,1.93,8.5
2012-01-13,20.47,1.72,5.957868391974824,1.94,8.5
2012-01-17,20.91,1.65,5.905741446214191,1.89,8.5
2012-01-18,22.2,1.66,5.905741446214191,1.87,8.5
2012-01-19,20.89,1.68,5.923117094801069,1.92,8.5
2012-01-20,19.87,1.75,5.870990149040435,2.01,8.5
2012-01-23,19.87,1.75,5.870990149040435,2.01,8.5
2012-01-24,18.67,1.83,5.905741446214191,2.09,8.5
2012-01-25,18.91,1.84,5.923117094801069,2.08,8.5
2012-01-26,18.31,1.79,6.027370986322335,2.01,8.5
2012-01-27,18.57,1.74,5.9752440405617016,1.96,8.5
2012-01-30,18.57,1.74,5.9752440405617016,1.96,8.5
2012-01-31,19.4,1.65,5.923117094801069,1.87,8.5
2012-02-01,19.44,1.61,5.905741446214191,1.83,8.5
2012-02-02,18.55,1.64,5.923117094801069,1.87,8.5
2012-02-03,17.98,1.63,5.923117094801069,1.86,8.5
2012-02-06,17.98,1.63,5.923117094801069,1.86,8.5
2012-02-07,17.76,1.69,5.870990149040435,1.93,8.3
2012-02-08,17.65,1.75,5.818863203279801,2.0,8.3
2012-02-09,18.16,1.74,5.784111906106046,2.01,8.3
2012-02-10,18.63,1.77,5.801487554692924,2.04,8.3
2012-02-13,18.63,1.77,5.801487554692924,2.04,8.3
2012-02-14,19.04,1.7,5.818863203279801,1.99,8.3
2012-02-15,19.54,1.63,5.801487554692924,1.92,8.3
2012-02-16,21.14,1.64,5.818863203279801,1.93,8.3
2012-02-17,19.22,1.7,5.784111906106046,1.99,8.3
2012-02-21,17.78,1.72,5.784111906106046,2.01,8.3
2012-02-22,18.19,1.74,5.749360608932291,2.05,8.3
2012-02-23,18.19,1.72,5.749360608932291,2.01,8.3
2012-02-24,16.8,1.68,5.731984960345414,1.99,8.3
2012-02-27,16.8,1.68,5.731984960345414,1.99,8.3
2012-02-28,18.19,1.62,5.697233663171658,1.92,8.3
2012-02-29,17.96,1.64,5.697233663171658,1.94,8.3
2012-03-01,18.43,1.68,5.662482365997902,1.98,8.3
2012-03-02,17.26,1.73,5.662482365997902,2.03,8.3
2012-03-05,17.26,1.73,5.662482365997902,2.03,8.3
2012-03-06,18.05,1.69,5.67985801458478,2.0,8.3
2012-03-07,20.87,1.66,5.662482365997902,1.96,8.3
2012-03-08,19.07,1.68,5.67985801458478,1.98,8.3
2012-03-09,17.95,1.71,5.67985801458478,2.03,8.3
2012-03-12,17.95,1.71,5.67985801458478,2.03,8.3
2012-03-13,15.64,1.71,5.645106717411024,2.04,8.3
2012-03-14,14.8,1.79,5.627731068824147,2.14,8.3
2012-03-15,15.31,1.89,5.610355420237268,2.29,8.3
2012-03-16,15.42,1.92,5.610355420237268,2.29,8.3
2012-03-19,15.42,1.92,5.610355420237268,2.29,8.3
2012-03-20,15.04,2.0,5.540852825889758,2.39,8.3
2012-03-21,15.58,1.97,5.52347717730288,2.38,8.3
2012-03-22,15.13,1.92,5.488725880129125,2.31,8.3
2012-03-23,15.57,1.92,5.506101528716002,2.29,8.3
2012-03-26,15.57,1.92,5.506101528716002,2.29,8.3
2012-03-27,14.26,1.9,5.506101528716002,2.26,8.3
2012-03-28,15.59,1.87,5.5582284744766355,2.2,8.3
2012-03-29,15.47,1.87,5.540852825889758,2.21,8.3
2012-03-30,15.48,1.85,5.540852825889758,2.18,8.3
2012-04-02,15.48,1.85,5.540852825889758,2.18,8.3
2012-04-03,15.64,1.89,5.627731068824147,2.22,8.3
2012-04-04,15.66,1.94,5.592979771650391,2.3,8.3
2012-04-05,16.44,1.9,5.627731068824147,2.25,8.2
2012-04-09,16.44,1.9,5.627731068824147,2.25,8.2
2012-04-10,18.81,1.74,5.67985801458478,2.06,8.2
2012-04-11,20.39,1.73,5.731984960345414,2.01,8.2
2012-04-12,20.02,1.75,5.7667362575191685,2.05,8.2
2012-04-13,17.2,1.79,5.749360608932291,2.08,8.2
2012-04-16,17.2,1.79,5.749360608932291,2.08,8.2
2012-04-17,19.55,1.73,5.731984960345414,2.0,8.2
2012-04-18,18.46,1.76,5.731984960345414,2.03,8.2
2012-04-19,18.64,1.73,5.749360608932291,2.0,8.2
2012-04-20,18.36,1.71,5.749360608932291,1.98,8.2
2012-04-23,18.36,1.71,5.749360608932291,1.98,8.2
2012-04-24,18.97,1.69,5.7667362575191685,1.96,8.2
2012-04-25,18.1,1.73,5.749360608932291,2.0,8.2
2012-04-26,16.82,1.75,5.784111906106046,2.01,8.2
2012-04-27,16.24,1.72,5.818863203279801,1.98,8.2
2012-04-30,16.24,1.72,5.818863203279801,1.98,8.2
2012-05-01,17.15,1.68,5.83623885186668,1.95,8.2
2012-05-02,16.6,1.71,5.870990149040435,1.98,8.2
2012-05-03,16.88,1.69,5.818863203279801,1.96,8.2
2012-05-04,17.56,1.68,5.801487554692924,1.96,8.2
2012-05-07,17.56,1.68,5.801487554692924,1.96,8.2
2012-05-08,18.94,1.65,5.801487554692924,1.92,8.2
2012-05-09,19.05,1.61,5.818863203279801,1.88,8.2
2012-05-10,20.08,1.6,5.870990149040435,1.87,8.2
2012-05-11,18.83,1.62,5.853614500453557,1.89,8.2
2012-05-14,18.83,1.62,5.853614500453557,1.89,8.2
2012-05-15,21.87,1.49,5.870990149040435,1.78,8.2
2012-05-16,21.97,1.47,5.905741446214191,1.76,8.2
2012-05-17,22.27,1.46,5.923117094801069,1.76,8.2
2012-05-18,24.49,1.38,5.888365797627313,1.7,8.2
2012-05-21,24.49,1.38,5.888365797627313,1.7,8.2
2012-05-22,22.01,1.45,5.923117094801069,1.75,8.2
2012-05-23,22.48,1.49,6.079497932082968,1.79,8.2
2012-05-24,22.33,1.45,6.06212228349609,1.73,8.2
2012-05-25,21.54,1.48,6.114249229256723,1.77,8.2
2012-05-29,21.76,1.45,6.131624877843602,1.75,8.2
2012-05-30,21.03,1.44,6.149000526430479,1.74,8.2
2012-05-31,24.14,1.36,6.183751823604235,1.63,8.2
2012-06-01,24.06,1.32,6.183751823604235,1.59,8.2
2012-06-04,24.06,1.32,6.183751823604235,1.59,8.2
2012-06-05,26.12,1.28,6.183751823604235,1.53,8.2
2012-06-06,24.68,1.32,6.183751823604235,1.57,8.2
2012-06-07,22.16,1.4,6.2011274721911125,1.66,8.2
2012-06-08,21.72,1.39,6.235878769364868,1.66,8.2
2012-06-11,21.72,1.39,6.235878769364868,1.66,8.2
2012-06-12,23.56,1.33,6.288005715125501,1.6,8.2
2012-06-13,22.09,1.37,6.235878769364868,1.67,8.2
2012-06-14,24.27,1.31,6.235878769364868,1.61,8.2
2012-06-15,21.68,1.34,6.183751823604235,1.64,8.2
2012-06-18,21.68,1.34,6.183751823604235,1.64,8.2
2012-06-19,18.32,1.3,6.21850312077799,1.59,8.2
2012-06-20,18.38,1.34,6.2011274721911125,1.64,8.2
2012-06-21,17.24,1.33,6.149000526430479,1.65,8.2
2012-06-22,20.08,1.31,6.096873580669846,1.63,8.2
2012-06-25,20.08,1.31,6.096873580669846,1.63,8.2
2012-06-26,20.38,1.32,6.114249229256723,1.63,8.2
2012-06-27,19.72,1.35,6.079497932082968,1.66,8.2
2012-06-28,19.45,1.34,6.096873580669846,1.65,8.2
2012-06-29,19.71,1.29,6.131624877843602,1.6,8.2
2012-07-02,19.71,1.29,6.131624877843602,1.6,8.2
2012-07-03,16.8,1.31,6.183751823604235,1.61,8.2
2012-07-05,16.66,1.35,6.2011274721911125,1.65,8.2
2012-07-06,17.5,1.34,6.235878769364868,1.62,8.2
2012-07-09,17.5,1.34,6.235878769364868,1.62,8.2
2012-07-10,17.98,1.26,6.2011274721911125,1.53,8.2
2012-07-11,18.72,1.26,6.166376175017357,1.53,8.2
2012-07-12,17.95,1.27,6.114249229256723,1.54,8.2
2012-07-13,18.33,1.25,6.131624877843602,1.5,8.2
2012-07-16,18.33,1.25,6.131624877843602,1.5,8.2
2012-07-17,17.11,1.26,6.096873580669846,1.5,8.2
2012-07-18,16.48,1.28,6.096873580669846,1.53,8.2
2012-07-19,16.16,1.3,6.06212228349609,1.52,8.2
2012-07-20,15.45,1.32,6.079497932082968,1.54,8.2
2012-07-23,15.45,1.32,6.079497932082968,1.54,8.2
2012-07-24,18.62,1.25,6.027370986322335,1.47,8.2
2012-07-25,20.47,1.22,5.9926196891485795,1.44,8.2
2012-07-26,19.34,1.21,6.0099953377354565,1.43,8.2
2012-07-27,17.53,1.22,6.0099953377354565,1.45,8.2
2012-07-30,17.53,1.22,6.0099953377354565,1.45,8.2
2012-07-31,18.03,1.3,5.940492743387946,1.53,8.2
2012-08-01,18.93,1.28,5.957868391974824,1.51,8.2
2012-08-02,18.96,1.32,5.940492743387946,1.56,8.2
2012-08-03,17.57,1.27,5.905741446214191,1.51,8.2
2012-08-06,17.57,1.27,5.905741446214191,1.51,8.2
2012-08-07,15.95,1.35,5.905741446214191,1.59,8.2
2012-08-08,15.99,1.39,5.905741446214191,1.66,8.2
2012-08-09,15.32,1.39,5.888365797627313,1.68,8.2
2012-08-10,15.28,1.4,5.888365797627313,1.69,8.2
2012-08-13,15.28,1.4,5.888365797627313,1.69,8.2
2012-08-14,13.7,1.38,5.905741446214191,1.65,8.2
2012-08-15,14.85,1.46,5.923117094801069,1.73,8.2
2012-08-16,14.63,1.53,5.957868391974824,1.8,8.2
2012-08-17,14.29,1.54,5.940492743387946,1.83,8.2
2012-08-20,14.29,1.54,5.940492743387946,1.83,8.2
2012-08-21,14.02,1.53,5.888365797627313,1.82,8.2
2012-08-22,15.02,1.49,5.888365797627313,1.8,8.2
2012-08-23,15.11,1.45,5.870990149040435,1.71,8.2
2012-08-24,15.96,1.42,5.83623885186668,1.68,8.2
2012-08-27,15.96,1.42,5.83623885186668,1.68,8.2
2012-08-28,16.35,1.37,5.818863203279801,1.65,8.2
2012-08-29,16.49,1.37,5.818863203279801,1.64,8.2
2012-08-30,17.06,1.39,5.818863203279801,1.66,8.2
2012-08-31,17.83,1.36,5.83623885186668,1.63,8.2
2012-09-04,17.47,1.35,5.853614500453557,1.57,8.2
2012-09-05,17.98,1.36,5.801487554692924,1.59,8.1
2012-09-06,17.74,1.35,5.801487554692924,1.6,8.1
2012-09-07,15.6,1.41,5.818863203279801,1.68,8.1
2012-09-10,15.6,1.41,5.818863203279801,1.68,8.1
2012-09-11,16.28,1.43,5.83623885186668,1.68,8.1
2012-09-12,16.41,1.45,5.801487554692924,1.7,8.1
2012-09-13,15.8,1.52,5.801487554692924,1.77,8.1
2012-09-14,14.05,1.51,5.853614500453557,1.75,8.1
2012-09-17,14.05,1.51,5.853614500453557,1.75,8.1
2012-09-18,14.59,1.6,5.697233663171658,1.85,8.1
2012-09-19,14.18,1.57,5.645106717411024,1.82,8.1
2012-09-20,13.88,1.52,5.610355420237268,1.79,8.1
2012-09-21,14.07,1.53,5.5582284744766355,1.8,8.1
2012-09-24,14.07,1.53,5.5582284744766355,1.8,8.1
2012-09-25,14.15,1.47,5.52347717730288,1.74,8.1
2012-09-26,15.43,1.43,5.540852825889758,1.7,8.1
2012-09-27,16.81,1.38,5.540852825889758,1.64,8.1
2012-09-28,14.84,1.41,5.575604123063513,1.66,8.1
2012-10-01,14.84,1.41,5.575604123063513,1.66,8.1
2012-10-02,16.32,1.39,5.592979771650391,1.64,8.1
2012-10-03,15.71,1.41,5.5582284744766355,1.64,8.1
2012-10-04,15.43,1.41,5.540852825889758,1.64,8.1
2012-10-05,14.55,1.47,5.471350231542247,1.7,8.1
2012-10-08,14.55,1.47,5.471350231542247,1.7,8.1
2012-10-09,15.11,1.48,5.453974582955369,1.75,7.8
2012-10-10,16.37,1.49,5.36709634002098,1.74,7.8
2012-10-11,16.29,1.45,5.314969394260347,1.72,7.8
2012-10-12,15.59,1.42,5.262842448499714,1.7,7.8
2012-10-15,15.59,1.42,5.262842448499714,1.7,7.8
2012-10-16,15.27,1.43,5.193339854152203,1.7,7.8
2012-10-17,15.22,1.48,5.141212908391569,1.75,7.8
2012-10-18,15.07,1.53,5.089085962630937,1.83,7.8
2012-10-19,15.03,1.57,5.002207719696548,1.86,7.8
2012-10-22,15.03,1.57,5.002207719696548,1.86,7.8
2012-10-23,16.62,1.51,4.932705125349036,1.83,7.8
2012-10-24,18.83,1.5,5.019583368283425,1.79,7.8
2012-10-25,18.33,1.51,5.036959016870304,1.8,7.8
2012-10-26,18.12,1.55,5.019583368283425,1.86,7.8
2012-10-31,17.81,1.44,5.054334665457181,1.74,7.8
2012-11-01,18.6,1.42,5.019583368283425,1.72,7.8
2012-11-02,16.69,1.45,5.054334665457181,1.75,7.8
2012-11-05,17.59,1.47,5.089085962630937,1.75,7.8
2012-11-06,18.42,1.44,5.036959016870304,1.72,7.8
2012-11-07,17.58,1.48,5.036959016870304,1.78,7.8
2012-11-08,19.08,1.41,5.106461611217814,1.68,7.8
2012-11-09,18.49,1.35,5.141212908391569,1.62,7.8
2012-11-12,18.49,1.35,5.141212908391569,1.62,7.8
2012-11-13,16.68,1.34,5.175964205565324,1.61,7.8
2012-11-14,16.65,1.32,5.228091151325958,1.59,7.8
2012-11-15,17.92,1.34,5.262842448499714,1.59,7.8
2012-11-16,17.99,1.34,5.314969394260347,1.58,7.8
2012-11-19,17.99,1.34,5.314969394260347,1.58,7.8
2012-11-20,15.24,1.36,5.332345042847225,1.61,7.8
2012-11-21,15.08,1.39,5.314969394260347,1.66,7.8
2012-11-23,15.31,1.42,5.29759374567347,1.69,7.8
2012-11-26,15.31,1.42,5.29759374567347,1.69,7.8
2012-11-27,15.5,1.39,5.314969394260347,1.66,7.8
2012-11-28,15.92,1.37,5.332345042847225,1.64,7.8
2012-11-29,15.51,1.36,5.332345042847225,1.63,7.8
2012-11-30,15.06,1.37,5.401847637194736,1.62,7.8
2012-12-03,15.06,1.37,5.401847637194736,1.62,7.8
2012-12-04,16.64,1.38,5.401847637194736,1.63,7.8
2012-12-05,17.12,1.37,5.384471988607858,1.62,7.8
2012-12-06,16.46,1.35,5.436598934368492,1.6,7.7
2012-12-07,16.58,1.34,5.419223285781613,1.59,7.7
2012-12-10,16.58,1.34,5.419223285781613,1.59,7.7
2012-12-11,16.05,1.39,5.401847637194736,1.63,7.7
2012-12-12,15.57,1.42,5.401847637194736,1.66,7.7
2012-12-13,15.95,1.47,5.384471988607858,1.72,7.7
2012-12-14,16.56,1.47,5.3497206914341024,1.74,7.7
2012-12-17,16.56,1.47,5.3497206914341024,1.74,7.7
2012-12-18,16.34,1.53,5.314969394260347,1.78,7.7
2012-12-19,15.57,1.56,5.3497206914341024,1.84,7.7
2012-12-20,17.36,1.54,5.29759374567347,1.82,7.7
2012-12-21,17.67,1.53,5.29759374567347,1.81,7.7
2012-12-24,17.67,1.53,5.29759374567347,1.81,7.7
2012-12-26,17.84,1.53,5.245466799912836,1.79,7.7
2012-12-27,19.48,1.51,5.262842448499714,1.77,7.7
2012-12-28,19.47,1.48,5.21071550273908,1.74,7.7
2012-12-31,19.47,1.48,5.21071550273908,1.74,7.7
2013-01-02,18.02,1.53,5.228091151325958,1.78,7.7
2013-01-03,14.68,1.59,5.228091151325958,1.86,7.7
2013-01-04,14.56,1.65,5.21071550273908,1.92,7.7
2013-01-07,14.56,1.65,5.21071550273908,1.92,7.7
2013-01-08,13.79,1.65,5.141212908391569,1.92,7.9
2013-01-09,13.62,1.64,5.158588556978447,1.89,7.9
2013-01-10,13.81,1.64,5.158588556978447,1.88,7.9
2013-01-11,13.49,1.65,5.141212908391569,1.91,7.9
2013-01-14,13.49,1.65,5.141212908391569,1.91,7.9
2013-01-15,13.52,1.63,5.141212908391569,1.89,7.9
2013-01-16,13.55,1.6,5.158588556978447,1.86,7.9
2013-01-17,13.42,1.58,5.21071550273908,1.84,7.9
2013-01-18,13.57,1.61,5.21071550273908,1.89,7.9
2013-01-22,12.46,1.61,5.175964205565324,1.87,7.9
2013-01-23,12.43,1.6,5.175964205565324,1.86,7.9
2013-01-24,12.46,1.6,5.193339854152203,1.86,7.9
2013-01-25,12.69,1.65,5.175964205565324,1.88,7.9
2013-01-28,12.69,1.65,5.175964205565324,1.88,7.9
2013-01-29,13.57,1.71,5.175964205565324,2.0,7.9
2013-01-30,13.31,1.73,5.158588556978447,2.03,7.9
2013-01-31,14.32,1.76,5.21071550273908,2.03,7.9
2013-02-01,14.28,1.75,5.175964205565324,2.02,7.9
2013-02-04,14.28,1.75,5.175964205565324,2.02,7.9
2013-02-05,14.67,1.75,5.228091151325958,2.0,8.0
2013-02-06,13.72,1.77,5.228091151325958,2.04,8.0
2013-02-07,13.41,1.73,5.245466799912836,2.0,8.0
2013-02-08,13.5,1.74,5.228091151325958,1.99,8.0
2013-02-11,13.5,1.74,5.228091151325958,1.99,8.0
2013-02-12,12.94,1.72,5.21071550273908,1.99,8.0
2013-02-13,12.64,1.73,5.228091151325958,2.02,8.0
2013-02-14,12.98,1.76,5.21071550273908,2.05,8.0
2013-02-15,12.66,1.73,5.228091151325958,2.0,8.0
2013-02-19,12.46,1.72,5.228091151325958,2.01,8.0
2013-02-20,12.31,1.74,5.245466799912836,2.03,8.0
2013-02-21,14.68,1.75,5.262842448499714,2.02,8.0
2013-02-22,15.22,1.73,5.262842448499714,1.99,8.0
2013-02-25,15.22,1.73,5.262842448499714,1.99,8.0
2013-02-26,18.99,1.63,5.29759374567347,1.88,8.0
2013-02-27,16.87,1.63,5.314969394260347,1.88,8.0
2013-02-28,14.73,1.64,5.314969394260347,1.91,8.0
2013-03-01,15.51,1.64,5.29759374567347,1.89,8.0
2013-03-04,15.51,1.64,5.29759374567347,1.89,8.0
2013-03-05,14.01,1.64,5.314969394260347,1.88,8.0
2013-03-06,13.48,1.65,5.314969394260347,1.9,8.0
2013-03-07,13.53,1.7,5.29759374567347,1.95,8.0
2013-03-08,13.06,1.75,5.29759374567347,2.0,7.7
2013-03-11,13.06,1.75,5.29759374567347,2.0,7.7
2013-03-12,11.56,1.8,5.262842448499714,2.07,7.7
2013-03-13,12.27,1.76,5.262842448499714,2.03,7.7
2013-03-14,11.83,1.77,5.228091151325958,2.04,7.7
2013-03-15,11.3,1.77,5.280218097086592,2.04,7.7
2013-03-18,11.3,1.77,5.280218097086592,2.04,7.7
2013-03-19,13.36,1.7,5.332345042847225,1.96,7.7
2013-03-20,14.39,1.68,5.314969394260347,1.92,7.7
2013-03-21,12.67,1.7,5.314969394260347,1.96,7.7
2013-03-22,13.99,1.68,5.314969394260347,1.95,7.7
2013-03-25,13.99,1.68,5.314969394260347,1.95,7.7
2013-03-26,13.74,1.69,5.332345042847225,1.93,7.7
2013-03-27,12.77,1.67,5.332345042847225,1.92,7.7
2013-03-28,13.15,1.62,5.36709634002098,1.87,7.7
2013-04-01,13.15,1.62,5.36709634002098,1.87,7.7
2013-04-02,13.58,1.63,5.332345042847225,1.86,7.7
2013-04-03,12.78,1.63,5.332345042847225,1.88,7.7
2013-04-04,14.21,1.59,5.332345042847225,1.83,7.7
2013-04-05,13.89,1.56,5.280218097086592,1.78,7.5
2013-04-08,13.89,1.56,5.280218097086592,1.78,7.5
2013-04-09,13.19,1.52,5.175964205565324,1.76,7.5
2013-04-10,12.84,1.54,5.175964205565324,1.78,7.5
2013-04-11,12.36,1.6,5.193339854152203,1.84,7.5
2013-04-12,12.24,1.58,5.21071550273908,1.82,7.5
2013-04-15,12.24,1.58,5.21071550273908,1.82,7.5
2013-04-16,17.27,1.5,5.175964205565324,1.72,7.5
2013-04-17,13.96,1.51,5.158588556978447,1.75,7.5
2013-04-18,16.51,1.49,5.158588556978447,1.73,7.5
2013-04-19,17.56,1.48,5.141212908391569,1.72,7.5
2013-04-22,17.56,1.48,5.141212908391569,1.72,7.5
2013-04-23,14.39,1.48,5.175964205565324,1.72,7.5
2013-04-24,13.48,1.51,5.141212908391569,1.74,7.5
2013-04-25,13.61,1.5,5.141212908391569,1.73,7.5
2013-04-26,13.62,1.51,5.158588556978447,1.74,7.5
2013-04-29,13.62,1.51,5.158588556978447,1.74,7.5
2013-04-30,13.71,1.5,5.175964205565324,1.7,7.5
2013-05-01,13.52,1.48,5.193339854152203,1.7,7.5
2013-05-02,14.49,1.46,5.175964205565324,1.66,7.5
2013-05-03,13.59,1.46,5.158588556978447,1.66,7.5
2013-05-06,12.85,1.56,5.175964205565324,1.78,7.6
2013-05-07,12.66,1.58,5.193339854152203,1.8,7.6
2013-05-08,12.83,1.6,5.175964205565324,1.82,7.6
2013-05-09,12.66,1.59,5.141212908391569,1.81,7.6
2013-05-10,13.13,1.59,5.175964205565324,1.81,7.6
2013-05-13,13.13,1.59,5.175964205565324,1.81,7.6
2013-05-14,12.55,1.68,5.158588556978447,1.92,7.6
2013-05-15,12.77,1.7,5.158588556978447,1.96,7.6
2013-05-16,12.81,1.68,5.175964205565324,1.94,7.6
2013-05-17,13.07,1.64,5.158588556978447,1.87,7.6
2013-05-20,13.07,1.64,5.158588556978447,1.87,7.6
2013-05-21,13.02,1.71,5.141212908391569,1.97,7.6
2013-05-22,13.37,1.68,5.158588556978447,1.94,7.6
2013-05-23,13.82,1.77,5.106461611217814,2.03,7.6
2013-05-24,14.07,1.76,5.089085962630937,2.02,7.6
2013-05-28,13.99,1.75,5.054334665457181,2.01,7.6
2013-05-29,14.48,1.86,5.019583368283425,2.15,7.6
2013-05-30,14.83,1.83,5.054334665457181,2.13,7.6
2013-05-31,14.53,1.82,5.089085962630937,2.13,7.6
2013-06-03,14.53,1.82,5.089085962630937,2.13,7.6
2013-06-04,16.28,1.83,5.175964205565324,2.13,7.6
2013-06-05,16.27,1.82,5.245466799912836,2.14,7.5
2013-06-06,17.5,1.8,5.29759374567347,2.1,7.5
2013-06-07,16.63,1.78,5.280218097086592,2.08,7.5
2013-06-10,16.63,1.78,5.280218097086592,2.08,7.5
2013-06-11,15.44,1.9,5.29759374567347,2.22,7.5
2013-06-12,17.07,1.86,5.332345042847225,2.2,7.5
2013-06-13,18.59,1.91,5.332345042847225,2.25,7.5
2013-06-14,16.41,1.87,5.3497206914341024,2.19,7.5
2013-06-17,16.41,1.87,5.3497206914341024,2.19,7.5
2013-06-18,16.8,1.92,5.36709634002098,2.19,7.5
2013-06-19,16.61,1.93,5.3497206914341024,2.2,7.5
2013-06-20,16.64,2.02,5.262842448499714,2.33,7.5
2013-06-21,20.49,2.08,5.36709634002098,2.41,7.5
2013-06-24,20.49,2.08,5.36709634002098,2.41,7.5
2013-06-25,20.11,2.15,5.245466799912836,2.57,7.5
2013-06-26,18.47,2.17,5.280218097086592,2.6,7.5
2013-06-27,17.21,2.16,5.29759374567347,2.55,7.5
2013-06-28,16.86,2.13,5.3497206914341024,2.49,7.5
2013-07-01,16.86,2.13,5.3497206914341024,2.49,7.5
2013-07-02,16.37,2.16,5.193339854152203,2.5,7.5
2013-07-03,16.44,2.14,5.158588556978447,2.48,7.5
2013-07-05,16.2,2.16,5.141212908391569,2.52,7.5
2013-07-08,16.2,2.16,5.141212908391569,2.52,7.5
2013-07-09,14.78,2.28,5.1238372598046915,2.65,7.5
2013-07-10,14.35,2.28,5.106461611217814,2.65,7.5
2013-07-11,14.21,2.32,5.054334665457181,2.7,7.5
2013-07-12,14.01,2.26,5.089085962630937,2.6,7.5
2013-07-15,14.01,2.26,5.089085962630937,2.6,7.5
2013-07-16,13.79,2.23,5.071710314044058,2.57,7.5
2013-07-17,14.42,2.21,5.036959016870304,2.55,7.5
2013-07-18,13.78,2.2,5.036959016870304,2.52,7.5
2013-07-19,13.77,2.24,5.054334665457181,2.56,7.5
2013-07-22,13.77,2.24,5.054334665457181,2.56,7.5
2013-07-23,12.29,2.18,4.98483207110967,2.5,7.5
2013-07-24,12.66,2.2,4.967456422522792,2.53,7.5
2013-07-25,13.18,2.27,4.9153294767621585,2.61,7.5
2013-07-26,12.97,2.29,4.950080773935914,2.61,7.5
2013-07-29,12.97,2.29,4.950080773935914,2.61,7.5
2013-07-30,13.39,2.28,4.950080773935914,2.61,7.5
2013-07-31,13.39,2.3,4.932705125349036,2.63,7.5
2013-08-01,13.45,2.29,4.932705125349036,2.6,7.5
2013-08-02,12.94,2.39,4.8979538281752815,2.74,7.5
2013-08-05,11.98,2.33,4.932705125349036,2.63,7.3
2013-08-06,11.84,2.35,4.967456422522792,2.67,7.3
2013-08-07,12.72,2.35,4.950080773935914,2.67,7.3
2013-08-08,12.98,2.29,5.002207719696548,2.61,7.3
2013-08-09,12.73,2.28,5.019583368283425,2.58,7.3
2013-08-12,12.73,2.28,5.019583368283425,2.58,7.3
2013-08-13,12.81,2.29,5.002207719696548,2.61,7.3
2013-08-14,12.31,2.37,5.002207719696548,2.71,7.3
2013-08-15,13.04,2.37,5.002207719696548,2.71,7.3
2013-08-16,14.73,2.41,4.967456422522792,2.77,7.3
2013-08-19,14.73,2.41,4.967456422522792,2.77,7.3
2013-08-20,15.1,2.52,4.967456422522792,2.88,7.3
2013-08-21,14.91,2.46,5.002207719696548,2.82,7.3
2013-08-22,15.94,2.49,4.98483207110967,2.87,7.3
2013-08-23,14.76,2.48,4.932705125349036,2.9,7.3
2013-08-26,14.76,2.48,4.932705125349036,2.9,7.3
2013-08-27,14.99,2.38,4.9153294767621585,2.79,7.3
2013-08-28,16.77,2.34,4.8979538281752815,2.72,7.3
2013-08-29,16.49,2.38,4.880578179588403,2.78,7.3
2013-08-30,16.81,2.36,4.82845123382777,2.75,7.3
2013-09-03,17.01,2.39,4.724197342306503,2.78,7.3
2013-09-04,16.61,2.43,4.758948639480259,2.86,7.3
2013-09-05,15.88,2.44,4.706821693719625,2.9,7.2
2013-09-06,15.77,2.46,4.706821693719625,2.98,7.2
2013-09-09,15.77,2.46,4.706821693719625,2.98,7.2
2013-09-10,15.63,2.45,4.793699936654015,2.9,7.2
2013-09-11,14.53,2.46,4.811075585240892,2.96,7.2
2013-09-12,13.82,2.46,4.811075585240892,2.93,7.2
2013-09-13,14.29,2.47,4.811075585240892,2.92,7.2
2013-09-16,14.29,2.47,4.811075585240892,2.92,7.2
2013-09-17,14.38,2.47,4.932705125349036,2.88,7.2
2013-09-18,14.53,2.47,4.9153294767621585,2.86,7.2
2013-09-19,13.59,2.35,5.054334665457181,2.69,7.2
2013-09-20,13.16,2.42,5.002207719696548,2.76,7.2
2013-09-23,13.16,2.42,5.002207719696548,2.76,7.2
2013-09-24,14.31,2.37,4.967456422522792,2.72,7.2
2013-09-25,14.08,2.32,4.932705125349036,2.67,7.2
2013-09-26,14.01,2.27,4.967456422522792,2.63,7.2
2013-09-27,14.06,2.32,5.002207719696548,2.66,7.2
2013-09-30,14.06,2.32,5.002207719696548,2.66,7.2
2013-10-01,16.6,2.31,5.054334665457181,2.64,7.2
2013-10-02,15.54,2.33,5.071710314044058,2.66,7.2
2013-10-03,16.6,2.32,5.089085962630937,2.63,7.2
2013-10-04,17.67,2.29,5.106461611217814,2.62,7.2
2013-10-07,17.67,2.29,5.106461611217814,2.62,7.2
2013-10-08,19.41,2.28,5.036959016870304,2.65,7.2
2013-10-09,20.34,2.26,4.98483207110967,2.66,7.2
2013-10-10,19.6,2.31,4.98483207110967,2.68,7.2
2013-10-11,16.48,2.36,4.932705125349036,2.71,7.2
2013-10-14,16.48,2.36,4.932705125349036,2.71,7.2
2013-10-15,16.07,2.35,4.932705125349036,2.7,7.2
2013-10-16,18.66,2.38,4.8979538281752815,2.75,7.2
2013-10-17,14.71,2.35,4.8979538281752815,2.69,7.2
2013-10-18,13.48,2.28,4.8979538281752815,2.61,7.2
2013-10-21,13.48,2.28,4.8979538281752815,2.61,7.2
2013-10-22,13.16,2.3,4.880578179588403,2.63,7.2
2013-10-23,13.33,2.23,4.8979538281752815,2.54,7.2
2013-10-24,13.42,2.2,4.9153294767621585,2.51,7.2
2013-10-25,13.2,2.2,4.932705125349036,2.53,7.2
2013-10-28,13.2,2.2,4.932705125349036,2.53,7.2
2013-10-29,13.31,2.22,4.8979538281752815,2.54,7.2
2013-10-30,13.41,2.22,4.950080773935914,2.53,7.2
2013-10-31,13.65,2.22,4.932705125349036,2.55,7.2
2013-11-01,13.75,2.26,4.880578179588403,2.57,7.2
2013-11-04,13.75,2.26,4.880578179588403,2.57,7.2
2013-11-05,12.93,2.31,4.8979538281752815,2.63,7.2
2013-11-06,13.27,2.37,4.8979538281752815,2.69,7.2
2013-11-07,12.67,2.37,4.967456422522792,2.67,7.2
2013-11-08,13.91,2.34,4.967456422522792,2.63,7.2
2013-11-11,13.91,2.34,4.967456422522792,2.63,7.2
2013-11-12,12.53,2.45,4.950080773935914,2.77,7.2
2013-11-13,12.82,2.46,4.9153294767621585,2.8,7.2
2013-11-14,12.52,2.43,4.950080773935914,2.75,7.2
2013-11-15,12.37,2.4,5.002207719696548,2.69,7.2
2013-11-18,12.37,2.4,5.002207719696548,2.69,7.2
2013-11-19,13.1,2.36,4.8979538281752815,2.67,7.2
2013-11-20,13.39,2.42,4.8979538281752815,2.71,7.2
2013-11-21,13.4,2.52,4.9153294767621585,2.8,7.2
2013-11-22,12.66,2.5,4.880578179588403,2.79,7.2
2013-11-25,12.66,2.5,4.880578179588403,2.79,7.2
2013-11-26,12.79,2.44,4.880578179588403,2.74,7.2
2013-11-27,12.81,2.42,4.845826882414648,2.71,7.2
2013-11-29,12.98,2.46,4.845826882414648,2.74,7.2
2013-12-02,12.98,2.46,4.845826882414648,2.74,7.2
2013-12-03,14.23,2.51,4.793699936654015,2.81,7.2
2013-12-04,14.55,2.51,4.793699936654015,2.79,7.2
2013-12-05,14.7,2.54,4.82845123382777,2.84,7.2
2013-12-06,15.08,2.58,4.776324288067136,2.88,6.9
2013-12-09,15.08,2.58,4.776324288067136,2.88,6.9
2013-12-10,13.49,2.56,4.741572990893381,2.86,6.9
2013-12-11,13.91,2.51,4.724197342306503,2.81,6.9
2013-12-12,15.42,2.55,4.706821693719625,2.86,6.9
2013-12-13,15.54,2.55,4.67207039654587,2.89,6.9
2013-12-16,15.54,2.55,4.67207039654587,2.89,6.9
2013-12-17,16.03,2.55,4.619943450785237,2.89,6.9
2013-12-18,16.21,2.51,4.619943450785237,2.85,6.9
2013-12-19,13.8,2.57,4.619943450785237,2.89,6.9
2013-12-20,14.15,2.59,4.4809382620902145,2.94,6.9
2013-12-23,14.15,2.59,4.4809382620902145,2.94,6.9
2013-12-24,13.04,2.56,4.359308721982071,2.94,6.9
2013-12-26,12.48,2.61,4.376684370568948,2.99,6.9
2013-12-27,12.33,2.58,4.394060019155827,3.0,6.9
2013-12-30,12.33,2.58,4.394060019155827,3.0,6.9
2013-12-31,13.56,2.6,4.359308721982071,2.99,6.9
2014-01-02,13.72,2.66,4.324557424808315,3.04,6.9
2014-01-03,14.23,2.61,4.341933073395193,3.0,6.9
2014-01-06,14.23,2.61,4.341933073395193,3.0,6.9
2014-01-07,13.55,2.58,4.307181776221437,2.98,6.7
2014-01-08,12.92,2.56,4.307181776221437,2.96,6.7
2014-01-09,12.87,2.58,4.289806127634559,3.01,6.7
2014-01-10,12.89,2.53,4.289806127634559,2.97,6.7
2014-01-13,12.89,2.53,4.289806127634559,2.97,6.7
2014-01-14,13.28,2.45,4.341933073395193,2.84,6.7
2014-01-15,12.28,2.49,4.341933073395193,2.88,6.7
2014-01-16,12.28,2.49,4.307181776221437,2.9,6.7
2014-01-17,12.53,2.45,4.307181776221437,2.86,6.7
2014-01-21,12.44,2.44,4.324557424808315,2.84,6.7
2014-01-22,12.87,2.45,4.2724304790476815,2.85,6.7
2014-01-23,12.84,2.43,4.2724304790476815,2.87,6.7
2014-01-24,13.77,2.4,4.307181776221437,2.79,6.7
2014-01-27,13.77,2.4,4.307181776221437,2.79,6.7
2014-01-28,17.42,2.41,4.376684370568948,2.78,6.7
2014-01-29,15.8,2.39,4.359308721982071,2.77,6.7
2014-01-30,17.35,2.33,4.411435667742704,2.69,6.7
2014-01-31,17.29,2.36,4.376684370568948,2.72,6.7
2014-02-03,17.29,2.36,4.376684370568948,2.72,6.7
2014-02-04,21.44,2.31,4.428811316329582,2.61,6.7
2014-02-05,19.11,2.33,4.4635626135033375,2.64,6.6
2014-02-06,19.95,2.38,4.4809382620902145,2.7,6.6
2014-02-07,17.23,2.4,4.44618696491646,2.73,6.6
2014-02-10,17.23,2.4,4.44618696491646,2.73,6.6
2014-02-11,15.26,2.38,4.4809382620902145,2.7,6.6
2014-02-12,14.51,2.4,4.428811316329582,2.75,6.6
2014-02-13,14.3,2.45,4.376684370568948,2.8,6.6
2014-02-14,14.14,2.41,4.428811316329582,2.73,6.6
2014-02-18,13.57,2.43,4.411435667742704,2.75,6.6
2014-02-19,13.87,2.4,4.44618696491646,2.71,6.6
2014-02-20,15.5,2.4,4.4635626135033375,2.73,6.6
2014-02-21,14.79,2.42,4.428811316329582,2.76,6.6
2014-02-24,14.79,2.42,4.428811316329582,2.76,6.6
2014-02-25,14.23,2.4,4.411435667742704,2.75,6.6
2014-02-26,13.67,2.36,4.411435667742704,2.7,6.6
2014-02-27,14.35,2.34,4.411435667742704,2.67,6.6
2014-02-28,14.04,2.32,4.376684370568948,2.65,6.6
2014-03-03,14.04,2.32,4.376684370568948,2.65,6.6
2014-03-04,16.0,2.28,4.394060019155827,2.6,6.6
2014-03-05,14.1,2.37,4.359308721982071,2.7,6.6
2014-03-06,13.89,2.37,4.376684370568948,2.7,6.6
2014-03-07,14.21,2.37,4.394060019155827,2.74,6.6
2014-03-10,14.21,2.37,4.394060019155827,2.74,6.6
2014-03-11,14.2,2.42,4.376684370568948,2.79,6.7
2014-03-12,14.8,2.4,4.394060019155827,2.77,6.7
2014-03-13,14.47,2.36,4.411435667742704,2.73,6.7
2014-03-14,16.22,2.32,4.428811316329582,2.66,6.7
2014-03-17,16.22,2.32,4.428811316329582,2.66,6.7
2014-03-18,15.64,2.32,4.44618696491646,2.7,6.7
2014-03-19,14.52,2.32,4.4809382620902145,2.68,6.7
2014-03-20,15.12,2.31,4.394060019155827,2.78,6.7
2014-03-21,14.52,2.34,4.341933073395193,2.79,6.7
2014-03-24,14.52,2.34,4.341933073395193,2.79,6.7
2014-03-25,15.09,2.27,4.2550548304608045,2.74,6.7
2014-03-26,14.02,2.28,4.237679181873927,2.75,6.7
2014-03-27,14.93,2.26,4.237679181873927,2.71,6.7
2014-03-28,14.62,2.24,4.202927884700171,2.69,6.7
2014-03-31,14.62,2.24,4.202927884700171,2.69,6.7
2014-04-01,13.88,2.29,4.202927884700171,2.73,6.7
2014-04-02,13.1,2.33,4.202927884700171,2.77,6.7
2014-04-03,13.09,2.35,4.185552236113294,2.82,6.7
2014-04-04,13.37,2.34,4.168176587526416,2.8,6.7
2014-04-07,13.37,2.34,4.168176587526416,2.8,6.7
2014-04-08,15.57,2.3,4.168176587526416,2.71,6.7
2014-04-09,14.89,2.29,4.202927884700171,2.69,6.7
2014-04-10,13.82,2.34,4.185552236113294,2.71,6.7
2014-04-11,15.89,2.28,4.168176587526416,2.65,6.7
2014-04-14,15.89,2.28,4.168176587526416,2.65,6.7
2014-04-15,16.11,2.28,4.13342529035266,2.65,6.7
2014-04-16,15.61,2.25,4.098673993178905,2.64,6.7
2014-04-17,14.18,2.26,4.081298344592026,2.65,6.7
2014-04-21,14.18,2.26,4.081298344592026,2.65,6.7
2014-04-22,13.25,2.31,4.063922696005149,2.73,6.7
2014-04-23,13.19,2.28,4.011795750244516,2.73,6.7
2014-04-24,13.27,2.27,4.011795750244516,2.7,6.7
2014-04-25,13.32,2.27,3.9944201016576386,2.7,6.7
2014-04-28,13.32,2.27,3.9944201016576386,2.7,6.7
2014-04-29,13.97,2.26,3.9770444530707603,2.7,6.7
2014-04-30,13.71,2.27,4.011795750244516,2.71,6.7
2014-05-01,13.41,2.25,4.0291713988313935,2.67,6.7
2014-05-02,13.25,2.22,3.9944201016576386,2.63,6.7
2014-05-05,13.25,2.22,3.9944201016576386,2.63,6.7
2014-05-06,13.29,2.2,4.011795750244516,2.63,6.2
2014-05-07,13.8,2.18,4.011795750244516,2.61,6.2
2014-05-08,13.4,2.21,4.0291713988313935,2.62,6.2
2014-05-09,13.43,2.21,4.063922696005149,2.61,6.2
2014-05-12,13.43,2.21,4.063922696005149,2.61,6.2
2014-05-13,12.23,2.25,4.098673993178905,2.66,6.2
2014-05-14,12.13,2.22,4.116049641765782,2.61,6.2
2014-05-15,12.17,2.15,4.098673993178905,2.54,6.2
2014-05-16,13.17,2.12,4.13342529035266,2.5,6.2
2014-05-19,13.17,2.12,4.13342529035266,2.5,6.2
2014-05-20,12.42,2.18,4.13342529035266,2.54,6.2
2014-05-21,12.96,2.17,4.150800938939538,2.52,6.2
2014-05-22,11.91,2.17,4.202927884700171,2.54,6.2
2014-05-23,12.03,2.19,4.185552236113294,2.56,6.2
2014-05-27,11.36,2.17,4.168176587526416,2.54,6.2
2014-05-28,11.51,2.13,4.150800938939538,2.52,6.2
2014-05-29,11.68,2.07,4.150800938939538,2.44,6.2
2014-05-30,11.57,2.08,4.168176587526416,2.45,6.2
2014-06-02,11.57,2.08,4.168176587526416,2.45,6.2
2014-06-03,11.58,2.15,4.13342529035266,2.54,6.2
2014-06-04,11.87,2.19,4.13342529035266,2.6,6.2
2014-06-05,12.08,2.2,4.150800938939538,2.61,6.3
2014-06-06,11.68,2.19,4.168176587526416,2.59,6.3
2014-06-09,11.68,2.19,4.168176587526416,2.59,6.3
2014-06-10,11.15,2.19,4.13342529035266,2.62,6.3
2014-06-11,10.99,2.19,4.116049641765782,2.64,6.3
2014-06-12,11.6,2.21,4.098673993178905,2.65,6.3
2014-06-13,12.56,2.16,4.116049641765782,2.58,6.3
2014-06-16,12.56,2.16,4.116049641765782,2.58,6.3
2014-06-17,12.65,2.12,4.046547047418271,2.61,6.3
2014-06-18,12.06,2.15,4.046547047418271,2.66,6.3
2014-06-19,10.61,2.13,4.081298344592026,2.61,6.3
2014-06-20,10.62,2.16,4.081298344592026,2.64,6.3
2014-06-23,10.62,2.16,4.081298344592026,2.64,6.3
2014-06-24,10.98,2.15,4.081298344592026,2.63,6.3
2014-06-25,12.13,2.1,4.063922696005149,2.59,6.3
2014-06-26,11.59,2.09,4.063922696005149,2.57,6.3
2014-06-27,11.63,2.07,4.063922696005149,2.53,6.3
2014-06-30,11.63,2.07,4.063922696005149,2.53,6.3
2014-07-01,11.57,2.06,4.063922696005149,2.53,6.3
2014-07-02,11.15,2.11,4.081298344592026,2.58,6.3
2014-07-03,10.82,2.15,4.098673993178905,2.64,6.3
2014-07-07,10.82,2.15,4.098673993178905,2.64,6.3
2014-07-08,11.33,2.11,4.063922696005149,2.63,6.1
2014-07-09,11.98,2.07,4.063922696005149,2.58,6.1
2014-07-10,11.65,2.06,4.046547047418271,2.57,6.1
2014-07-11,12.59,2.09,4.098673993178905,2.55,6.1
2014-07-14,12.59,2.09,4.098673993178905,2.55,6.1
2014-07-15,11.82,2.07,4.116049641765782,2.55,6.1
2014-07-16,11.96,2.07,4.098673993178905,2.56,6.1
2014-07-17,11.0,2.05,4.081298344592026,2.55,6.1
2014-07-18,14.54,2.0,4.13342529035266,2.47,6.1
2014-07-21,14.54,2.0,4.13342529035266,2.47,6.1
2014-07-22,12.81,1.98,4.081298344592026,2.49,6.1
2014-07-23,12.24,1.99,4.081298344592026,2.48,6.1
2014-07-24,11.52,1.98,4.098673993178905,2.48,6.1
2014-07-25,11.84,1.99,4.098673993178905,2.52,6.1
2014-07-28,11.84,1.99,4.098673993178905,2.52,6.1
2014-07-29,12.56,1.96,4.081298344592026,2.5,6.1
2014-07-30,13.28,1.93,4.063922696005149,2.47,6.1
2014-07-31,13.33,2.01,4.046547047418271,2.57,6.1
2014-08-01,16.95,2.05,4.046547047418271,2.58,6.1
2014-08-04,16.95,2.05,4.046547047418271,2.58,6.1
2014-08-05,15.12,2.04,4.168176587526416,2.51,6.2
2014-08-06,16.87,2.02,4.185552236113294,2.49,6.2
2014-08-07,16.37,2.01,4.202927884700171,2.49,6.2
2014-08-08,16.66,1.99,4.237679181873927,2.43,6.2
2014-08-11,16.66,1.99,4.237679181873927,2.43,6.2
2014-08-12,14.23,1.97,4.237679181873927,2.44,6.2
2014-08-13,14.13,2.01,4.2550548304608045,2.46,6.2
2014-08-14,12.9,2.0,4.289806127634559,2.43,6.2
2014-08-15,12.42,1.98,4.2550548304608045,2.4,6.2
2014-08-18,12.42,1.98,4.2550548304608045,2.4,6.2
2014-08-19,12.32,1.95,4.289806127634559,2.39,6.2
2014-08-20,12.21,1.94,4.324557424808315,2.4,6.2
2014-08-21,11.78,1.94,4.2724304790476815,2.43,6.2
2014-08-22,11.76,1.92,4.237679181873927,2.41,6.2
2014-08-25,11.76,1.92,4.237679181873927,2.41,6.2
2014-08-26,11.7,1.86,4.185552236113294,2.39,6.2
2014-08-27,11.63,1.87,4.202927884700171,2.39,6.2
2014-08-28,11.78,1.86,4.168176587526416,2.37,6.2
2014-08-29,12.05,1.84,4.150800938939538,2.34,6.2
2014-09-02,11.98,1.87,4.150800938939538,2.35,6.2
2014-09-03,12.25,1.89,4.185552236113294,2.42,6.2
2014-09-04,12.36,1.89,4.168176587526416,2.41,6.2
2014-09-05,12.64,1.91,4.185552236113294,2.45,6.1
2014-09-08,12.64,1.91,4.185552236113294,2.45,6.1
2014-09-09,12.66,1.94,4.202927884700171,2.48,6.1
2014-09-10,13.5,1.94,4.185552236113294,2.5,6.1
2014-09-11,12.88,1.96,4.202927884700171,2.54,6.1
2014-09-12,12.8,1.96,4.185552236113294,2.54,6.1
2014-09-15,12.8,1.96,4.185552236113294,2.54,6.1
2014-09-16,14.12,2.02,4.237679181873927,2.6,6.1
2014-09-17,12.73,2.05,4.2724304790476815,2.6,6.1
2014-09-18,12.65,2.03,4.2550548304608045,2.62,6.1
2014-09-19,12.03,2.04,4.237679181873927,2.63,6.1
2014-09-22,12.03,2.04,4.237679181873927,2.63,6.1
2014-09-23,13.69,1.99,4.220303533287049,2.57,6.1
2014-09-24,14.93,1.97,4.202927884700171,2.54,6.1
2014-09-25,13.27,1.98,4.220303533287049,2.57,6.1
2014-09-26,15.64,1.96,4.220303533287049,2.52,6.1
2014-09-29,15.64,1.96,4.220303533287049,2.52,6.1
2014-09-30,15.98,1.92,4.220303533287049,2.5,6.1
2014-10-01,16.31,1.94,4.2550548304608045,2.52,6.1
2014-10-02,16.71,1.89,4.289806127634559,2.42,6.1
2014-10-03,16.16,1.91,4.307181776221437,2.44,6.1
2014-10-06,14.55,1.88,4.2550548304608045,2.45,5.9
2014-10-07,15.46,1.89,4.2724304790476815,2.43,5.9
2014-10-08,17.2,1.84,4.2724304790476815,2.36,5.9
2014-10-09,15.11,1.89,4.307181776221437,2.35,5.9
2014-10-10,18.76,1.88,4.341933073395193,2.34,5.9
2014-10-13,18.76,1.88,4.341933073395193,2.34,5.9
2014-10-14,24.64,1.86,4.376684370568948,2.31,5.9
2014-10-15,22.79,1.82,4.428811316329582,2.21,5.9
2014-10-16,26.25,1.81,4.51568955926397,2.15,5.9
2014-10-17,25.2,1.82,4.567816505024604,2.17,5.9
2014-10-20,25.2,1.82,4.567816505024604,2.17,5.9
2014-10-21,18.57,1.83,4.533065207850848,2.2,5.9
2014-10-22,16.08,1.85,4.498313910677093,2.23,5.9
2014-10-23,17.87,1.84,4.4809382620902145,2.25,5.9
2014-10-24,16.53,1.88,4.4809382620902145,2.29,5.9
2014-10-27,16.53,1.88,4.4809382620902145,2.29,5.9
2014-10-28,16.04,1.86,4.51568955926397,2.27,5.9
2014-10-29,14.39,1.88,4.498313910677093,2.3,5.9
2014-10-30,15.15,1.86,4.376684370568948,2.34,5.9
2014-10-31,14.52,1.84,4.428811316329582,2.32,5.9
2014-11-03,14.52,1.84,4.428811316329582,2.32,5.9
2014-11-04,14.73,1.84,4.428811316329582,2.36,5.9
2014-11-05,14.89,1.83,4.428811316329582,2.35,5.7
2014-11-06,14.17,1.84,4.428811316329582,2.36,5.7
2014-11-07,13.67,1.85,4.44618696491646,2.39,5.7
2014-11-10,13.67,1.85,4.44618696491646,2.39,5.7
2014-11-11,12.67,1.83,4.4635626135033375,2.38,5.7
2014-11-12,12.92,1.83,4.4635626135033375,2.38,5.7
2014-11-13,13.02,1.82,4.498313910677093,2.37,5.7
2014-11-14,13.79,1.82,4.567816505024604,2.35,5.7
2014-11-17,13.79,1.82,4.567816505024604,2.35,5.7
2014-11-18,13.99,1.8,4.60256780219836,2.34,5.7
2014-11-19,13.86,1.79,4.654694747958993,2.32,5.7
2014-11-20,13.96,1.82,4.637319099372115,2.36,5.7
2014-11-21,13.58,1.81,4.654694747958993,2.34,5.7
2014-11-24,13.58,1.81,4.654694747958993,2.34,5.7
2014-11-25,12.62,1.77,4.619943450785237,2.3,5.7
2014-11-26,12.25,1.76,4.550440856437726,2.27,5.7
2014-11-28,12.07,1.71,4.567816505024604,2.24,5.7
2014-12-01,12.07,1.71,4.567816505024604,2.24,5.7
2014-12-02,14.29,1.73,4.689446045132748,2.22,5.7
2014-12-03,12.85,1.73,4.689446045132748,2.28,5.7
2014-12-04,12.47,1.72,4.654694747958993,2.29,5.7
2014-12-05,12.38,1.7,4.67207039654587,2.25,5.7
2014-12-08,12.38,1.7,4.67207039654587,2.25,5.7
2014-12-09,14.21,1.62,4.585192153611481,2.26,5.8
2014-12-10,14.89,1.58,4.637319099372115,2.22,5.8
2014-12-11,18.53,1.59,4.67207039654587,2.18,5.8
2014-12-12,20.08,1.57,4.67207039654587,2.19,5.8
2014-12-15,20.08,1.57,4.67207039654587,2.19,5.8
2014-12-16,20.42,1.52,4.724197342306503,2.12,5.8
2014-12-17,23.57,1.49,4.793699936654015,2.07,5.8
2014-12-18,19.44,1.52,4.793699936654015,2.14,5.8
2014-12-19,16.81,1.55,4.724197342306503,2.22,5.8
2014-12-22,16.81,1.55,4.724197342306503,2.22,5.8
2014-12-23,15.25,1.46,4.67207039654587,2.17,5.8
2014-12-24,14.8,1.53,4.67207039654587,2.26,5.8
2014-12-26,14.37,1.54,4.619943450785237,2.27,5.8
2014-12-29,14.37,1.54,4.619943450785237,2.27,5.8
2014-12-30,15.06,1.5,4.60256780219836,2.22,5.8
2014-12-31,15.92,1.51,4.60256780219836,2.2,5.8
2015-01-02,19.2,1.5,4.637319099372115,2.17,5.8
2015-01-05,17.79,1.46,4.637319099372115,2.12,5.6
2015-01-06,19.92,1.36,4.654694747958993,2.04,5.6
2015-01-07,21.12,1.32,4.654694747958993,1.97,5.6
2015-01-08,19.31,1.34,4.67207039654587,1.96,5.6
2015-01-09,17.01,1.41,4.689446045132748,2.03,5.6
2015-01-12,17.01,1.41,4.689446045132748,2.03,5.6
2015-01-13,19.6,1.36,4.706821693719625,1.92,5.6
2015-01-14,20.56,1.37,4.706821693719625,1.91,5.6
2015-01-15,21.48,1.35,4.758948639480259,1.86,5.6
2015-01-16,22.39,1.33,4.880578179588403,1.77,5.6
2015-01-20,20.95,1.34,4.82845123382777,1.83,5.6
2015-01-21,19.89,1.29,4.811075585240892,1.82,5.6
2015-01-22,18.85,1.34,4.776324288067136,1.87,5.6
2015-01-23,16.4,1.37,4.776324288067136,1.9,5.6
2015-01-26,16.4,1.37,4.776324288067136,1.9,5.6
2015-01-27,15.52,1.29,4.758948639480259,1.83,5.6
2015-01-28,17.22,1.29,4.776324288067136,1.83,5.6
2015-01-29,20.44,1.23,4.776324288067136,1.73,5.6
2015-01-30,18.76,1.26,4.758948639480259,1.77,5.6
2015-02-02,18.76,1.26,4.758948639480259,1.77,5.6
2015-02-03,19.43,1.19,4.811075585240892,1.68,5.6
2015-02-04,17.33,1.27,4.811075585240892,1.79,5.6
2015-02-05,18.33,1.29,4.793699936654015,1.81,5.7
2015-02-06,16.85,1.31,4.793699936654015,1.83,5.7
2015-02-09,16.85,1.31,4.793699936654015,1.83,5.7
2015-02-10,18.55,1.31,4.67207039654587,1.96,5.7
2015-02-11,17.23,1.34,4.67207039654587,2.01,5.7
2015-02-12,16.96,1.33,4.67207039654587,2.0,5.7
2015-02-13,15.34,1.38,4.689446045132748,1.99,5.7
2015-02-17,14.69,1.36,4.706821693719625,2.02,5.7
2015-02-18,15.8,1.44,4.67207039654587,2.14,5.7
2015-02-19,15.45,1.45,4.67207039654587,2.07,5.7
2015-02-20,15.29,1.44,4.67207039654587,2.11,5.7
2015-02-23,15.29,1.44,4.67207039654587,2.11,5.7
2015-02-24,14.56,1.42,4.585192153611481,2.06,5.7
2015-02-25,13.69,1.39,4.60256780219836,1.99,5.7
2015-02-26,13.84,1.35,4.60256780219836,1.96,5.7
2015-02-27,13.91,1.37,4.51568955926397,2.03,5.7
2015-03-02,13.91,1.37,4.51568955926397,2.03,5.7
2015-03-03,13.04,1.42,4.585192153611481,2.08,5.7
2015-03-04,13.86,1.44,4.550440856437726,2.12,5.7
2015-03-05,14.23,1.46,4.550440856437726,2.12,5.7
2015-03-06,14.04,1.46,4.567816505024604,2.11,5.7
2015-03-09,14.04,1.46,4.567816505024604,2.11,5.7
2015-03-10,15.06,1.5,4.550440856437726,2.2,5.5
2015-03-11,16.69,1.44,4.533065207850848,2.14,5.5
2015-03-12,16.87,1.41,4.533065207850848,2.11,5.5
2015-03-13,15.42,1.43,4.550440856437726,2.1,5.5
2015-03-16,15.42,1.43,4.550440856437726,2.1,5.5
2015-03-17,15.61,1.44,4.585192153611481,2.1,5.5
2015-03-18,15.66,1.36,4.60256780219836,2.06,5.5
2015-03-19,13.97,1.36,4.706821693719625,1.93,5.5
2015-03-20,14.07,1.35,4.619943450785237,1.98,5.5
2015-03-23,14.07,1.35,4.619943450785237,1.98,5.5
2015-03-24,13.41,1.32,4.689446045132748,1.92,5.5
2015-03-25,13.62,1.3,4.67207039654587,1.88,5.5
2015-03-26,15.44,1.34,4.67207039654587,1.93,5.5
2015-03-27,15.8,1.4,4.706821693719625,2.01,5.5
2015-03-30,15.8,1.4,4.706821693719625,2.01,5.5
2015-03-31,14.51,1.38,4.706821693719625,1.96,5.5
2015-04-01,15.29,1.38,4.706821693719625,1.94,5.5
2015-04-02,15.11,1.32,4.706821693719625,1.87,5.5
2015-04-06,15.11,1.32,4.706821693719625,1.87,5.5
2015-04-07,14.74,1.41,4.758948639480259,1.92,5.4
2015-04-08,14.78,1.37,4.724197342306503,1.89,5.4
2015-04-09,13.98,1.38,4.637319099372115,1.92,5.4
2015-04-10,13.09,1.41,4.67207039654587,1.97,5.4
2015-04-13,13.09,1.41,4.67207039654587,1.97,5.4
2015-04-14,13.94,1.4,4.689446045132748,1.94,5.4
2015-04-15,13.67,1.37,4.689446045132748,1.9,5.4
2015-04-16,12.84,1.4,4.689446045132748,1.91,5.4
2015-04-17,12.6,1.4,4.706821693719625,1.9,5.4
2015-04-20,12.6,1.4,4.706821693719625,1.9,5.4
2015-04-21,13.3,1.35,4.706821693719625,1.9,5.4
2015-04-22,13.25,1.37,4.689446045132748,1.92,5.4
2015-04-23,12.71,1.42,4.67207039654587,1.99,5.4
2015-04-24,12.48,1.41,4.689446045132748,1.96,5.4
2015-04-27,12.48,1.41,4.689446045132748,1.96,5.4
2015-04-28,13.12,1.4,4.689446045132748,1.94,5.4
2015-04-29,12.41,1.44,4.706821693719625,2.0,5.4
2015-04-30,13.39,1.5,4.758948639480259,2.06,5.4
2015-05-01,14.55,1.47,4.793699936654015,2.05,5.4
2015-05-04,14.55,1.47,4.793699936654015,2.05,5.4
2015-05-05,12.85,1.56,4.811075585240892,2.16,5.4
2015-05-06,14.31,1.57,4.82845123382777,2.19,5.4
2015-05-07,15.15,1.6,4.863202531001526,2.25,5.4
2015-05-08,15.13,1.55,4.863202531001526,2.18,5.4
2015-05-11,15.13,1.55,4.863202531001526,2.18,5.4
2015-05-12,13.85,1.66,4.8979538281752815,2.28,5.4
2015-05-13,13.86,1.67,4.880578179588403,2.28,5.4
2015-05-14,13.76,1.68,4.98483207110967,2.27,5.4
2015-05-15,12.74,1.67,5.036959016870304,2.23,5.4
2015-05-18,12.74,1.67,5.036959016870304,2.23,5.4
2015-05-19,12.73,1.65,5.019583368283425,2.23,5.4
2015-05-20,12.85,1.64,4.98483207110967,2.27,5.4
2015-05-21,12.88,1.66,5.019583368283425,2.26,5.4
2015-05-22,12.11,1.59,5.054334665457181,2.19,5.4
2015-05-26,12.13,1.57,5.036959016870304,2.21,5.4
2015-05-27,14.06,1.5,5.019583368283425,2.14,5.4
2015-05-28,13.27,1.5,4.98483207110967,2.14,5.4
2015-05-29,13.31,1.51,5.054334665457181,2.13,5.4
2015-06-01,13.31,1.51,5.054334665457181,2.13,5.4
2015-06-02,13.97,1.55,5.054334665457181,2.19,5.4
2015-06-03,14.24,1.63,5.054334665457181,2.27,5.4
2015-06-04,13.66,1.69,5.002207719696548,2.38,5.4
2015-06-05,14.71,1.65,5.002207719696548,2.31,5.6
2015-06-08,14.71,1.65,5.002207719696548,2.31,5.6
2015-06-09,15.29,1.69,4.967456422522792,2.39,5.6
2015-06-10,14.47,1.7,5.019583368283425,2.42,5.6
2015-06-11,13.22,1.75,4.967456422522792,2.5,5.6
2015-06-12,12.85,1.66,4.98483207110967,2.39,5.6
2015-06-15,12.85,1.66,4.98483207110967,2.39,5.6
2015-06-16,15.39,1.64,5.019583368283425,2.36,5.6
2015-06-17,14.81,1.61,5.036959016870304,2.32,5.6
2015-06-18,14.5,1.65,5.071710314044058,2.32,5.6
2015-06-19,13.19,1.69,5.175964205565324,2.35,5.6
2015-06-22,13.19,1.69,5.175964205565324,2.35,5.6
2015-06-23,12.74,1.69,5.158588556978447,2.37,5.6
2015-06-24,12.11,1.72,5.175964205565324,2.42,5.6
2015-06-25,13.26,1.7,5.158588556978447,2.38,5.6
2015-06-26,14.01,1.72,5.141212908391569,2.4,5.6
2015-06-29,14.01,1.72,5.141212908391569,2.4,5.6
2015-06-30,18.85,1.69,5.21071550273908,2.33,5.6
2015-07-01,18.23,1.71,5.193339854152203,2.35,5.6
2015-07-02,16.09,1.74,5.193339854152203,2.43,5.6
2015-07-06,16.79,1.76,5.245466799912836,2.4,5.3
2015-07-07,17.01,1.7,5.21071550273908,2.3,5.3
2015-07-08,16.09,1.69,5.21071550273908,2.27,5.3
2015-07-09,19.66,1.67,5.262842448499714,2.22,5.3
2015-07-10,19.97,1.72,5.280218097086592,2.32,5.3
2015-07-13,19.97,1.72,5.280218097086592,2.32,5.3
2015-07-14,13.9,1.75,5.280218097086592,2.44,5.3
2015-07-15,13.37,1.75,5.332345042847225,2.41,5.3
2015-07-16,13.23,1.72,5.332345042847225,2.36,5.3
2015-07-17,12.11,1.69,5.280218097086592,2.36,5.3
2015-07-20,12.11,1.69,5.280218097086592,2.36,5.3
2015-07-21,12.25,1.67,5.245466799912836,2.38,5.3
2015-07-22,12.22,1.64,5.262842448499714,2.35,5.3
2015-07-23,12.12,1.58,5.228091151325958,2.33,5.3
2015-07-24,12.64,1.57,5.228091151325958,2.28,5.3
2015-07-27,12.64,1.57,5.228091151325958,2.28,5.3
2015-07-28,15.6,1.55,5.314969394260347,2.23,5.3
2015-07-29,13.44,1.57,5.332345042847225,2.26,5.3
2015-07-30,12.5,1.59,5.314969394260347,2.29,5.3
2015-07-31,12.13,1.56,5.280218097086592,2.28,5.3
2015-08-03,12.13,1.56,5.280218097086592,2.28,5.3
2015-08-04,12.56,1.48,5.3497206914341024,2.16,5.3
2015-08-05,13.0,1.49,5.280218097086592,2.23,5.2
2015-08-06,12.51,1.55,5.314969394260347,2.28,5.2
2015-08-07,13.77,1.52,5.3497206914341024,2.23,5.2
2015-08-10,13.77,1.52,5.3497206914341024,2.23,5.2
2015-08-11,12.23,1.51,5.36709634002098,2.24,5.2
2015-08-12,13.71,1.47,5.384471988607858,2.15,5.2
2015-08-13,13.61,1.47,5.436598934368492,2.14,5.2
2015-08-14,13.49,1.47,5.453974582955369,2.19,5.2
2015-08-17,13.49,1.47,5.453974582955369,2.19,5.2
2015-08-18,13.02,1.44,5.436598934368492,2.16,5.2
2015-08-19,13.79,1.46,5.506101528716002,2.2,5.2
2015-08-20,15.25,1.45,5.592979771650391,2.12,5.2
2015-08-21,19.14,1.4,5.5582284744766355,2.09,5.2
2015-08-24,19.14,1.4,5.5582284744766355,2.09,5.2
2015-08-25,40.74,1.42,5.731984960345414,2.01,5.2
2015-08-26,36.02,1.45,5.784111906106046,2.12,5.2
2015-08-27,30.32,1.51,5.83623885186668,2.18,5.2
2015-08-28,26.1,1.5,5.749360608932291,2.18,5.2
2015-08-31,26.1,1.5,5.749360608932291,2.18,5.2
2015-09-01,28.43,1.47,5.749360608932291,2.21,5.2
2015-09-02,31.4,1.47,5.801487554692924,2.17,5.2
2015-09-03,26.09,1.48,5.784111906106046,2.2,5.2
2015-09-04,25.61,1.47,5.784111906106046,2.18,5.2
2015-09-08,27.8,1.42,5.749360608932291,2.13,5.1
2015-09-09,24.9,1.46,5.7667362575191685,2.2,5.1
2015-09-10,26.23,1.46,5.662482365997902,2.21,5.1
2015-09-11,24.37,1.48,5.697233663171658,2.23,5.1
2015-09-14,24.37,1.48,5.697233663171658,2.23,5.1
2015-09-15,24.25,1.45,5.714609311758535,2.18,5.1
2015-09-16,22.54,1.46,5.7667362575191685,2.28,5.1
2015-09-17,21.35,1.48,5.749360608932291,2.3,5.1
2015-09-18,21.14,1.51,5.801487554692924,2.21,5.1
2015-09-21,21.14,1.51,5.801487554692924,2.21,5.1
2015-09-22,20.14,1.48,5.818863203279801,2.2,5.1
2015-09-23,22.44,1.45,5.749360608932291,2.14,5.1
2015-09-24,22.13,1.46,5.749360608932291,2.16,5.1
2015-09-25,23.47,1.46,5.7667362575191685,2.13,5.1
2015-09-28,23.47,1.46,5.7667362575191685,2.13,5.1
2015-09-29,27.63,1.43,5.853614500453557,2.1,5.1
2015-09-30,26.83,1.41,5.940492743387946,2.05,5.1
2015-10-01,24.5,1.42,5.9926196891485795,2.06,5.1
2015-10-02,22.55,1.41,6.027370986322335,2.05,5.1
2015-10-05,22.55,1.41,6.027370986322335,2.05,5.1
2015-10-06,19.54,1.46,6.06212228349609,2.07,5.0
2015-10-07,19.4,1.44,6.044746634909212,2.05,5.0
2015-10-08,18.4,1.43,5.957868391974824,2.08,5.0
2015-10-09,17.42,1.47,5.9752440405617016,2.12,5.0
2015-10-12,17.42,1.47,5.9752440405617016,2.12,5.0
2015-10-13,16.17,1.47,5.940492743387946,2.12,5.0
2015-10-14,17.67,1.42,5.9752440405617016,2.06,5.0
2015-10-15,18.03,1.42,6.027370986322335,1.99,5.0
2015-10-16,16.05,1.43,5.9926196891485795,2.04,5.0
2015-10-19,16.05,1.43,5.9926196891485795,2.04,5.0
2015-10-20,14.98,1.43,6.0099953377354565,2.04,5.0
2015-10-21,15.75,1.42,5.9926196891485795,2.08,5.0
2015-10-22,16.7,1.4,5.9752440405617016,2.04,5.0
2015-10-23,14.45,1.43,5.940492743387946,2.04,5.0
2015-10-26,14.45,1.43,5.940492743387946,2.04,5.0
2015-10-27,15.29,1.41,5.870990149040435,2.07,5.0
2015-10-28,15.43,1.4,5.923117094801069,2.05,5.0
2015-10-29,14.33,1.37,5.83623885186668,2.1,5.0
2015-10-30,14.61,1.44,5.853614500453557,2.19,5.0
2015-11-02,14.61,1.44,5.853614500453557,2.19,5.0
2015-11-03,14.15,1.43,5.801487554692924,2.2,5.0
2015-11-04,14.54,1.43,5.818863203279801,2.23,5.0
2015-11-05,15.51,1.41,5.7667362575191685,2.25,5.0
2015-11-06,15.05,1.41,5.801487554692924,2.26,5.0
2015-11-09,15.05,1.41,5.801487554692924,2.26,5.0
2015-11-10,16.52,1.47,5.749360608932291,2.36,5.0
2015-11-11,15.29,1.45,5.801487554692924,2.32,5.0
2015-11-12,16.06,1.45,5.801487554692924,2.32,5.0
2015-11-13,18.37,1.43,5.818863203279801,2.32,5.0
2015-11-16,18.37,1.43,5.818863203279801,2.32,5.0
2015-11-17,18.16,1.39,5.905741446214191,2.27,5.0
2015-11-18,18.84,1.39,5.888365797627313,2.25,5.0
2015-11-19,16.85,1.37,5.853614500453557,2.27,5.0
2015-11-20,16.99,1.33,5.83623885186668,2.24,5.0
2015-11-23,16.99,1.33,5.83623885186668,2.24,5.0
2015-11-24,15.62,1.31,5.818863203279801,2.25,5.0
2015-11-25,15.93,1.31,5.83623885186668,2.24,5.0
2015-11-27,15.19,1.3,5.853614500453557,2.23,5.0
2015-11-30,15.19,1.3,5.853614500453557,2.23,5.0
2015-12-01,16.13,1.27,5.83623885186668,2.21,5.0
2015-12-02,14.67,1.24,5.853614500453557,2.15,5.0
2015-12-03,15.91,1.24,5.784111906106046,2.18,5.0
2015-12-04,18.11,1.37,5.801487554692924,2.33,5.0
2015-12-07,18.11,1.37,5.801487554692924,2.33,5.0
2015-12-08,15.84,1.29,5.749360608932291,2.23,5.1
2015-12-09,17.6,1.3,5.818863203279801,2.24,5.1
2015-12-10,19.61,1.29,5.801487554692924,2.22,5.1
2015-12-11,19.34,1.29,5.818863203279801,2.24,5.1
2015-12-14,19.34,1.29,5.818863203279801,2.24,5.1
2015-12-15,22.73,1.26,5.888365797627313,2.23,5.1
2015-12-16,20.95,1.3,5.853614500453557,2.28,5.1
2015-12-17,17.86,1.28,5.853614500453557,2.3,5.1
2015-12-18,18.94,1.24,5.853614500453557,2.24,5.1
2015-12-21,18.94,1.24,5.853614500453557,2.24,5.1
2015-12-22,18.7,1.24,5.957868391974824,2.2,5.1
2015-12-23,16.6,1.25,5.940492743387946,2.24,5.1
2015-12-24,15.57,1.26,5.940492743387946,2.27,5.1
2015-12-28,15.57,1.26,5.940492743387946,2.27,5.1
2015-12-29,16.91,1.19,5.853614500453557,2.24,5.1
2015-12-30,16.08,1.23,5.870990149040435,2.32,5.1
2015-12-31,17.29,1.23,5.888365797627313,2.31,5.1
2016-01-04,17.29,1.23,5.888365797627313,2.31,5.1
2016-01-05,20.7,1.22,5.905741446214191,2.24,5.0
2016-01-06,19.34,1.21,5.923117094801069,2.25,5.0
2016-01-07,20.59,1.19,5.940492743387946,2.18,5.0
2016-01-08,24.99,1.2,5.9752440405617016,2.16,5.0
2016-01-11,24.99,1.2,5.9752440405617016,2.16,5.0
2016-01-12,24.3,1.23,6.0099953377354565,2.17,5.0
2016-01-13,22.47,1.19,5.9926196891485795,2.12,5.0
2016-01-14,25.22,1.17,5.9752440405617016,2.08,5.0
2016-01-15,23.95,1.2,6.114249229256723,2.1,5.0
2016-01-19,27.02,1.18,6.149000526430479,2.03,5.0
2016-01-20,26.05,1.18,6.096873580669846,2.06,5.0
2016-01-21,27.59,1.16,6.183751823604235,2.01,5.0
2016-01-22,26.69,1.18,6.270630066538624,2.02,5.0
2016-01-25,26.69,1.18,6.270630066538624,2.02,5.0
2016-01-26,24.15,1.15,6.253254417951745,2.03,5.0
2016-01-27,22.5,1.16,6.288005715125501,2.01,5.0
2016-01-28,23.11,1.18,6.288005715125501,2.02,5.0
2016-01-29,22.42,1.17,6.322757012299257,2.0,5.0
2016-02-01,22.42,1.17,6.322757012299257,2.0,5.0
2016-02-02,19.98,1.16,6.340132660886135,1.97,5.0
2016-02-03,21.98,1.12,6.340132660886135,1.87,5.0
2016-02-04,21.65,1.16,6.392259606646768,1.88,5.0
2016-02-05,21.84,1.17,6.409635255233645,1.87,4.8
2016-02-08,21.84,1.17,6.409635255233645,1.87,4.8
2016-02-09,26.0,1.09,6.409635255233645,1.75,4.8
2016-02-10,26.54,1.05,6.427010903820523,1.74,4.8
2016-02-11,26.29,1.0,6.461762200994278,1.71,4.8
2016-02-12,28.14,0.99,6.583391741102423,1.63,4.8
2016-02-16,25.4,1.03,6.53126479534179,1.74,4.8
2016-02-17,24.11,1.04,6.513889146754912,1.78,4.8
2016-02-18,22.31,1.07,6.566016092515546,1.81,4.8
2016-02-19,21.64,1.04,6.566016092515546,1.75,4.8
2016-02-22,21.64,1.04,6.566016092515546,1.75,4.8
2016-02-23,19.38,0.99,6.479137849581156,1.77,4.8
2016-02-24,20.98,0.98,6.496513498168034,1.74,4.8
2016-02-25,20.72,1.0,6.461762200994278,1.75,4.8
2016-02-26,19.11,0.99,6.461762200994278,1.71,4.8
2016-02-29,19.11,0.99,6.461762200994278,1.71,4.8
2016-03-01,20.55,0.96,6.4443865524074,1.74,4.8
2016-03-02,17.7,0.98,6.427010903820523,1.83,4.8
2016-03-03,17.09,0.99,6.357508309473012,1.84,4.8
2016-03-04,16.7,0.98,6.305381363712379,1.83,4.8
2016-03-07,16.86,1.0,6.235878769364868,1.88,4.9
2016-03-08,17.35,1.0,6.166376175017357,1.91,4.9
2016-03-09,18.67,0.95,6.149000526430479,1.83,4.9
2016-03-10,18.34,1.0,6.114249229256723,1.9,4.9
2016-03-11,18.05,1.0,6.0099953377354565,1.93,4.9
2016-03-14,18.05,1.0,6.0099953377354565,1.93,4.9
2016-03-15,16.92,1.0,5.870990149040435,1.97,4.9
2016-03-16,16.84,0.99,5.818863203279801,1.97,4.9
2016-03-17,14.99,1.07,5.870990149040435,1.94,4.9
2016-03-18,14.44,1.04,5.83623885186668,1.91,4.9
2016-03-21,14.44,1.04,5.83623885186668,1.91,4.9
2016-03-22,13.79,1.05,5.749360608932291,1.92,4.9
2016-03-23,14.17,1.03,5.662482365997902,1.94,4.9
2016-03-24,14.94,1.01,5.610355420237268,1.88,4.9
2016-03-28,14.94,1.01,5.610355420237268,1.88,4.9
2016-03-29,15.24,1.0,5.575604123063513,1.89,4.9
2016-03-30,13.82,1.03,5.645106717411024,1.81,4.9
2016-03-31,13.56,1.07,5.67985801458478,1.83,4.9
2016-04-01,13.95,1.05,5.697233663171658,1.78,4.9
2016-04-04,13.95,1.05,5.697233663171658,1.78,4.9
2016-04-05,14.12,1.03,5.662482365997902,1.78,5.0
2016-04-06,15.42,1.01,5.627731068824147,1.73,5.0
2016-04-07,14.09,1.03,5.627731068824147,1.76,5.0
2016-04-08,16.16,1.0,5.592979771650391,1.7,5.0
2016-04-11,16.16,1.0,5.592979771650391,1.7,5.0
2016-04-12,16.26,1.03,5.575604123063513,1.73,5.0
2016-04-13,14.85,1.05,5.540852825889758,1.79,5.0
2016-04-14,13.84,1.02,5.506101528716002,1.77,5.0
2016-04-15,13.72,1.03,5.471350231542247,1.8,5.0
2016-04-18,13.72,1.03,5.471350231542247,1.8,5.0
2016-04-19,13.35,1.03,5.471350231542247,1.78,5.0
2016-04-20,13.24,1.02,5.419223285781613,1.79,5.0
2016-04-21,13.28,1.05,5.36709634002098,1.85,5.0
2016-04-22,13.95,1.06,5.332345042847225,1.88,5.0
2016-04-25,13.95,1.06,5.332345042847225,1.88,5.0
2016-04-26,14.08,1.06,5.280218097086592,1.91,5.0
2016-04-27,13.96,1.08,5.228091151325958,1.94,5.0
2016-04-28,13.77,1.04,5.245466799912836,1.87,5.0
2016-04-29,15.22,1.06,5.29759374567347,1.84,5.0
2016-05-02,15.22,1.06,5.29759374567347,1.84,5.0
2016-05-03,14.68,1.08,5.245466799912836,1.88,5.0
2016-05-04,15.6,1.06,5.228091151325958,1.81,5.0
2016-05-05,16.05,1.04,5.228091151325958,1.79,5.0
2016-05-06,15.91,1.04,5.245466799912836,1.76,5.1
2016-05-09,15.91,1.04,5.245466799912836,1.76,5.1
2016-05-10,14.57,1.05,5.29759374567347,1.77,5.1
2016-05-11,13.63,1.05,5.29759374567347,1.77,5.1
2016-05-12,14.69,0.99,5.314969394260347,1.73,5.1
2016-05-13,14.41,0.99,5.332345042847225,1.75,5.1
2016-05-16,14.41,0.99,5.332345042847225,1.75,5.1
2016-05-17,14.68,0.96,5.314969394260347,1.75,5.1
2016-05-18,15.57,0.94,5.29759374567347,1.76,5.1
2016-05-19,15.95,0.97,5.262842448499714,1.87,5.1
2016-05-20,16.33,0.96,5.228091151325958,1.85,5.1
2016-05-23,16.33,0.96,5.228091151325958,1.85,5.1
2016-05-24,15.82,0.93,5.245466799912836,1.84,5.1
2016-05-25,14.42,0.94,5.228091151325958,1.86,5.1
2016-05-26,13.9,0.95,5.262842448499714,1.87,5.1
2016-05-27,13.43,0.96,5.245466799912836,1.83,5.1
2016-05-31,13.12,0.95,5.228091151325958,1.85,5.1
2016-06-01,14.19,0.97,5.21071550273908,1.84,5.1
2016-06-02,14.2,0.94,5.175964205565324,1.85,5.1
2016-06-03,13.63,0.92,5.193339854152203,1.81,5.1
2016-06-06,13.63,0.92,5.193339854152203,1.81,5.1
2016-06-07,13.65,0.93,5.245466799912836,1.73,4.8
2016-06-08,14.05,0.94,5.245466799912836,1.72,4.8
2016-06-09,14.08,0.93,5.228091151325958,1.71,4.8
2016-06-10,14.64,0.91,5.228091151325958,1.68,4.8
2016-06-13,14.64,0.91,5.228091151325958,1.68,4.8
2016-06-14,20.97,0.89,5.245466799912836,1.62,4.8
2016-06-15,20.5,0.88,5.280218097086592,1.62,4.8
2016-06-16,20.14,0.91,5.314969394260347,1.6,4.8
2016-06-17,19.37,0.87,5.314969394260347,1.57,4.8
2016-06-20,19.37,0.87,5.314969394260347,1.57,4.8
2016-06-21,18.37,0.93,5.262842448499714,1.67,4.8
2016-06-22,18.48,0.95,5.245466799912836,1.71,4.8
2016-06-23,21.17,0.94,5.245466799912836,1.69,4.8
2016-06-24,17.25,0.96,5.245466799912836,1.74,4.8
2016-06-27,17.25,0.96,5.245466799912836,1.74,4.8
2016-06-28,23.85,0.85,5.419223285781613,1.46,4.8
2016-06-29,18.75,0.85,5.401847637194736,1.46,4.8
2016-06-30,16.64,0.88,5.314969394260347,1.5,4.8
2016-07-01,15.63,0.91,5.3497206914341024,1.49,4.8
2016-07-05,14.77,0.87,5.245466799912836,1.46,4.8
2016-07-06,15.58,0.81,5.193339854152203,1.37,4.9
2016-07-07,14.96,0.8,5.193339854152203,1.38,4.9
2016-07-08,14.76,0.82,5.1238372598046915,1.4,4.9
2016-07-11,14.76,0.82,5.1238372598046915,1.4,4.9
2016-07-12,13.54,0.77,5.054334665457181,1.43,4.9
2016-07-13,13.55,0.84,4.967456422522792,1.53,4.9
2016-07-14,13.04,0.8,4.950080773935914,1.48,4.9
2016-07-15,12.82,0.85,4.967456422522792,1.53,4.9
2016-07-18,12.82,0.85,4.967456422522792,1.53,4.9
2016-07-19,12.44,0.91,4.9153294767621585,1.59,4.9
2016-07-20,11.97,0.86,4.9153294767621585,1.56,4.9
2016-07-21,11.77,0.86,4.8979538281752815,1.59,4.9
2016-07-22,12.74,0.87,4.932705125349036,1.57,4.9
2016-07-25,12.74,0.87,4.932705125349036,1.57,4.9
2016-07-26,12.87,0.86,4.880578179588403,1.58,4.9
2016-07-27,13.05,0.82,4.880578179588403,1.57,4.9
2016-07-28,12.83,0.79,4.9153294767621585,1.52,4.9
2016-07-29,12.72,0.8,4.932705125349036,1.52,4.9
2016-08-01,12.72,0.8,4.932705125349036,1.52,4.9
2016-08-02,12.44,0.84,5.019583368283425,1.51,4.9
2016-08-03,13.37,0.88,5.054334665457181,1.55,4.9
2016-08-04,12.86,0.88,5.071710314044058,1.55,4.9
2016-08-05,12.42,0.87,5.071710314044058,1.51,4.8
2016-08-08,12.42,0.87,5.071710314044058,1.51,4.8
2016-08-09,11.5,0.85,4.98483207110967,1.59,4.8
2016-08-10,11.66,0.84,4.967456422522792,1.55,4.8
2016-08-11,12.05,0.81,4.98483207110967,1.5,4.8
2016-08-12,11.68,0.81,4.967456422522792,1.57,4.8
2016-08-15,11.68,0.81,4.967456422522792,1.57,4.8
2016-08-16,11.81,0.83,4.967456422522792,1.55,4.8
2016-08-17,12.64,0.81,4.967456422522792,1.57,4.8
2016-08-18,12.19,0.82,4.950080773935914,1.56,4.8
2016-08-19,11.43,0.82,4.967456422522792,1.53,4.8
2016-08-22,11.43,0.82,4.967456422522792,1.53,4.8
2016-08-23,12.27,0.79,4.880578179588403,1.55,4.8
2016-08-24,12.38,0.81,4.863202531001526,1.55,4.8
2016-08-25,13.45,0.8,4.863202531001526,1.56,4.8
2016-08-26,13.63,0.8,4.845826882414648,1.58,4.8
2016-08-29,13.63,0.8,4.845826882414648,1.58,4.8
2016-08-30,12.94,0.76,4.776324288067136,1.57,4.8
2016-08-31,13.12,0.77,4.82845123382777,1.57,4.8
2016-09-01,13.42,0.78,4.811075585240892,1.58,4.8
2016-09-02,13.48,0.79,4.82845123382777,1.57,4.8
2016-09-06,11.98,0.8,4.845826882414648,1.6,4.9
2016-09-07,12.02,0.81,4.863202531001526,1.55,4.9
2016-09-08,11.94,0.8,4.880578179588403,1.54,4.9
2016-09-09,12.51,0.83,4.9153294767621585,1.61,4.9
2016-09-12,12.51,0.83,4.9153294767621585,1.61,4.9
2016-09-13,15.16,0.89,4.932705125349036,1.68,4.9
2016-09-14,17.85,0.93,4.967456422522792,1.73,4.9
2016-09-15,18.14,0.93,4.967456422522792,1.7,4.9
2016-09-16,16.3,0.97,5.002207719696548,1.71,4.9
2016-09-19,16.3,0.97,5.002207719696548,1.71,4.9
2016-09-20,15.53,0.91,4.967456422522792,1.7,4.9
2016-09-21,15.92,0.9,4.967456422522792,1.69,4.9
2016-09-22,13.3,0.87,4.967456422522792,1.66,4.9
2016-09-23,12.02,0.84,4.950080773935914,1.63,4.9
2016-09-26,12.02,0.84,4.950080773935914,1.63,4.9
2016-09-27,14.5,0.83,4.967456422522792,1.59,4.9
2016-09-28,13.1,0.81,4.950080773935914,1.56,4.9
2016-09-29,12.39,0.82,4.950080773935914,1.57,4.9
2016-09-30,14.02,0.83,4.9153294767621585,1.56,4.9
2016-10-03,14.02,0.83,4.9153294767621585,1.56,4.9
2016-10-04,13.57,0.83,4.8979538281752815,1.63,4.9
2016-10-05,13.63,0.87,4.8979538281752815,1.69,4.9
2016-10-06,12.99,0.87,4.863202531001526,1.72,5.0
2016-10-07,12.84,0.89,4.811075585240892,1.75,5.0
2016-10-10,12.84,0.89,4.811075585240892,1.75,5.0
2016-10-11,13.38,0.9,4.845826882414648,1.73,5.0
2016-10-12,15.36,0.9,4.793699936654015,1.77,5.0
2016-10-13,15.91,0.92,4.793699936654015,1.79,5.0
2016-10-14,16.69,0.9,4.776324288067136,1.75,5.0
2016-10-17,16.69,0.9,4.776324288067136,1.75,5.0
2016-10-18,16.21,0.96,4.82845123382777,1.77,5.0
2016-10-19,15.28,0.93,4.82845123382777,1.75,5.0
2016-10-20,14.41,0.95,4.82845123382777,1.76,5.0
2016-10-21,13.75,0.92,4.776324288067136,1.76,5.0
2016-10-24,13.75,0.92,4.776324288067136,1.76,5.0
2016-10-25,13.02,0.93,4.776324288067136,1.77,5.0
2016-10-26,13.46,0.91,4.758948639480259,1.77,5.0
2016-10-27,14.24,0.93,4.793699936654015,1.79,5.0
2016-10-28,15.36,0.98,4.776324288067136,1.85,5.0
2016-10-31,15.36,0.98,4.776324288067136,1.85,5.0
2016-11-01,17.06,0.98,4.811075585240892,1.84,5.0
2016-11-02,18.56,1.0,4.811075585240892,1.83,5.0
2016-11-03,19.32,1.0,4.845826882414648,1.81,5.0
2016-11-04,22.08,1.01,4.9153294767621585,1.82,5.0
2016-11-07,22.08,1.01,4.9153294767621585,1.82,5.0
2016-11-08,18.71,1.01,4.8979538281752815,1.83,4.9
2016-11-09,18.74,1.01,4.82845123382777,1.88,4.9
2016-11-10,14.38,1.17,4.8979538281752815,2.07,4.9
2016-11-11,14.74,1.23,4.793699936654015,2.15,4.9
2016-11-14,14.74,1.23,4.793699936654015,2.15,4.9
2016-11-15,14.48,1.23,4.793699936654015,2.23,4.9
2016-11-16,13.37,1.21,4.776324288067136,2.23,4.9
2016-11-17,13.72,1.22,4.706821693719625,2.22,4.9
2016-11-18,13.35,1.25,4.689446045132748,2.29,4.9
2016-11-21,13.35,1.25,4.689446045132748,2.29,4.9
2016-11-22,12.42,1.25,4.654694747958993,2.33,4.9
2016-11-23,12.41,1.24,4.67207039654587,2.31,4.9
2016-11-25,12.43,1.24,4.60256780219836,2.36,4.9
2016-11-28,12.43,1.24,4.60256780219836,2.36,4.9
2016-11-29,13.15,1.21,4.567816505024604,2.32,4.9
2016-11-30,12.9,1.21,4.550440856437726,2.3,4.9
2016-12-01,13.33,1.26,4.533065207850848,2.37,4.9
2016-12-02,14.07,1.31,4.4809382620902145,2.45,4.9
2016-12-05,14.07,1.31,4.4809382620902145,2.45,4.9
2016-12-06,12.14,1.26,4.4809382620902145,2.39,4.7
2016-12-07,11.79,1.27,4.51568955926397,2.39,4.7
2016-12-08,12.22,1.24,4.51568955926397,2.34,4.7
2016-12-09,12.64,1.28,4.498313910677093,2.4,4.7
2016-12-12,12.64,1.28,4.498313910677093,2.4,4.7
2016-12-13,12.64,1.34,4.4635626135033375,2.49,4.7
2016-12-14,12.72,1.31,4.428811316329582,2.48,4.7
2016-12-15,13.19,1.27,4.307181776221437,2.54,4.7
2016-12-16,12.79,1.31,4.168176587526416,2.6,4.7
2016-12-19,12.79,1.31,4.168176587526416,2.6,4.7
2016-12-20,11.71,1.3,4.237679181873927,2.54,4.7
2016-12-21,11.45,1.32,4.237679181873927,2.57,4.7
2016-12-22,11.27,1.34,4.202927884700171,2.55,4.7
2016-12-23,11.43,1.33,4.220303533287049,2.55,4.7
2016-12-27,11.44,1.33,4.185552236113294,2.55,4.7
2016-12-28,11.99,1.29,4.185552236113294,2.57,4.7
2016-12-29,12.95,1.25,4.202927884700171,2.51,4.7
2016-12-30,13.37,1.27,4.220303533287049,2.49,4.7
2017-01-03,14.04,1.25,4.237679181873927,2.45,4.7
2017-01-04,12.85,1.23,4.220303533287049,2.45,4.7
2017-01-05,11.85,1.22,4.185552236113294,2.46,4.7
2017-01-06,11.67,1.2,4.185552236113294,2.37,4.7
2017-01-09,11.67,1.2,4.185552236113294,2.37,4.7
2017-01-10,11.56,1.17,4.168176587526416,2.38,4.7
2017-01-11,11.49,1.19,4.168176587526416,2.38,4.7
2017-01-12,11.26,1.18,4.13342529035266,2.38,4.7
2017-01-13,11.54,1.18,4.185552236113294,2.36,4.7
2017-01-17,11.23,1.19,4.150800938939538,2.4,4.7
2017-01-18,11.87,1.16,4.202927884700171,2.33,4.7
2017-01-19,12.48,1.19,4.13342529035266,2.42,4.7
2017-01-20,12.78,1.22,4.116049641765782,2.47,4.7
2017-01-23,12.78,1.22,4.116049641765782,2.47,4.7
2017-01-24,11.77,1.25,4.116049641765782,2.41,4.7
2017-01-25,11.07,1.26,4.13342529035266,2.47,4.7
2017-01-26,10.81,1.3,4.116049641765782,2.53,4.7
2017-01-27,10.63,1.3,4.098673993178905,2.51,4.7
2017-01-30,10.63,1.3,4.098673993178905,2.51,4.7
2017-01-31,11.88,1.27,4.116049641765782,2.49,4.7
2017-02-01,11.99,1.26,4.150800938939538,2.45,4.7
2017-02-02,11.81,1.26,4.150800938939538,2.48,4.7
2017-02-03,11.93,1.27,4.150800938939538,2.48,4.7
2017-02-06,11.93,1.27,4.150800938939538,2.48,4.7
2017-02-07,11.37,1.26,4.185552236113294,2.42,4.7
2017-02-08,11.29,1.24,4.168176587526416,2.4,4.7
2017-02-09,11.45,1.19,4.185552236113294,2.34,4.7
2017-02-10,10.88,1.2,4.168176587526416,2.4,4.7
2017-02-13,10.88,1.2,4.168176587526416,2.4,4.7
2017-02-14,11.07,1.23,4.150800938939538,2.43,4.7
2017-02-15,10.74,1.22,4.116049641765782,2.47,4.7
2017-02-16,11.97,1.24,4.081298344592026,2.51,4.7
2017-02-17,11.76,1.23,4.098673993178905,2.45,4.7
2017-02-21,11.49,1.21,4.116049641765782,2.42,4.7
2017-02-22,11.57,1.21,4.098673993178905,2.43,4.7
2017-02-23,11.74,1.2,4.116049641765782,2.42,4.7
2017-02-24,11.71,1.2,4.150800938939538,2.38,4.7
2017-02-27,11.71,1.2,4.150800938939538,2.38,4.7
2017-02-28,12.09,1.16,4.116049641765782,2.36,4.7
2017-03-01,12.92,1.14,4.081298344592026,2.36,4.7
2017-03-02,12.54,1.17,4.063922696005149,2.46,4.7
2017-03-03,11.81,1.17,4.0291713988313935,2.49,4.7
2017-03-06,11.81,1.17,4.0291713988313935,2.49,4.7
2017-03-07,11.24,1.18,4.046547047418271,2.49,4.7
2017-03-08,11.45,1.2,4.011795750244516,2.52,4.6
2017-03-09,11.86,1.21,4.011795750244516,2.57,4.6
2017-03-10,12.3,1.23,4.046547047418271,2.6,4.6
2017-03-13,12.3,1.23,4.046547047418271,2.6,4.6
2017-03-14,11.35,1.22,4.046547047418271,2.62,4.6
2017-03-15,12.3,1.2,4.063922696005149,2.6,4.6
2017-03-16,11.63,1.18,4.098673993178905,2.51,4.6
2017-03-17,11.21,1.18,4.116049641765782,2.53,4.6
2017-03-20,11.21,1.18,4.116049641765782,2.53,4.6
2017-03-21,11.34,1.17,4.150800938939538,2.47,4.6
2017-03-22,12.47,1.16,4.150800938939538,2.43,4.6
2017-03-23,12.81,1.13,4.150800938939538,2.4,4.6
2017-03-24,13.12,1.15,4.168176587526416,2.41,4.6
2017-03-27,13.12,1.15,4.168176587526416,2.41,4.6
2017-03-28,12.5,1.11,4.150800938939538,2.38,4.6
2017-03-29,11.53,1.12,4.13342529035266,2.42,4.6
2017-03-30,11.42,1.13,4.150800938939538,2.39,4.6
2017-03-31,11.54,1.14,4.150800938939538,2.42,4.6
2017-04-03,11.54,1.14,4.150800938939538,2.42,4.6
2017-04-04,12.38,1.11,4.202927884700171,2.35,4.6
2017-04-05,11.79,1.11,4.202927884700171,2.36,4.4
2017-04-06,12.89,1.1,4.2550548304608045,2.34,4.4
2017-04-07,12.39,1.1,4.220303533287049,2.34,4.4
2017-04-10,12.39,1.1,4.220303533287049,2.34,4.4
2017-04-11,14.05,1.08,4.168176587526416,2.37,4.4
2017-04-12,15.07,1.08,4.168176587526416,2.32,4.4
2017-04-13,15.77,1.04,4.237679181873927,2.28,4.4
2017-04-17,15.77,1.04,4.237679181873927,2.28,4.4
2017-04-18,14.66,1.05,4.2550548304608045,2.26,4.4
2017-04-19,14.42,1.0,4.2550548304608045,2.18,4.4
2017-04-20,14.93,1.02,4.2550548304608045,2.21,4.4
2017-04-21,14.15,1.03,4.237679181873927,2.24,4.4
2017-04-24,14.15,1.03,4.237679181873927,2.24,4.4
2017-04-25,10.84,1.03,4.237679181873927,2.28,4.4
2017-04-26,10.76,1.06,4.202927884700171,2.35,4.4
2017-04-27,10.85,1.04,4.220303533287049,2.32,4.4
2017-04-28,10.36,1.05,4.237679181873927,2.3,4.4
2017-05-01,10.36,1.05,4.237679181873927,2.3,4.4
2017-05-02,10.11,1.05,4.2550548304608045,2.33,4.4
2017-05-03,10.59,1.02,4.2724304790476815,2.29,4.4
2017-05-04,10.68,1.03,4.150800938939538,2.33,4.4
2017-05-05,10.46,1.04,4.185552236113294,2.36,4.4
2017-05-08,10.46,1.04,4.185552236113294,2.36,4.4
2017-05-09,9.77,1.06,4.150800938939538,2.39,4.4
2017-05-10,9.96,1.05,4.13342529035266,2.42,4.4
2017-05-11,10.21,1.06,4.13342529035266,2.41,4.4
2017-05-12,10.6,1.04,4.168176587526416,2.39,4.4
2017-05-15,10.6,1.04,4.168176587526416,2.39,4.4
2017-05-16,10.42,1.03,4.185552236113294,2.34,4.4
2017-05-17,10.65,1.04,4.168176587526416,2.33,4.4
2017-05-18,15.59,0.96,4.202927884700171,2.22,4.4
2017-05-19,14.66,0.96,4.202927884700171,2.23,4.4
2017-05-22,14.66,0.96,4.202927884700171,2.23,4.4
2017-05-23,10.93,0.96,4.168176587526416,2.25,4.4
2017-05-24,10.72,0.98,4.13342529035266,2.29,4.4
2017-05-25,10.02,0.97,4.185552236113294,2.26,4.4
2017-05-26,9.99,0.95,4.168176587526416,2.25,4.4
2017-05-30,9.81,0.95,4.168176587526416,2.25,4.4
2017-05-31,10.38,0.93,4.185552236113294,2.21,4.4
2017-06-01,10.41,0.93,4.150800938939538,2.21,4.4
2017-06-02,9.89,0.93,4.168176587526416,2.21,4.4
2017-06-05,9.75,0.87,4.168176587526416,2.15,4.4
2017-06-06,10.07,0.86,4.168176587526416,2.18,4.4
2017-06-07,10.45,0.84,4.185552236113294,2.14,4.4
2017-06-08,10.39,0.86,4.150800938939538,2.18,4.4
2017-06-09,10.16,0.86,4.150800938939538,2.19,4.4
2017-06-12,10.16,0.86,4.150800938939538,2.19,4.4
2017-06-13,11.46,0.86,4.13342529035266,2.21,4.4
2017-06-14,10.42,0.83,4.116049641765782,2.21,4.4
2017-06-15,10.64,0.8,4.081298344592026,2.15,4.4
2017-06-16,10.9,0.81,4.063922696005149,2.16,4.4
2017-06-19,10.9,0.81,4.063922696005149,2.16,4.4
2017-06-20,10.37,0.83,4.046547047418271,2.19,4.4
2017-06-21,10.86,0.8,4.0291713988313935,2.16,4.4
2017-06-22,10.75,0.8,4.011795750244516,2.16,4.4
2017-06-23,10.48,0.81,4.0291713988313935,2.15,4.4
2017-06-26,10.48,0.81,4.0291713988313935,2.15,4.4
2017-06-27,9.9,0.78,4.011795750244516,2.14,4.4
2017-06-28,11.06,0.83,3.959668804483883,2.21,4.4
2017-06-29,10.03,0.88,3.9944201016576386,2.22,4.4
2017-06-30,11.44,0.89,3.942293155897005,2.27,4.4
2017-07-03,11.44,0.89,3.942293155897005,2.27,4.4
2017-07-05,11.22,0.94,3.8727905615494937,2.35,4.4
2017-07-06,11.07,0.92,3.890166210136372,2.33,4.3
2017-07-07,12.54,0.97,3.8727905615494937,2.37,4.3
2017-07-10,12.54,0.97,3.8727905615494937,2.37,4.3
2017-07-11,11.11,0.98,3.890166210136372,2.38,4.3
2017-07-12,10.89,1.0,3.890166210136372,2.37,4.3
2017-07-13,10.3,0.98,3.907541858723249,2.33,4.3
2017-07-14,9.9,0.98,3.907541858723249,2.35,4.3
2017-07-17,9.9,0.98,3.907541858723249,2.35,4.3
2017-07-18,9.82,0.95,3.907541858723249,2.31,4.3
2017-07-19,9.89,0.91,3.890166210136372,2.27,4.3
2017-07-20,9.79,0.9,3.8727905615494937,2.27,4.3
2017-07-21,9.58,0.9,3.8380392643757384,2.27,4.3
2017-07-24,9.58,0.9,3.8380392643757384,2.27,4.3
2017-07-25,9.43,0.89,3.8554149129626163,2.26,4.3
2017-07-26,9.43,0.93,3.8380392643757384,2.33,4.3
2017-07-27,9.6,0.93,3.8727905615494937,2.29,4.3
2017-07-28,10.11,0.96,3.8727905615494937,2.32,4.3
2017-07-31,10.11,0.96,3.8727905615494937,2.32,4.3
2017-08-01,10.26,0.96,3.8554149129626163,2.3,4.3
2017-08-02,10.09,0.92,3.8554149129626163,2.26,4.3
2017-08-03,10.28,0.91,3.8380392643757384,2.27,4.3
2017-08-04,10.44,0.9,3.8380392643757384,2.24,4.3
2017-08-07,10.44,0.9,3.8380392643757384,2.24,4.3
2017-08-08,9.93,0.9,3.8554149129626163,2.26,4.3
2017-08-09,10.96,0.93,3.8727905615494937,2.29,4.3
2017-08-10,11.11,0.91,3.907541858723249,2.24,4.3
2017-08-11,16.04,0.87,3.942293155897005,2.2,4.3
2017-08-14,16.04,0.87,3.942293155897005,2.2,4.3
2017-08-15,12.33,0.89,3.942293155897005,2.22,4.3
2017-08-16,12.04,0.92,3.907541858723249,2.27,4.3
2017-08-17,11.74,0.9,3.907541858723249,2.23,4.3
2017-08-18,15.55,0.87,3.942293155897005,2.19,4.3
2017-08-21,15.55,0.87,3.942293155897005,2.19,4.3
2017-08-22,13.19,0.86,3.959668804483883,2.18,4.3
2017-08-23,11.35,0.89,3.9249175073101275,2.22,4.3
2017-08-24,12.25,0.85,3.959668804483883,2.17,4.3
2017-08-25,12.23,0.86,3.959668804483883,2.19,4.3
2017-08-28,12.23,0.86,3.959668804483883,2.19,4.3
2017-08-29,11.32,0.83,3.9770444530707603,2.16,4.3
2017-08-30,11.7,0.8,4.011795750244516,2.13,4.3
2017-08-31,11.22,0.82,3.9944201016576386,2.15,4.3
2017-09-01,10.59,0.79,3.9944201016576386,2.12,4.3
2017-09-05,10.13,0.81,4.011795750244516,2.16,4.4
2017-09-06,12.23,0.77,4.0291713988313935,2.07,4.4
2017-09-07,11.63,0.8,4.046547047418271,2.1,4.4
2017-09-08,11.55,0.78,4.046547047418271,2.05,4.4
2017-09-11,11.55,0.78,4.046547047418271,2.05,4.4
2017-09-12,10.73,0.82,4.011795750244516,2.14,4.4
2017-09-13,10.58,0.84,4.0291713988313935,2.17,4.4
2017-09-14,10.5,0.85,3.9770444530707603,2.2,4.4
2017-09-15,10.44,0.83,3.942293155897005,2.2,4.4
2017-09-18,10.44,0.83,3.942293155897005,2.2,4.4
2017-09-19,10.15,0.83,3.9249175073101275,2.23,4.4
2017-09-20,10.18,0.84,3.907541858723249,2.24,4.4
2017-09-21,9.78,0.83,3.8554149129626163,2.28,4.4
2017-09-22,9.67,0.82,3.8380392643757384,2.27,4.4
2017-09-25,9.67,0.82,3.8380392643757384,2.27,4.4
2017-09-26,10.21,0.78,3.8554149129626163,2.22,4.4
2017-09-27,10.17,0.79,3.820663615788861,2.24,4.4
2017-09-28,9.87,0.84,3.8554149129626163,2.31,4.4
2017-09-29,9.55,0.86,3.8380392643757384,2.31,4.4
2017-10-02,9.55,0.86,3.8380392643757384,2.31,4.4
2017-10-03,9.45,0.85,3.733785372854472,2.34,4.4
2017-10-04,9.51,0.86,3.7511610214413498,2.33,4.4
2017-10-05,9.63,0.86,3.7685366700282272,2.33,4.4
2017-10-06,9.19,0.86,3.7511610214413498,2.35,4.3
2017-10-09,9.19,0.86,3.7511610214413498,2.35,4.3
2017-10-10,10.33,0.83,3.7164097242675944,2.37,4.3
2017-10-11,10.08,0.84,3.6990340756807165,2.35,4.3
2017-10-12,9.85,0.84,3.6990340756807165,2.35,4.3
2017-10-13,9.91,0.82,3.6990340756807165,2.33,4.3
2017-10-16,9.91,0.82,3.6990340756807165,2.33,4.3
2017-10-17,9.91,0.76,3.6990340756807165,2.3,4.3
2017-10-18,10.31,0.76,3.664282778506961,2.3,4.3
2017-10-19,10.07,0.75,3.664282778506961,2.34,4.3
2017-10-20,10.05,0.75,3.6469071299200833,2.33,4.3
2017-10-23,10.05,0.75,3.6469071299200833,2.33,4.3
2017-10-24,11.07,0.8,3.6469071299200833,2.38,4.3
2017-10-25,11.16,0.82,3.6121558327463275,2.42,4.3
2017-10-26,11.23,0.83,3.6295314813332054,2.44,4.3
2017-10-27,11.3,0.83,3.59478018415945,2.46,4.3
2017-10-30,11.3,0.83,3.59478018415945,2.46,4.3
2017-10-31,10.5,0.79,3.6121558327463275,2.37,4.3
2017-11-01,10.18,0.78,3.59478018415945,2.38,4.3
2017-11-02,10.2,0.76,3.6121558327463275,2.37,4.3
2017-11-03,9.93,0.74,3.59478018415945,2.35,4.3
2017-11-06,9.93,0.74,3.59478018415945,2.35,4.3
2017-11-07,9.4,0.71,3.6121558327463275,2.32,4.2
2017-11-08,9.89,0.69,3.577404535572572,2.32,4.2
2017-11-09,9.78,0.67,3.6121558327463275,2.32,4.2
2017-11-10,10.5,0.7,3.6295314813332054,2.33,4.2
2017-11-13,10.5,0.7,3.6295314813332054,2.33,4.2
2017-11-14,11.5,0.7,3.6295314813332054,2.4,4.2
2017-11-15,11.59,0.7,3.6295314813332054,2.38,4.2
2017-11-16,13.13,0.65,3.664282778506961,2.33,4.2
2017-11-17,11.76,0.65,3.6121558327463275,2.37,4.2
2017-11-20,11.76,0.65,3.6121558327463275,2.37,4.2
2017-11-21,10.65,0.6,3.59478018415945,2.37,4.2
2017-11-22,9.73,0.59,3.5426532383988167,2.36,4.2
2017-11-24,9.88,0.58,3.59478018415945,2.32,4.2
2017-11-27,9.88,0.58,3.59478018415945,2.32,4.2
2017-11-28,9.87,0.58,3.6295314813332054,2.32,4.2
2017-11-29,10.03,0.59,3.59478018415945,2.34,4.2
2017-11-30,10.7,0.59,3.6121558327463275,2.37,4.2
2017-12-01,11.28,0.64,3.5426532383988167,2.42,4.2
2017-12-04,11.28,0.64,3.5426532383988167,2.42,4.2
2017-12-05,11.68,0.57,3.5252775898119393,2.37,4.2
2017-12-06,11.33,0.53,3.473150644051306,2.36,4.2
2017-12-07,11.02,0.55,3.5079019412250614,2.33,4.2
2017-12-08,10.16,0.57,3.5426532383988167,2.37,4.2
2017-12-11,10.16,0.57,3.5426532383988167,2.37,4.2
2017-12-12,9.34,0.57,3.4905262926381835,2.39,4.2
2017-12-13,9.92,0.57,3.473150644051306,2.4,4.2
2017-12-14,10.18,0.57,3.455774995464428,2.36,4.2
2017-12-15,10.49,0.53,3.4383993468775502,2.35,4.2
2017-12-18,10.49,0.53,3.4383993468775502,2.35,4.2
2017-12-19,9.53,0.55,3.4210236982906728,2.39,4.2
2017-12-20,10.03,0.59,3.4210236982906728,2.46,4.2
2017-12-21,9.72,0.62,3.4383993468775502,2.49,4.2
2017-12-22,9.62,0.59,3.386272401116917,2.48,4.2
2017-12-26,9.9,0.57,3.386272401116917,2.48,4.2
2017-12-27,10.25,0.55,3.368896752530039,2.47,4.2
2017-12-28,10.47,0.53,3.3341454553562837,2.42,4.2
2017-12-29,10.18,0.52,3.3341454553562837,2.43,4.2
2018-01-02,11.04,0.51,3.3515211039431616,2.4,4.2
2018-01-03,9.77,0.54,3.368896752530039,2.46,4.2
2018-01-04,9.15,0.5,3.3515211039431616,2.44,4.2
2018-01-05,9.22,0.5,3.316769806769406,2.46,4.1
2018-01-08,9.22,0.5,3.316769806769406,2.46,4.1
2018-01-09,9.52,0.53,3.2993941581825283,2.49,4.1
2018-01-10,10.08,0.57,3.2993941581825283,2.55,4.1
2018-01-11,9.82,0.57,3.2820185095956504,2.55,4.1
2018-01-12,9.88,0.56,3.2125159152481393,2.54,4.1
2018-01-16,10.16,0.56,3.1951402666612614,2.55,4.1
2018-01-17,11.66,0.51,3.160388969487506,2.54,4.1
2018-01-18,11.91,0.52,3.160388969487506,2.57,4.1
2018-01-19,12.22,0.57,3.1256376723137507,2.62,4.1
2018-01-22,12.22,0.57,3.1256376723137507,2.62,4.1
2018-01-23,11.03,0.58,3.1256376723137507,2.66,4.1
2018-01-24,11.1,0.57,3.1256376723137507,2.63,4.1
2018-01-25,11.47,0.57,3.143013320900628,2.65,4.1
2018-01-26,11.58,0.55,3.0735107265531174,2.63,4.1
2018-01-29,11.58,0.55,3.0735107265531174,2.63,4.1
2018-01-30,13.84,0.59,3.038759429379362,2.7,4.1
2018-01-31,14.79,0.6,3.038759429379362,2.73,4.1
2018-02-01,13.54,0.58,2.986632483618729,2.72,4.1
2018-02-02,13.47,0.62,2.986632483618729,2.78,4.1
2018-02-05,17.31,0.69,3.021383780792484,2.84,4.0
2018-02-06,37.32,0.69,3.1082620237268728,2.77,4.0
2018-02-07,29.98,0.69,3.0735107265531174,2.79,4.0
2018-02-08,27.73,0.69,3.0908863751399953,2.84,4.0
2018-02-09,33.46,0.72,3.1082620237268728,2.85,4.0
2018-02-12,33.46,0.72,3.1082620237268728,2.85,4.0
2018-02-13,25.61,0.77,3.1256376723137507,2.86,4.0
2018-02-14,24.97,0.73,3.2125159152481393,2.83,4.0
2018-02-15,19.26,0.74,3.160388969487506,2.91,4.0
2018-02-16,19.13,0.71,3.1082620237268728,2.9,4.0
2018-02-20,19.46,0.66,3.160388969487506,2.87,4.0
2018-02-21,20.6,0.63,3.177764618074384,2.88,4.0
2018-02-22,20.02,0.68,3.177764618074384,2.94,4.0
2018-02-23,18.72,0.67,3.1951402666612614,2.92,4.0
2018-02-26,18.72,0.67,3.1951402666612614,2.92,4.0
2018-02-27,15.8,0.64,3.229891563835017,2.86,4.0
2018-02-28,18.59,0.63,3.2125159152481393,2.9,4.0
2018-03-01,19.85,0.62,3.1951402666612614,2.87,4.0
2018-03-02,22.47,0.59,3.2646428610087725,2.81,4.0
2018-03-05,22.47,0.59,3.2646428610087725,2.81,4.0
2018-03-06,18.73,0.64,3.2646428610087725,2.88,4.0
2018-03-07,18.36,0.63,3.316769806769406,2.88,4.0
2018-03-08,17.76,0.64,3.3515211039431616,2.89,4.1
2018-03-09,16.54,0.61,3.368896752530039,2.86,4.1
2018-03-12,16.54,0.61,3.368896752530039,2.86,4.1
2018-03-13,15.78,0.6,3.386272401116917,2.87,4.1
2018-03-14,16.35,0.58,3.403648049703795,2.84,4.1
2018-03-15,17.23,0.55,3.403648049703795,2.81,4.1
2018-03-16,16.59,0.53,3.4210236982906728,2.82,4.1
2018-03-19,16.59,0.53,3.4210236982906728,2.82,4.1
2018-03-20,19.02,0.54,3.403648049703795,2.85,4.1
2018-03-21,18.2,0.55,3.386272401116917,2.89,4.1
2018-03-22,17.86,0.58,3.4383993468775502,2.89,4.1
2018-03-23,23.34,0.54,3.473150644051306,2.83,4.1
2018-03-26,23.34,0.54,3.473150644051306,2.83,4.1
2018-03-27,21.03,0.52,3.473150644051306,2.85,4.1
2018-03-28,22.5,0.52,3.5079019412250614,2.78,4.1
2018-03-29,22.87,0.49,3.5079019412250614,2.77,4.1
2018-04-02,22.87,0.49,3.5079019412250614,2.77,4.1
2018-04-03,23.62,0.48,3.5079019412250614,2.73,4.1
2018-04-04,21.1,0.51,3.473150644051306,2.79,4.1
2018-04-05,20.06,0.51,3.4905262926381835,2.79,4.0
2018-04-06,18.94,0.53,3.473150644051306,2.83,4.0
2018-04-09,18.94,0.53,3.473150644051306,2.83,4.0
2018-04-10,21.77,0.49,3.455774995464428,2.78,4.0
2018-04-11,20.47,0.48,3.403648049703795,2.8,4.0
2018-04-12,20.24,0.47,3.403648049703795,2.79,4.0
2018-04-13,18.49,0.49,3.386272401116917,2.83,4.0
2018-04-16,18.49,0.49,3.386272401116917,2.83,4.0
2018-04-17,16.56,0.44,3.3515211039431616,2.83,4.0
2018-04-18,15.25,0.41,3.3341454553562837,2.82,4.0
2018-04-19,15.6,0.45,3.3341454553562837,2.87,4.0
2018-04-20,15.96,0.48,3.3515211039431616,2.92,4.0
2018-04-23,15.96,0.48,3.3515211039431616,2.92,4.0
2018-04-24,16.34,0.49,3.3341454553562837,2.98,4.0
2018-04-25,18.02,0.52,3.3515211039431616,3.0,4.0
2018-04-26,17.84,0.54,3.403648049703795,3.03,4.0
2018-04-27,16.24,0.51,3.403648049703795,3.0,4.0
2018-04-30,16.24,0.51,3.403648049703795,3.0,4.0
2018-05-01,15.93,0.46,3.386272401116917,2.95,4.0
2018-05-02,15.49,0.47,3.4383993468775502,2.97,4.0
2018-05-03,15.97,0.48,3.455774995464428,2.97,4.0
2018-05-04,15.9,0.45,3.5079019412250614,2.94,4.0
2018-05-07,15.9,0.45,3.5079019412250614,2.94,4.0
2018-05-08,14.75,0.46,3.5252775898119393,2.95,4.0
2018-05-09,14.71,0.46,3.5252775898119393,2.97,4.0
2018-05-10,13.42,0.46,3.5079019412250614,3.0,4.0
2018-05-11,13.23,0.43,3.473150644051306,2.97,4.0
2018-05-14,13.23,0.43,3.473150644051306,2.97,4.0
2018-05-15,12.93,0.45,3.4210236982906728,3.0,4.0
2018-05-16,14.63,0.5,3.4210236982906728,3.08,4.0
2018-05-17,13.42,0.51,3.403648049703795,3.09,4.0
2018-05-18,13.43,0.54,3.4383993468775502,3.11,4.0
2018-05-21,13.43,0.54,3.4383993468775502,3.11,4.0
2018-05-22,13.08,0.48,3.455774995464428,3.06,4.0
2018-05-23,13.22,0.47,3.455774995464428,3.06,4.0
2018-05-24,12.58,0.48,3.473150644051306,3.01,4.0
2018-05-25,12.53,0.48,3.473150644051306,2.98,4.0
2018-05-29,13.22,0.45,3.4905262926381835,2.93,4.0
2018-05-30,17.02,0.45,3.6816584270938386,2.77,4.0
2018-05-31,14.94,0.42,3.59478018415945,2.84,4.0
2018-06-01,15.43,0.43,3.560028886985694,2.83,4.0
2018-06-04,15.43,0.43,3.560028886985694,2.83,4.0
2018-06-05,12.74,0.42,3.5426532383988167,2.94,3.8
2018-06-06,12.4,0.43,3.577404535572572,2.92,3.8
2018-06-07,11.64,0.45,3.59478018415945,2.97,3.8
2018-06-08,12.13,0.43,3.560028886985694,2.93,3.8
2018-06-11,12.13,0.43,3.560028886985694,2.93,3.8
2018-06-12,12.35,0.44,3.560028886985694,2.96,3.8
2018-06-13,12.34,0.42,3.5426532383988167,2.96,3.8
2018-06-14,12.94,0.39,3.5252775898119393,2.98,3.8
2018-06-15,12.12,0.35,3.5426532383988167,2.94,3.8
2018-06-18,12.12,0.35,3.5426532383988167,2.94,3.8
2018-06-19,12.31,0.36,3.577404535572572,2.92,3.8
2018-06-20,13.35,0.35,3.59478018415945,2.89,3.8
2018-06-21,12.79,0.37,3.6121558327463275,2.93,3.8
2018-06-22,14.64,0.34,3.664282778506961,2.9,3.8
2018-06-25,14.64,0.34,3.664282778506961,2.9,3.8
2018-06-26,17.33,0.33,3.733785372854472,2.87,3.8
2018-06-27,15.92,0.35,3.733785372854472,2.88,3.8
2018-06-28,17.91,0.31,3.7164097242675944,2.83,3.8
2018-06-29,16.85,0.32,3.7511610214413498,2.84,3.8
2018-07-02,16.85,0.32,3.7511610214413498,2.84,3.8
2018-07-03,15.6,0.3,3.6990340756807165,2.87,3.8
2018-07-05,16.14,0.3,3.733785372854472,2.83,3.8
2018-07-06,14.97,0.29,3.664282778506961,2.84,4.0
2018-07-09,14.97,0.29,3.664282778506961,2.84,4.0
2018-07-10,12.69,0.29,3.6295314813332054,2.86,4.0
2018-07-11,12.64,0.28,3.59478018415945,2.87,4.0
2018-07-12,13.63,0.27,3.59478018415945,2.85,4.0
2018-07-13,12.58,0.25,3.577404535572572,2.85,4.0
2018-07-16,12.58,0.25,3.577404535572572,2.85,4.0
2018-07-17,12.83,0.26,3.59478018415945,2.85,4.0
2018-07-18,12.06,0.24,3.577404535572572,2.86,4.0
2018-07-19,12.1,0.28,3.560028886985694,2.88,4.0
2018-07-20,12.87,0.24,3.577404535572572,2.84,4.0
2018-07-23,12.87,0.24,3.577404535572572,2.84,4.0
2018-07-24,12.62,0.32,3.59478018415945,2.96,4.0
2018-07-25,12.41,0.32,3.5426532383988167,2.95,4.0
2018-07-26,12.29,0.28,3.5252775898119393,2.94,4.0
2018-07-27,12.14,0.29,3.4905262926381835,2.98,4.0
2018-07-30,12.14,0.29,3.4905262926381835,2.98,4.0
2018-07-31,14.26,0.32,3.473150644051306,2.98,4.0
2018-08-01,12.83,0.29,3.455774995464428,2.96,4.0
2018-08-02,13.15,0.33,3.455774995464428,3.0,4.0
2018-08-03,12.19,0.32,3.473150644051306,2.98,4.0
2018-08-06,12.19,0.32,3.473150644051306,2.98,4.0
2018-08-07,11.27,0.3,3.4383993468775502,2.94,3.8
2018-08-08,10.93,0.3,3.4383993468775502,2.98,3.8
2018-08-09,10.85,0.28,3.473150644051306,2.96,3.8
2018-08-10,11.27,0.29,3.4905262926381835,2.93,3.8
2018-08-13,11.27,0.29,3.4905262926381835,2.93,3.8
2018-08-14,14.78,0.27,3.59478018415945,2.88,3.8
2018-08-15,13.31,0.26,3.577404535572572,2.89,3.8
2018-08-16,14.64,0.25,3.577404535572572,2.86,3.8
2018-08-17,13.45,0.24,3.560028886985694,2.87,3.8
2018-08-20,13.45,0.24,3.560028886985694,2.87,3.8
2018-08-21,12.49,0.22,3.560028886985694,2.82,3.8
2018-08-22,12.86,0.24,3.5426532383988167,2.85,3.8
2018-08-23,12.25,0.22,3.59478018415945,2.82,3.8
2018-08-24,12.41,0.21,3.577404535572572,2.82,3.8
2018-08-27,12.41,0.21,3.577404535572572,2.82,3.8
2018-08-28,12.16,0.18,3.560028886985694,2.85,3.8
2018-08-29,12.5,0.21,3.577404535572572,2.88,3.8
2018-08-30,12.25,0.22,3.5426532383988167,2.89,3.8
2018-08-31,13.53,0.22,3.577404535572572,2.86,3.8
2018-09-04,12.86,0.24,3.6121558327463275,2.86,3.8
2018-09-05,13.16,0.24,3.6469071299200833,2.9,3.8
2018-09-06,13.91,0.24,3.664282778506961,2.9,3.8
2018-09-07,14.65,0.24,3.6295314813332054,2.88,3.8
2018-09-10,14.65,0.24,3.6295314813332054,2.88,3.8
2018-09-11,14.16,0.21,3.6121558327463275,2.94,3.8
2018-09-12,13.22,0.22,3.577404535572572,2.98,3.8
2018-09-13,13.14,0.23,3.560028886985694,2.97,3.8
2018-09-14,12.37,0.21,3.5252775898119393,2.97,3.8
2018-09-17,12.37,0.21,3.5252775898119393,2.97,3.8
2018-09-18,13.68,0.21,3.5426532383988167,2.99,3.8
2018-09-19,12.79,0.24,3.5426532383988167,3.05,3.8
2018-09-20,11.75,0.27,3.5426532383988167,3.08,3.8
2018-09-21,11.8,0.26,3.4905262926381835,3.07,3.8
2018-09-24,11.8,0.26,3.4905262926381835,3.07,3.8
2018-09-25,12.2,0.25,3.473150644051306,3.08,3.8
2018-09-26,12.42,0.27,3.455774995464428,3.1,3.8
2018-09-27,12.89,0.23,3.473150644051306,3.06,3.8
2018-09-28,12.41,0.23,3.455774995464428,3.06,3.8
2018-10-01,12.41,0.23,3.455774995464428,3.06,3.8
2018-10-02,12.0,0.27,3.455774995464428,3.09,3.8
2018-10-03,12.05,0.23,3.473150644051306,3.05,3.8
2018-10-04,11.61,0.3,3.455774995464428,3.15,3.8
2018-10-05,14.22,0.32,3.473150644051306,3.19,3.8
2018-10-08,14.22,0.32,3.473150644051306,3.19,3.8
2018-10-09,15.69,0.35,3.4905262926381835,3.23,3.7
2018-10-10,15.95,0.33,3.473150644051306,3.21,3.7
2018-10-11,22.96,0.34,3.5079019412250614,3.22,3.7
2018-10-12,24.98,0.29,3.5426532383988167,3.14,3.7
2018-10-15,24.98,0.29,3.5426532383988167,3.14,3.7
2018-10-16,21.3,0.31,3.560028886985694,3.16,3.7
2018-10-17,17.62,0.29,3.5426532383988167,3.16,3.7
2018-10-18,17.4,0.3,3.5426532383988167,3.19,3.7
2018-10-19,20.06,0.3,3.6121558327463275,3.17,3.7
2018-10-22,20.06,0.3,3.6121558327463275,3.17,3.7
2018-10-23,19.64,0.28,3.6121558327463275,3.2,3.7
2018-10-24,20.71,0.28,3.6816584270938386,3.17,3.7
2018-10-25,25.23,0.26,3.733785372854472,3.1,3.7
2018-10-26,24.22,0.28,3.7164097242675944,3.14,3.7
2018-10-29,24.22,0.28,3.7164097242675944,3.14,3.7
2018-10-30,24.7,0.27,3.785912318615105,3.08,3.7
2018-10-31,23.35,0.28,3.8032879672019826,3.12,3.7
2018-11-01,21.23,0.28,3.8032879672019826,3.15,3.7
2018-11-02,19.34,0.3,3.820663615788861,3.14,3.7
2018-11-05,19.51,0.31,3.785912318615105,3.22,3.8
2018-11-06,19.96,0.29,3.785912318615105,3.2,3.8
2018-11-07,19.91,0.29,3.7164097242675944,3.22,3.8
2018-11-08,16.36,0.26,3.6816584270938386,3.22,3.8
2018-11-09,16.72,0.26,3.6816584270938386,3.24,3.8
2018-11-12,16.72,0.26,3.6816584270938386,3.24,3.8
2018-11-13,20.45,0.25,3.7164097242675944,3.19,3.8
2018-11-14,20.02,0.25,3.820663615788861,3.14,3.8
2018-11-15,21.25,0.26,3.907541858723249,3.12,3.8
2018-11-16,19.98,0.25,3.9770444530707603,3.11,3.8
2018-11-19,19.98,0.25,3.9770444530707603,3.11,3.8
2018-11-20,20.1,0.27,4.0291713988313935,3.06,3.8
2018-11-21,22.48,0.27,4.046547047418271,3.06,3.8
2018-11-23,20.8,0.25,4.046547047418271,3.06,3.8
2018-11-26,20.8,0.25,4.046547047418271,3.06,3.8
2018-11-27,18.9,0.23,4.0291713988313935,3.07,3.8
2018-11-28,19.02,0.23,4.098673993178905,3.06,3.8
2018-11-29,18.49,0.25,4.13342529035266,3.06,3.8
2018-11-30,18.79,0.22,4.202927884700171,3.03,3.8
2018-12-03,18.79,0.22,4.202927884700171,3.03,3.8
2018-12-04,16.44,0.15,4.202927884700171,2.98,3.8
2018-12-06,20.74,0.11,4.185552236113294,2.91,3.8
2018-12-07,21.19,0.12,4.2550548304608045,2.87,3.8
2018-12-10,21.19,0.12,4.2550548304608045,2.87,3.8
2018-12-11,22.64,0.13,4.289806127634559,2.85,3.8
2018-12-12,21.76,0.11,4.202927884700171,2.89,3.8
2018-12-13,21.46,0.14,4.168176587526416,2.91,3.8
2018-12-14,20.65,0.16,4.185552236113294,2.91,3.8
2018-12-17,20.65,0.16,4.185552236113294,2.91,3.8
2018-12-18,24.52,0.16,4.185552236113294,2.86,3.8
2018-12-19,25.58,0.17,4.202927884700171,2.82,3.8
2018-12-20,25.58,0.14,4.220303533287049,2.77,3.8
2018-12-21,28.38,0.12,4.237679181873927,2.79,3.8
2018-12-24,28.38,0.12,4.237679181873927,2.79,3.8
2018-12-26,36.07,0.19,4.359308721982071,2.74,3.8
2018-12-27,30.41,0.2,4.324557424808315,2.81,3.8
2018-12-28,29.96,0.21,4.376684370568948,2.77,3.8
2018-12-31,29.96,0.21,4.376684370568948,2.77,3.8
2019-01-02,25.42,0.21,4.533065207850848,2.69,3.8
2019-01-03,23.22,0.16,4.533065207850848,2.66,3.8
2019-01-04,25.45,0.17,4.585192153611481,2.56,3.8
2019-01-07,25.45,0.17,4.585192153611481,2.56,3.8
2019-01-08,21.4,0.17,4.4809382620902145,2.7,3.9
2019-01-09,20.47,0.15,4.428811316329582,2.73,3.9
2019-01-10,19.98,0.18,4.428811316329582,2.74,3.9
2019-01-11,19.5,0.18,4.4809382620902145,2.74,3.9
2019-01-14,19.5,0.18,4.4809382620902145,2.74,3.9
2019-01-15,19.07,0.18,4.550440856437726,2.71,3.9
2019-01-16,18.6,0.19,4.550440856437726,2.72,3.9
2019-01-17,19.04,0.18,4.533065207850848,2.73,3.9
2019-01-18,18.06,0.19,4.498313910677093,2.75,3.9
2019-01-22,17.8,0.17,4.411435667742704,2.79,3.9
2019-01-23,20.8,0.16,4.411435667742704,2.74,3.9
2019-01-24,19.52,0.18,4.394060019155827,2.76,3.9
2019-01-25,18.89,0.16,4.394060019155827,2.72,3.9
2019-01-28,18.89,0.16,4.394060019155827,2.72,3.9
2019-01-29,18.87,0.15,4.376684370568948,2.75,3.9
2019-01-30,19.13,0.16,4.376684370568948,2.72,3.9
2019-01-31,17.66,0.18,4.394060019155827,2.7,3.9
2019-02-01,16.57,0.18,4.411435667742704,2.63,3.9
2019-02-04,16.57,0.18,4.411435667742704,2.63,3.9
2019-02-05,15.73,0.2,4.2724304790476815,2.73,4.0
2019-02-06,15.57,0.18,4.220303533287049,2.71,4.0
2019-02-07,15.38,0.18,4.237679181873927,2.7,4.0
2019-02-08,16.37,0.17,4.289806127634559,2.65,4.0
2019-02-11,16.37,0.17,4.289806127634559,2.65,4.0
2019-02-12,15.97,0.17,4.2724304790476815,2.65,4.0
2019-02-13,15.43,0.18,4.2724304790476815,2.68,4.0
2019-02-14,15.65,0.18,4.220303533287049,2.71,4.0
2019-02-15,16.22,0.16,4.2724304790476815,2.66,4.0
2019-02-19,14.91,0.14,4.237679181873927,2.66,4.0
2019-02-20,14.88,0.15,4.237679181873927,2.65,4.0
2019-02-21,14.02,0.15,4.150800938939538,2.65,4.0
2019-02-22,14.46,0.16,4.150800938939538,2.69,4.0
2019-02-25,14.46,0.16,4.150800938939538,2.69,4.0
2019-02-26,14.85,0.16,4.150800938939538,2.67,4.0
2019-02-27,15.17,0.16,4.168176587526416,2.64,4.0
2019-02-28,14.7,0.19,4.185552236113294,2.69,4.0
2019-03-01,14.78,0.21,4.13342529035266,2.73,4.0
2019-03-04,14.78,0.21,4.13342529035266,2.73,4.0
2019-03-05,14.63,0.17,4.13342529035266,2.72,4.0
2019-03-06,14.74,0.17,4.13342529035266,2.72,4.0
2019-03-07,15.74,0.17,4.185552236113294,2.69,4.0
2019-03-08,16.59,0.17,4.185552236113294,2.64,3.8
2019-03-11,16.59,0.17,4.185552236113294,2.64,3.8
2019-03-12,14.33,0.17,4.220303533287049,2.64,3.8
2019-03-13,13.77,0.16,4.185552236113294,2.61,3.8
2019-03-14,13.41,0.16,4.202927884700171,2.61,3.8
2019-03-15,13.5,0.17,4.220303533287049,2.63,3.8
2019-03-18,13.5,0.17,4.220303533287049,2.63,3.8
2019-03-19,13.1,0.15,4.220303533287049,2.6,3.8
2019-03-20,13.56,0.15,4.220303533287049,2.61,3.8
2019-03-21,13.91,0.14,4.2550548304608045,2.54,3.8
2019-03-22,13.63,0.13,4.237679181873927,2.54,3.8
2019-03-25,13.63,0.13,4.237679181873927,2.54,3.8
2019-03-26,16.33,0.17,4.237679181873927,2.43,3.8
2019-03-27,14.68,0.17,4.2724304790476815,2.41,3.8
2019-03-28,15.15,0.17,4.237679181873927,2.39,3.8
2019-03-29,14.43,0.16,4.220303533287049,2.39,3.8
2019-04-01,14.43,0.16,4.220303533287049,2.39,3.8
2019-04-02,13.4,0.16,4.168176587526416,2.49,3.8
2019-04-03,13.36,0.18,4.168176587526416,2.48,3.8
2019-04-04,13.74,0.19,4.150800938939538,2.52,3.8
2019-04-05,13.58,0.18,4.13342529035266,2.51,3.8
2019-04-08,13.58,0.18,4.13342529035266,2.51,3.8
2019-04-09,13.18,0.16,4.116049641765782,2.52,3.8
2019-04-10,14.28,0.16,4.081298344592026,2.51,3.8
2019-04-11,13.3,0.17,4.116049641765782,2.48,3.8
2019-04-12,13.02,0.16,4.098673993178905,2.51,3.8
2019-04-15,13.02,0.16,4.098673993178905,2.51,3.8
2019-04-16,12.32,0.15,4.011795750244516,2.55,3.8
2019-04-17,12.18,0.19,3.959668804483883,2.6,3.8
2019-04-18,12.6,0.19,3.9770444530707603,2.59,3.8
2019-04-22,12.6,0.19,3.9770444530707603,2.59,3.8
2019-04-23,12.42,0.21,3.9944201016576386,2.59,3.8
2019-04-24,12.28,0.21,3.9944201016576386,2.57,3.8
2019-04-25,13.14,0.21,3.9944201016576386,2.53,3.8
2019-04-26,13.25,0.21,3.9944201016576386,2.54,3.8
2019-04-29,13.25,0.21,3.9944201016576386,2.54,3.8
2019-04-30,13.11,0.24,3.9770444530707603,2.54,3.8
2019-05-01,13.12,0.24,3.9944201016576386,2.51,3.8
2019-05-02,14.8,0.21,3.942293155897005,2.52,3.8
2019-05-03,14.42,0.2,3.959668804483883,2.55,3.8
2019-05-06,12.87,0.21,3.942293155897005,2.54,3.7
2019-05-07,15.44,0.2,3.9944201016576386,2.51,3.7
2019-05-08,19.32,0.17,4.046547047418271,2.45,3.7
2019-05-09,19.4,0.19,4.046547047418271,2.49,3.7
2019-05-10,19.1,0.19,4.116049641765782,2.45,3.7
2019-05-13,19.1,0.19,4.116049641765782,2.45,3.7
2019-05-14,20.55,0.22,4.185552236113294,2.4,3.7
2019-05-15,18.06,0.22,4.168176587526416,2.42,3.7
2019-05-16,16.44,0.21,4.202927884700171,2.37,3.7
2019-05-17,15.29,0.2,4.168176587526416,2.4,3.7
2019-05-20,15.29,0.2,4.168176587526416,2.4,3.7
2019-05-21,16.31,0.2,4.168176587526416,2.41,3.7
2019-05-22,14.95,0.17,4.150800938939538,2.43,3.7
2019-05-23,14.75,0.16,4.202927884700171,2.39,3.7
2019-05-24,16.92,0.19,4.237679181873927,2.31,3.7
2019-05-28,15.85,0.16,4.289806127634559,2.32,3.7
2019-05-29,17.5,0.14,4.307181776221437,2.26,3.7
2019-05-30,17.9,0.16,4.324557424808315,2.25,3.7
2019-05-31,17.3,0.16,4.324557424808315,2.22,3.7
2019-06-03,17.3,0.16,4.324557424808315,2.22,3.7
2019-06-04,18.86,0.25,4.4809382620902145,2.07,3.7
2019-06-05,16.97,0.24,4.4809382620902145,2.12,3.6
2019-06-06,16.09,0.29,4.533065207850848,2.12,3.6
2019-06-07,15.93,0.24,4.51568955926397,2.12,3.6
2019-06-10,15.93,0.24,4.51568955926397,2.12,3.6
2019-06-11,15.94,0.25,4.428811316329582,2.15,3.6
2019-06-12,15.99,0.22,4.411435667742704,2.15,3.6
2019-06-13,15.91,0.25,4.4635626135033375,2.13,3.6
2019-06-14,15.82,0.27,4.4809382620902145,2.1,3.6
2019-06-17,15.82,0.27,4.4809382620902145,2.1,3.6
2019-06-18,15.35,0.23,4.4635626135033375,2.09,3.6
2019-06-19,15.15,0.2,4.44618696491646,2.06,3.6
2019-06-20,14.33,0.29,4.4635626135033375,2.03,3.6
2019-06-21,14.75,0.29,4.411435667742704,2.01,3.6
2019-06-24,14.75,0.29,4.411435667742704,2.01,3.6
2019-06-25,15.26,0.3,4.324557424808315,2.02,3.6
2019-06-26,16.28,0.29,4.341933073395193,2.0,3.6
2019-06-27,16.21,0.28,4.307181776221437,2.05,3.6
2019-06-28,15.82,0.27,4.289806127634559,2.01,3.6
2019-07-01,15.82,0.27,4.289806127634559,2.01,3.6
2019-07-02,14.06,0.25,4.2550548304608045,2.03,3.6
2019-07-03,12.93,0.21,4.2550548304608045,1.98,3.6
2019-07-05,12.57,0.19,4.202927884700171,1.96,3.6
2019-07-08,12.57,0.19,4.202927884700171,1.96,3.6
2019-07-09,13.96,0.17,4.150800938939538,2.05,3.6
2019-07-10,14.09,0.15,4.13342529035266,2.07,3.6
2019-07-11,13.03,0.25,4.185552236113294,2.07,3.6
2019-07-12,12.93,0.28,4.185552236113294,2.13,3.6
2019-07-15,12.93,0.28,4.185552236113294,2.13,3.6
2019-07-16,12.68,0.26,4.185552236113294,2.09,3.6
2019-07-17,12.86,0.26,4.150800938939538,2.13,3.6
2019-07-18,13.97,0.23,4.168176587526416,2.06,3.6
2019-07-19,13.53,0.27,4.220303533287049,2.04,3.6
2019-07-22,13.53,0.27,4.220303533287049,2.04,3.6
2019-07-23,13.53,0.25,4.168176587526416,2.05,3.6
2019-07-24,12.61,0.25,4.150800938939538,2.08,3.6
2019-07-25,12.07,0.22,4.011795750244516,2.05,3.6
2019-07-26,12.74,0.22,3.9944201016576386,2.08,3.6
2019-07-29,12.74,0.22,3.9944201016576386,2.08,3.6
2019-07-30,12.83,0.21,3.9770444530707603,2.06,3.6
2019-07-31,13.94,0.21,3.9944201016576386,2.06,3.6
2019-08-01,16.12,0.13,3.9770444530707603,2.02,3.6
2019-08-02,17.87,0.17,4.046547047418271,1.9,3.6
2019-08-05,17.61,0.14,4.063922696005149,1.86,3.7
2019-08-06,24.59,0.16,4.168176587526416,1.75,3.7
2019-08-07,20.17,0.13,4.185552236113294,1.73,3.7
2019-08-08,19.49,0.12,4.150800938939538,1.71,3.7
2019-08-09,16.91,0.1,4.185552236113294,1.72,3.7
2019-08-12,16.91,0.1,4.185552236113294,1.72,3.7
2019-08-13,21.09,0.07,4.150800938939538,1.65,3.7
2019-08-14,17.52,0.02,4.13342529035266,1.68,3.7
2019-08-15,22.1,0.01,4.150800938939538,1.59,3.7
2019-08-16,21.18,0.04,4.220303533287049,1.52,3.7
2019-08-19,21.18,0.04,4.220303533287049,1.52,3.7
2019-08-20,16.88,0.07,4.2550548304608045,1.6,3.7
2019-08-21,17.5,0.05,4.2724304790476815,1.55,3.7
2019-08-22,15.8,0.03,4.185552236113294,1.59,3.7
2019-08-23,16.68,0.01,4.185552236113294,1.62,3.7
2019-08-26,16.68,0.01,4.185552236113294,1.62,3.7
2019-08-27,19.32,0.0,4.220303533287049,1.54,3.7
2019-08-28,20.31,-0.04,4.202927884700171,1.49,3.7
2019-08-29,19.35,-0.03,4.202927884700171,1.47,3.7
2019-08-30,17.88,-0.03,4.220303533287049,1.5,3.7
2019-09-03,18.98,0.0,4.202927884700171,1.5,3.7
2019-09-04,19.66,0.0,4.237679181873927,1.47,3.7
2019-09-05,17.33,0.04,4.2550548304608045,1.47,3.6
2019-09-06,16.27,0.02,4.237679181873927,1.57,3.6
2019-09-09,16.27,0.02,4.237679181873927,1.57,3.6
2019-09-10,15.27,0.05,4.150800938939538,1.63,3.6
2019-09-11,15.2,0.05,4.13342529035266,1.72,3.6
2019-09-12,14.61,0.07,4.13342529035266,1.75,3.6
2019-09-13,14.22,0.07,4.13342529035266,1.79,3.6
2019-09-16,14.22,0.07,4.13342529035266,1.79,3.6
2019-09-17,14.67,0.1,4.098673993178905,1.84,3.6
2019-09-18,14.44,0.09,4.116049641765782,1.81,3.6
2019-09-19,13.95,0.03,4.063922696005149,1.8,3.6
2019-09-20,14.05,0.05,4.046547047418271,1.79,3.6
2019-09-23,14.05,0.05,4.046547047418271,1.79,3.6
2019-09-24,14.91,0.04,4.046547047418271,1.72,3.6
2019-09-25,17.05,0.04,4.098673993178905,1.64,3.6
2019-09-26,15.96,0.05,4.098673993178905,1.73,3.6
2019-09-27,16.07,0.04,4.063922696005149,1.7,3.6
2019-09-30,16.07,0.04,4.063922696005149,1.7,3.6
2019-10-01,16.24,0.05,4.098673993178905,1.68,3.6
2019-10-02,18.56,0.09,4.13342529035266,1.65,3.6
2019-10-03,20.56,0.12,4.202927884700171,1.6,3.6
2019-10-04,19.12,0.15,4.2550548304608045,1.54,3.6
2019-10-07,19.12,0.15,4.2550548304608045,1.54,3.6
2019-10-08,17.86,0.1,4.237679181873927,1.56,3.5
2019-10-09,20.28,0.12,4.2724304790476815,1.54,3.5
2019-10-10,18.64,0.12,4.2550548304608045,1.59,3.5
2019-10-11,17.57,0.14,4.220303533287049,1.67,3.5
2019-10-14,17.57,0.14,4.220303533287049,1.67,3.5
2019-10-15,14.57,0.13,4.13342529035266,1.76,3.5
2019-10-16,13.54,0.16,4.116049641765782,1.77,3.5
2019-10-17,13.68,0.17,4.13342529035266,1.75,3.5
2019-10-18,13.79,0.16,4.116049641765782,1.76,3.5
2019-10-21,13.79,0.16,4.116049641765782,1.76,3.5
2019-10-22,14.0,0.18,4.081298344592026,1.8,3.5
2019-10-23,14.46,0.18,4.046547047418271,1.78,3.5
2019-10-24,14.01,0.19,4.063922696005149,1.77,3.5
2019-10-25,13.71,0.19,4.046547047418271,1.77,3.5
2019-10-28,13.71,0.19,4.046547047418271,1.77,3.5
2019-10-29,13.11,0.21,4.0291713988313935,1.85,3.5
2019-10-30,13.2,0.2,4.011795750244516,1.84,3.5
2019-10-31,12.33,0.17,4.046547047418271,1.78,3.5
2019-11-01,13.22,0.17,4.063922696005149,1.69,3.5
2019-11-04,13.22,0.17,4.063922696005149,1.69,3.5
2019-11-05,12.83,0.19,4.0291713988313935,1.79,3.6
2019-11-06,13.1,0.23,4.011795750244516,1.86,3.6
2019-11-07,12.62,0.2,3.9944201016576386,1.81,3.6
2019-11-08,12.73,0.24,3.9770444530707603,1.92,3.6
2019-11-11,12.73,0.24,3.9770444530707603,1.92,3.6
2019-11-12,12.69,0.26,3.942293155897005,1.94,3.6
2019-11-13,12.68,0.26,3.9249175073101275,1.92,3.6
2019-11-14,13.0,0.25,3.942293155897005,1.88,3.6
2019-11-15,13.05,0.24,3.9770444530707603,1.82,3.6
2019-11-18,13.05,0.24,3.9770444530707603,1.82,3.6
2019-11-19,12.46,0.21,3.9944201016576386,1.81,3.6
2019-11-20,12.86,0.19,3.9770444530707603,1.79,3.6
2019-11-21,12.78,0.17,4.0291713988313935,1.73,3.6
2019-11-22,13.13,0.17,4.011795750244516,1.77,3.6
2019-11-25,13.13,0.17,4.011795750244516,1.77,3.6
2019-11-26,11.87,0.15,3.9770444530707603,1.76,3.6
2019-11-27,11.54,0.16,3.942293155897005,1.74,3.6
2019-11-29,11.75,0.14,3.907541858723249,1.77,3.6
2019-12-02,11.75,0.14,3.907541858723249,1.77,3.6
2019-12-03,14.91,0.22,3.942293155897005,1.83,3.6
2019-12-04,15.96,0.19,3.942293155897005,1.72,3.6
2019-12-05,14.8,0.19,3.942293155897005,1.77,3.6
2019-12-06,14.52,0.22,3.907541858723249,1.8,3.6
2019-12-09,14.52,0.22,3.907541858723249,1.8,3.6
2019-12-10,15.86,0.2,3.8380392643757384,1.83,3.6
2019-12-11,15.68,0.2,3.7685366700282272,1.85,3.6
2019-12-12,14.99,0.18,3.820663615788861,1.79,3.6
2019-12-13,13.94,0.24,3.785912318615105,1.9,3.6
2019-12-16,13.94,0.24,3.785912318615105,1.9,3.6
2019-12-17,12.14,0.24,3.7511610214413498,1.89,3.6
2019-12-18,12.29,0.26,3.733785372854472,1.89,3.6
2019-12-19,12.58,0.29,3.7164097242675944,1.92,3.6
2019-12-20,12.5,0.3,3.6816584270938386,1.92,3.6
2019-12-23,12.5,0.3,3.6816584270938386,1.92,3.6
2019-12-24,12.61,0.29,3.6816584270938386,1.93,3.6
2019-12-26,12.67,0.28,3.6990340756807165,1.9,3.6
2019-12-27,12.65,0.26,3.6990340756807165,1.9,3.6
2019-12-30,12.65,0.26,3.6990340756807165,1.9,3.6
2019-12-31,14.82,0.32,3.6990340756807165,1.9,3.6
2020-01-02,13.78,0.34,3.7164097242675944,1.92,3.6
2020-01-03,12.47,0.3,3.7164097242675944,1.88,3.6
2020-01-06,12.47,0.3,3.7164097242675944,1.88,3.6
2020-01-07,13.85,0.27,3.785912318615105,1.81,3.6
2020-01-08,13.79,0.29,3.8032879672019826,1.83,3.6
2020-01-09,13.45,0.29,3.8380392643757384,1.87,3.6
2020-01-10,12.54,0.27,3.8032879672019826,1.85,3.6
2020-01-13,12.54,0.27,3.8032879672019826,1.85,3.6
2020-01-14,12.32,0.27,3.733785372854472,1.85,3.6
2020-01-15,12.39,0.24,3.733785372854472,1.82,3.6
2020-01-16,12.42,0.23,3.7685366700282272,1.79,3.6
2020-01-17,12.32,0.23,3.7511610214413498,1.81,3.6
2020-01-21,12.1,0.26,3.7164097242675944,1.84,3.6
2020-01-22,12.85,0.25,3.6990340756807165,1.78,3.6
2020-01-23,12.91,0.24,3.6990340756807165,1.77,3.6
2020-01-24,12.98,0.23,3.7164097242675944,1.74,3.6
2020-01-27,12.98,0.23,3.7164097242675944,1.74,3.6
2020-01-28,18.23,0.17,3.820663615788861,1.61,3.6
2020-01-29,16.28,0.2,3.820663615788861,1.65,3.6
2020-01-30,16.39,0.18,3.8380392643757384,1.6,3.6
2020-01-31,15.49,0.16,3.890166210136372,1.57,3.6
2020-02-03,15.49,0.16,3.890166210136372,1.57,3.6
2020-02-04,17.97,0.18,3.9249175073101275,1.54,3.6
2020-02-05,16.05,0.2,3.907541858723249,1.61,3.6
2020-02-06,15.15,0.22,3.8727905615494937,1.66,3.6
2020-02-07,14.96,0.21,3.8380392643757384,1.65,3.6
2020-02-10,14.96,0.21,3.8380392643757384,1.65,3.6
2020-02-11,15.04,0.19,3.8554149129626163,1.56,3.6
2020-02-12,15.18,0.18,3.8380392643757384,1.59,3.6
2020-02-13,13.74,0.18,3.8554149129626163,1.62,3.6
2020-02-14,14.15,0.17,3.8380392643757384,1.61,3.6
2020-02-18,13.68,0.17,3.820663615788861,1.59,3.6
2020-02-19,14.83,0.14,3.8380392643757384,1.55,3.6
2020-02-20,14.38,0.14,3.8380392643757384,1.56,3.6
2020-02-21,15.56,0.13,3.8380392643757384,1.52,3.6
2020-02-24,15.56,0.13,3.8380392643757384,1.52,3.6
2020-02-25,25.03,0.12,3.9770444530707603,1.38,3.6
2020-02-26,27.85,0.13,4.081298344592026,1.33,3.6
2020-02-27,27.56,0.17,4.098673993178905,1.33,3.6
2020-02-28,39.16,0.19,4.220303533287049,1.3,3.6
2020-03-02,39.16,0.19,4.220303533287049,1.3,3.6
2020-03-03,33.42,0.26,4.51568955926397,1.1,3.6
2020-03-04,36.82,0.31,4.585192153611481,1.02,3.6
2020-03-05,31.99,0.35,4.567816505024604,1.02,3.6
2020-03-06,39.62,0.33,4.654694747958993,0.92,3.6
2020-03-09,39.62,0.33,4.654694747958993,0.92,3.6
2020-03-10,54.46,0.16,5.36709634002098,0.54,3.5
2020-03-11,47.3,0.26,5.36709634002098,0.76,3.5
2020-03-12,53.9,0.32,5.471350231542247,0.82,3.5
2020-03-13,75.47,0.38,5.83623885186668,0.88,3.5
2020-03-16,75.47,0.38,5.83623885186668,0.88,3.5
2020-03-17,82.69,0.37,6.149000526430479,0.73,3.5
2020-03-18,75.91,0.55,6.340132660886135,1.02,3.5
2020-03-19,76.45,0.64,6.896153415666222,1.18,3.5
2020-03-20,72.0,0.68,7.243666387403777,1.12,3.5
2020-03-23,72.0,0.68,7.243666387403777,1.12,3.5
2020-03-24,61.59,0.48,7.764935845010109,0.76,3.5
2020-03-25,61.67,0.46,7.556428061967578,0.84,3.5
2020-03-26,63.95,0.54,7.452174170446311,0.88,3.5
2020-03-27,61.0,0.53,7.2957933331644105,0.83,3.5
2020-03-30,61.0,0.53,7.2957933331644105,0.83,3.5
2020-03-31,57.08,0.47,7.035158604361245,0.7,3.5
2020-04-01,53.54,0.47,7.104661198708755,0.7,3.5
2020-04-02,57.06,0.39,7.174163793056267,0.62,3.5
2020-04-03,50.91,0.4,7.087285550121877,0.63,3.5
2020-04-06,50.91,0.4,7.087285550121877,0.63,3.5
2020-04-07,45.24,0.4,7.069909901535,0.67,4.4
2020-04-08,46.7,0.47,6.861402118492467,0.75,4.4
2020-04-09,43.35,0.5,6.791899524144956,0.77,4.4
2020-04-13,43.35,0.5,6.791899524144956,0.77,4.4
2020-04-14,41.17,0.51,6.2011274721911125,0.76,4.4
2020-04-15,37.76,0.53,6.114249229256723,0.76,4.4
2020-04-16,40.84,0.43,6.06212228349609,0.63,4.4
2020-04-17,40.11,0.41,5.9752440405617016,0.61,4.4
2020-04-20,40.11,0.41,5.9752440405617016,0.61,4.4
2020-04-21,43.83,0.43,5.9752440405617016,0.63,4.4
2020-04-22,45.41,0.38,5.9926196891485795,0.58,4.4
2020-04-23,41.98,0.41,6.0099953377354565,0.63,4.4
2020-04-24,41.38,0.39,5.940492743387946,0.61,4.4
2020-04-27,41.38,0.39,5.940492743387946,0.61,4.4
2020-04-28,33.29,0.43,5.905741446214191,0.67,4.4
2020-04-29,33.57,0.42,5.923117094801069,0.62,4.4
2020-04-30,31.23,0.43,5.905741446214191,0.63,4.4
2020-05-01,34.15,0.44,5.888365797627313,0.64,4.4
2020-05-04,34.15,0.44,5.888365797627313,0.64,4.4
2020-05-05,35.97,0.45,5.9752440405617016,0.64,4.4
2020-05-06,33.61,0.47,5.9752440405617016,0.66,14.8
2020-05-07,34.12,0.55,6.027370986322335,0.72,14.8
2020-05-08,31.44,0.5,6.079497932082968,0.63,14.8
2020-05-11,31.44,0.5,6.079497932082968,0.63,14.8
2020-05-12,27.57,0.56,6.2011274721911125,0.73,14.8
2020-05-13,33.04,0.52,6.183751823604235,0.69,14.8
2020-05-14,35.28,0.48,6.235878769364868,0.64,14.8
2020-05-15,32.61,0.47,6.2011274721911125,0.63,14.8
2020-05-18,32.61,0.47,6.2011274721911125,0.63,14.8
2020-05-19,29.3,0.55,6.149000526430479,0.73,14.8
2020-05-20,30.53,0.53,6.0099953377354565,0.7,14.8
2020-05-21,27.99,0.52,5.905741446214191,0.68,14.8
2020-05-22,29.53,0.51,5.801487554692924,0.68,14.8
2020-05-26,28.16,0.49,5.801487554692924,0.66,14.8
2020-05-27,28.01,0.51,5.731984960345414,0.69,14.8
2020-05-28,27.62,0.49,5.67985801458478,0.68,14.8
2020-05-29,28.59,0.53,5.662482365997902,0.7,14.8
2020-06-01,28.59,0.53,5.662482365997902,0.7,14.8
2020-06-02,28.23,0.52,5.662482365997902,0.66,14.8
2020-06-03,26.84,0.51,5.627731068824147,0.68,14.8
2020-06-04,25.66,0.58,5.52347717730288,0.77,14.8
2020-06-05,25.81,0.63,5.471350231542247,0.82,13.2
2020-06-08,25.81,0.63,5.471350231542247,0.82,13.2
2020-06-09,25.81,0.66,5.158588556978447,0.88,13.2
2020-06-10,27.57,0.64,5.141212908391569,0.84,13.2
2020-06-11,27.57,0.58,5.245466799912836,0.75,13.2
2020-06-12,40.79,0.47,5.332345042847225,0.66,13.2
2020-06-15,40.79,0.47,5.332345042847225,0.66,13.2
2020-06-16,34.4,0.52,5.36709634002098,0.71,13.2
2020-06-17,33.67,0.54,5.29759374567347,0.75,13.2
2020-06-18,33.47,0.55,5.262842448499714,0.74,13.2
2020-06-19,32.94,0.52,5.245466799912836,0.71,13.2
2020-06-22,32.94,0.52,5.245466799912836,0.71,13.2
2020-06-23,31.77,0.52,5.245466799912836,0.71,13.2
2020-06-24,31.37,0.54,5.262842448499714,0.72,13.2
2020-06-25,33.84,0.5,5.29759374567347,0.69,13.2
2020-06-26,32.22,0.51,5.3497206914341024,0.68,13.2
2020-06-29,32.22,0.51,5.3497206914341024,0.68,13.2
2020-06-30,31.78,0.48,5.384471988607858,0.64,13.2
2020-07-01,30.43,0.5,5.36709634002098,0.66,13.2
2020-07-02,28.62,0.52,5.29759374567347,0.69,13.2
2020-07-06,27.68,0.52,5.262842448499714,0.68,11.0
2020-07-07,27.94,0.53,5.193339854152203,0.69,11.0
2020-07-08,29.43,0.49,5.158588556978447,0.65,11.0
2020-07-09,28.08,0.51,5.089085962630937,0.67,11.0
2020-07-10,29.26,0.46,5.019583368283425,0.62,11.0
2020-07-13,29.26,0.46,5.019583368283425,0.62,11.0
2020-07-14,32.19,0.48,5.036959016870304,0.64,11.0
2020-07-15,29.52,0.49,4.98483207110967,0.63,11.0
2020-07-16,27.76,0.48,4.98483207110967,0.64,11.0
2020-07-17,28.0,0.46,4.950080773935914,0.62,11.0
2020-07-20,28.0,0.46,4.950080773935914,0.62,11.0
2020-07-21,24.46,0.46,4.8979538281752815,0.62,11.0
2020-07-22,24.84,0.47,4.845826882414648,0.61,11.0
2020-07-23,24.32,0.46,4.811075585240892,0.6,11.0
2020-07-24,26.08,0.43,4.758948639480259,0.59,11.0
2020-07-27,26.08,0.43,4.758948639480259,0.59,11.0
2020-07-28,24.74,0.47,4.724197342306503,0.62,11.0
2020-07-29,25.44,0.45,4.741572990893381,0.59,11.0
2020-07-30,24.1,0.46,4.811075585240892,0.58,11.0
2020-07-31,24.76,0.44,4.793699936654015,0.55,11.0
2020-08-03,24.76,0.44,4.793699936654015,0.55,11.0
2020-08-04,24.28,0.45,4.845826882414648,0.56,11.0
2020-08-05,23.76,0.41,4.82845123382777,0.52,10.2
2020-08-06,22.99,0.44,4.776324288067136,0.55,10.2
2020-08-07,22.65,0.44,4.741572990893381,0.55,10.2
2020-08-10,22.65,0.44,4.741572990893381,0.55,10.2
2020-08-11,22.13,0.45,4.724197342306503,0.59,10.2
2020-08-12,24.03,0.48,4.776324288067136,0.64,10.2
2020-08-13,22.28,0.53,4.706821693719625,0.69,10.2
2020-08-14,22.13,0.55,4.776324288067136,0.71,10.2
2020-08-17,22.13,0.55,4.776324288067136,0.71,10.2
2020-08-18,21.35,0.55,4.863202531001526,0.69,10.2
2020-08-19,21.51,0.53,4.863202531001526,0.67,10.2
2020-08-20,22.54,0.54,4.880578179588403,0.68,10.2
2020-08-21,22.72,0.52,4.880578179588403,0.65,10.2
2020-08-24,22.72,0.52,4.880578179588403,0.65,10.2
2020-08-25,22.37,0.51,4.845826882414648,0.65,10.2
2020-08-26,22.03,0.54,4.845826882414648,0.69,10.2
2020-08-27,23.27,0.53,4.8979538281752815,0.69,10.2
2020-08-28,24.47,0.58,4.98483207110967,0.74,10.2
2020-08-31,24.47,0.58,4.98483207110967,0.74,10.2
2020-09-01,26.41,0.58,4.9153294767621585,0.72,10.2
2020-09-02,26.12,0.55,4.9153294767621585,0.68,10.2
2020-09-03,26.57,0.52,4.863202531001526,0.66,10.2
2020-09-04,33.6,0.5,4.863202531001526,0.63,10.2
2020-09-08,30.75,0.58,4.932705125349036,0.72,8.4
2020-09-09,31.46,0.55,4.9153294767621585,0.69,8.4
2020-09-10,28.81,0.57,4.950080773935914,0.71,8.4
2020-09-11,29.71,0.54,4.950080773935914,0.68,8.4
2020-09-14,29.71,0.54,4.950080773935914,0.68,8.4
2020-09-15,25.85,0.54,4.8979538281752815,0.68,8.4
2020-09-16,25.59,0.54,4.932705125349036,0.68,8.4
2020-09-17,26.04,0.55,4.9153294767621585,0.69,8.4
2020-09-18,26.46,0.56,4.880578179588403,0.69,8.4
2020-09-21,26.46,0.56,4.880578179588403,0.69,8.4
2020-09-22,27.78,0.54,4.8979538281752815,0.68,8.4
2020-09-23,26.86,0.55,4.8979538281752815,0.68,8.4
2020-09-24,28.58,0.54,4.932705125349036,0.68,8.4
2020-09-25,28.51,0.53,4.967456422522792,0.67,8.4
2020-09-28,28.51,0.53,4.967456422522792,0.67,8.4
2020-09-29,26.19,0.53,5.071710314044058,0.67,8.4
2020-09-30,26.27,0.55,5.036959016870304,0.66,8.4
2020-10-01,26.37,0.56,5.054334665457181,0.69,8.4
2020-10-02,26.7,0.54,5.054334665457181,0.68,8.4
2020-10-05,26.7,0.54,5.054334665457181,0.68,8.4
2020-10-06,27.96,0.64,5.036959016870304,0.78,7.8
2020-10-07,29.48,0.62,4.967456422522792,0.76,7.8
2020-10-08,28.06,0.65,4.950080773935914,0.81,7.8
2020-10-09,26.36,0.65,4.932705125349036,0.78,7.8
2020-10-12,26.36,0.65,4.932705125349036,0.78,7.8
2020-10-13,25.07,0.63,4.9153294767621585,0.79,7.8
2020-10-14,26.07,0.58,4.880578179588403,0.74,7.8
2020-10-15,26.4,0.59,4.863202531001526,0.73,7.8
2020-10-16,26.97,0.6,4.880578179588403,0.74,7.8
2020-10-19,26.97,0.6,4.880578179588403,0.74,7.8
2020-10-20,29.18,0.62,4.811075585240892,0.78,7.8
2020-10-21,29.35,0.67,4.863202531001526,0.81,7.8
2020-10-22,28.65,0.69,4.845826882414648,0.83,7.8
2020-10-23,28.11,0.71,4.811075585240892,0.87,7.8
2020-10-26,28.11,0.71,4.811075585240892,0.87,7.8
2020-10-27,32.46,0.65,4.793699936654015,0.81,7.8
2020-10-28,33.35,0.63,4.793699936654015,0.79,7.8
2020-10-29,40.28,0.63,4.82845123382777,0.79,7.8
2020-10-30,37.59,0.69,4.811075585240892,0.85,7.8
2020-11-02,37.59,0.69,4.811075585240892,0.85,7.8
2020-11-03,37.13,0.71,4.793699936654015,0.87,7.8
2020-11-04,35.55,0.73,4.758948639480259,0.9,7.8
2020-11-05,29.57,0.64,4.758948639480259,0.78,6.9
2020-11-06,27.58,0.65,4.654694747958993,0.79,6.9
2020-11-09,27.58,0.65,4.654694747958993,0.79,6.9
2020-11-10,25.75,0.79,4.567816505024604,0.96,6.9
2020-11-11,24.8,0.79,4.51568955926397,0.98,6.9
2020-11-12,23.45,0.79,4.51568955926397,0.98,6.9
2020-11-13,25.35,0.71,4.533065207850848,0.88,6.9
2020-11-16,25.35,0.71,4.533065207850848,0.88,6.9
2020-11-17,22.45,0.72,4.4809382620902145,0.91,6.9
2020-11-18,22.71,0.69,4.4809382620902145,0.87,6.9
2020-11-19,23.84,0.72,4.428811316329582,0.88,6.9
2020-11-20,23.11,0.68,4.359308721982071,0.86,6.9
2020-11-23,23.11,0.68,4.359308721982071,0.86,6.9
2020-11-24,22.66,0.7,4.324557424808315,0.86,6.9
2020-11-25,21.64,0.72,4.289806127634559,0.88,6.9
2020-11-27,21.25,0.71,4.307181776221437,0.88,6.9
2020-11-30,21.25,0.71,4.307181776221437,0.88,6.9
2020-12-01,20.57,0.68,4.2550548304608045,0.84,6.9
2020-12-02,20.77,0.75,4.237679181873927,0.92,6.9
2020-12-03,21.17,0.79,4.168176587526416,0.95,6.9
2020-12-04,21.28,0.76,4.150800938939538,0.92,6.9
2020-12-07,21.28,0.76,4.150800938939538,0.92,6.9
2020-12-08,21.3,0.8,4.13342529035266,0.94,6.7
2020-12-09,20.68,0.78,4.13342529035266,0.92,6.7
2020-12-10,22.27,0.79,4.168176587526416,0.95,6.7
2020-12-11,22.52,0.78,4.13342529035266,0.92,6.7
2020-12-14,22.52,0.78,4.13342529035266,0.92,6.7
2020-12-15,24.72,0.77,4.168176587526416,0.9,6.7
2020-12-16,22.89,0.81,4.202927884700171,0.92,6.7
2020-12-17,22.5,0.79,4.185552236113294,0.92,6.7
2020-12-18,21.93,0.81,4.150800938939538,0.94,6.7
2020-12-21,21.93,0.81,4.150800938939538,0.94,6.7
2020-12-22,25.16,0.82,4.150800938939538,0.95,6.7
2020-12-23,24.23,0.8,4.13342529035266,0.93,6.7
2020-12-24,23.31,0.83,4.168176587526416,0.96,6.7
2020-12-28,23.31,0.83,4.168176587526416,0.96,6.7
2020-12-29,21.7,0.81,4.13342529035266,0.94,6.7
2020-12-30,23.08,0.82,4.13342529035266,0.94,6.7
2020-12-31,22.77,0.81,4.098673993178905,0.93,6.7
2021-01-04,22.77,0.81,4.098673993178905,0.93,6.7
2021-01-05,26.97,0.82,4.081298344592026,0.93,6.7
2021-01-06,25.34,0.83,4.150800938939538,0.96,6.7
2021-01-07,25.07,0.9,4.220303533287049,1.04,6.7
2021-01-08,22.37,0.94,4.150800938939538,1.08,6.7
2021-01-11,22.37,0.94,4.150800938939538,1.08,6.7
2021-01-12,24.08,1.01,4.011795750244516,1.15,6.7
2021-01-13,23.33,1.01,4.0291713988313935,1.15,6.7
2021-01-14,22.21,0.96,3.9770444530707603,1.1,6.7
2021-01-15,23.25,0.99,3.959668804483883,1.15,6.7
2021-01-19,24.34,0.98,3.9770444530707603,1.11,6.7
2021-01-20,23.24,0.96,3.942293155897005,1.1,6.7
2021-01-21,21.58,0.97,3.942293155897005,1.1,6.7
2021-01-22,21.32,0.99,3.959668804483883,1.12,6.7
2021-01-25,21.32,0.99,3.959668804483883,1.12,6.7
2021-01-26,23.19,0.92,4.011795750244516,1.05,6.7
2021-01-27,23.02,0.94,4.0291713988313935,1.05,6.7
2021-01-28,37.21,0.92,4.0291713988313935,1.04,6.7
2021-01-29,30.21,0.95,4.046547047418271,1.07,6.7
2021-02-01,30.21,0.95,4.046547047418271,1.07,6.7
2021-02-02,30.24,0.98,4.081298344592026,1.09,6.7
2021-02-03,25.56,1.01,4.063922696005149,1.12,6.7
2021-02-04,22.91,1.04,4.046547047418271,1.15,6.7
2021-02-05,21.77,1.04,4.081298344592026,1.15,6.4
2021-02-08,21.77,1.04,4.081298344592026,1.15,6.4
2021-02-09,21.24,1.08,3.9944201016576386,1.19,6.4
2021-02-10,21.63,1.07,4.011795750244516,1.18,6.4
2021-02-11,21.99,1.04,4.0291713988313935,1.15,6.4
2021-02-12,21.25,1.05,4.063922696005149,1.16,6.4
2021-02-16,19.97,1.09,4.081298344592026,1.2,6.4
2021-02-17,21.46,1.17,4.011795750244516,1.3,6.4
2021-02-18,21.5,1.18,3.9770444530707603,1.29,6.4
2021-02-19,22.49,1.18,3.9770444530707603,1.29,6.4
2021-02-22,22.49,1.18,3.9770444530707603,1.29,6.4
2021-02-23,23.45,1.26,4.0291713988313935,1.37,6.4
2021-02-24,23.11,1.26,4.098673993178905,1.37,6.4
2021-02-25,21.34,1.26,4.13342529035266,1.38,6.4
2021-02-26,28.89,1.37,3.959668804483883,1.54,6.4
2021-03-01,28.89,1.37,3.959668804483883,1.54,6.4
2021-03-02,23.35,1.32,3.9770444530707603,1.45,6.4
2021-03-03,24.1,1.29,4.011795750244516,1.42,6.4
2021-03-04,26.67,1.33,3.9944201016576386,1.47,6.4
2021-03-05,28.57,1.4,3.9770444530707603,1.54,6.4
2021-03-08,24.66,1.42,3.9770444530707603,1.56,6.2
2021-03-09,25.47,1.42,3.9944201016576386,1.59,6.2
2021-03-10,24.03,1.38,4.0291713988313935,1.55,6.2
2021-03-11,22.56,1.37,4.046547047418271,1.53,6.2
2021-03-12,21.91,1.4,4.063922696005149,1.54,6.2
2021-03-15,21.91,1.4,4.063922696005149,1.54,6.2
2021-03-16,20.03,1.48,4.063922696005149,1.62,6.2
2021-03-17,19.79,1.47,4.081298344592026,1.62,6.2
2021-03-18,19.23,1.5,4.150800938939538,1.63,6.2
2021-03-19,21.58,1.55,4.046547047418271,1.71,6.2
2021-03-22,21.58,1.55,4.046547047418271,1.71,6.2
2021-03-23,18.88,1.54,3.890166210136372,1.69,6.2
2021-03-24,20.3,1.48,3.942293155897005,1.63,6.2
2021-03-25,21.2,1.48,3.9249175073101275,1.62,6.2
2021-03-26,19.81,1.49,3.942293155897005,1.63,6.2
2021-03-29,19.81,1.49,3.942293155897005,1.63,6.2
2021-03-30,20.74,1.59,3.890166210136372,1.73,6.2
2021-03-31,19.61,1.57,3.820663615788861,1.73,6.2
2021-04-01,19.4,1.58,3.8032879672019826,1.74,6.2
2021-04-05,17.33,1.53,3.7164097242675944,1.72,6.1
2021-04-06,17.91,1.56,3.6295314813332054,1.73,6.1
2021-04-07,18.12,1.51,3.664282778506961,1.67,6.1
2021-04-08,17.16,1.52,3.6816584270938386,1.68,6.1
2021-04-09,16.95,1.5,3.7164097242675944,1.64,6.1
2021-04-12,16.95,1.5,3.7164097242675944,1.64,6.1
2021-04-13,16.91,1.51,3.664282778506961,1.69,6.1
2021-04-14,16.65,1.48,3.6990340756807165,1.64,6.1
2021-04-15,16.99,1.48,3.7164097242675944,1.64,6.1
2021-04-16,16.57,1.4,3.664282778506961,1.56,6.1
2021-04-19,16.57,1.4,3.664282778506961,1.56,6.1
2021-04-20,17.29,1.45,3.733785372854472,1.61,6.1
2021-04-21,18.68,1.43,3.7511610214413498,1.58,6.1
2021-04-22,17.5,1.42,3.7685366700282272,1.57,6.1
2021-04-23,18.71,1.41,3.733785372854472,1.57,6.1
2021-04-26,18.71,1.41,3.733785372854472,1.57,6.1
2021-04-27,17.64,1.4,3.7164097242675944,1.58,6.1
2021-04-28,17.56,1.46,3.6990340756807165,1.63,6.1
2021-04-29,17.28,1.46,3.7164097242675944,1.63,6.1
2021-04-30,17.61,1.49,3.6990340756807165,1.65,6.1
2021-05-03,17.61,1.49,3.6990340756807165,1.65,6.1
2021-05-04,18.31,1.47,3.6816584270938386,1.63,6.1
2021-05-05,19.48,1.45,3.6990340756807165,1.61,6.1
2021-05-06,19.15,1.43,3.7164097242675944,1.59,6.1
2021-05-07,18.39,1.42,3.6816584270938386,1.58,6.1
2021-05-10,18.39,1.42,3.6816584270938386,1.58,6.1
2021-05-11,19.66,1.47,3.7164097242675944,1.63,6.1
2021-05-12,21.84,1.48,3.7685366700282272,1.64,6.1
2021-05-13,27.59,1.53,3.785912318615105,1.69,6.1
2021-05-14,23.13,1.5,3.820663615788861,1.66,6.1
2021-05-17,23.13,1.5,3.820663615788861,1.66,6.1
2021-05-18,19.72,1.48,3.785912318615105,1.64,6.1
2021-05-19,21.34,1.48,3.8032879672019826,1.64,6.1
2021-05-20,22.18,1.52,3.785912318615105,1.68,6.1
2021-05-21,20.67,1.48,3.785912318615105,1.63,6.1
2021-05-24,20.67,1.48,3.785912318615105,1.63,6.1
2021-05-25,18.4,1.46,3.7511610214413498,1.61,6.1
2021-05-26,18.84,1.41,3.7685366700282272,1.56,6.1
2021-05-27,17.36,1.44,3.7164097242675944,1.58,6.1
2021-05-28,16.74,1.47,3.7164097242675944,1.61,6.1
2021-06-01,16.76,1.44,3.733785372854472,1.58,6.1
2021-06-02,17.9,1.46,3.6990340756807165,1.62,6.1
2021-06-03,17.48,1.46,3.7164097242675944,1.59,6.1
2021-06-04,18.04,1.47,3.6816584270938386,1.63,6.1
2021-06-07,18.04,1.47,3.6816584270938386,1.63,6.1
2021-06-08,16.42,1.41,3.7164097242675944,1.57,5.8
2021-06-09,17.07,1.39,3.7164097242675944,1.53,5.8
2021-06-10,17.89,1.34,3.6816584270938386,1.5,5.8
2021-06-11,16.1,1.31,3.7511610214413498,1.45,5.8
2021-06-14,16.1,1.31,3.7511610214413498,1.45,5.8
2021-06-15,16.39,1.35,3.6816584270938386,1.51,5.8
2021-06-16,17.02,1.35,3.6816584270938386,1.51,5.8
2021-06-17,18.15,1.36,3.59478018415945,1.57,5.8
2021-06-18,17.75,1.29,3.473150644051306,1.52,5.8
2021-06-21,17.75,1.29,3.473150644051306,1.52,5.8
2021-06-22,17.89,1.23,3.5426532383988167,1.5,5.8
2021-06-23,16.66,1.23,3.577404535572572,1.48,5.8
2021-06-24,16.32,1.24,3.560028886985694,1.5,5.8
2021-06-25,15.97,1.23,3.5426532383988167,1.49,5.8
2021-06-28,15.97,1.23,3.5426532383988167,1.49,5.8
2021-06-29,15.76,1.24,3.5426532383988167,1.49,5.8
2021-06-30,16.02,1.22,3.5252775898119393,1.49,5.8
2021-07-01,15.83,1.2,3.5252775898119393,1.45,5.8
2021-07-02,15.48,1.23,3.5079019412250614,1.48,5.8
2021-07-06,15.07,1.2,3.5252775898119393,1.44,5.9
2021-07-07,16.44,1.15,3.577404535572572,1.37,5.9
2021-07-08,16.2,1.11,3.560028886985694,1.33,5.9
2021-07-09,19.0,1.11,3.59478018415945,1.3,5.9
2021-07-12,19.0,1.11,3.59478018415945,1.3,5.9
2021-07-13,16.17,1.15,3.59478018415945,1.38,5.9
2021-07-14,17.12,1.16,3.59478018415945,1.42,5.9
2021-07-15,16.33,1.14,3.59478018415945,1.37,5.9
2021-07-16,17.01,1.08,3.6121558327463275,1.31,5.9
2021-07-19,17.01,1.08,3.6121558327463275,1.31,5.9
2021-07-20,22.5,0.98,3.6990340756807165,1.19,5.9
2021-07-21,19.73,1.03,3.7164097242675944,1.23,5.9
2021-07-22,17.91,1.08,3.6816584270938386,1.3,5.9
2021-07-23,17.69,1.07,3.664282778506961,1.27,5.9
2021-07-26,17.69,1.07,3.664282778506961,1.27,5.9
2021-07-27,17.58,1.07,3.6469071299200833,1.29,5.9
2021-07-28,19.36,1.05,3.664282778506961,1.25,5.9
2021-07-29,18.31,1.06,3.6816584270938386,1.26,5.9
2021-07-30,17.7,1.08,3.6469071299200833,1.28,5.9
2021-08-02,17.7,1.08,3.6469071299200833,1.28,5.9
2021-08-03,19.46,1.03,3.664282778506961,1.2,5.9
2021-08-04,18.04,1.02,3.6990340756807165,1.19,5.9
2021-08-05,17.97,1.02,3.6816584270938386,1.19,5.4
2021-08-06,17.28,1.02,3.664282778506961,1.23,5.4
2021-08-09,17.28,1.02,3.664282778506961,1.23,5.4
2021-08-10,16.72,1.1,3.664282778506961,1.33,5.4
2021-08-11,16.79,1.12,3.664282778506961,1.36,5.4
2021-08-12,16.06,1.12,3.733785372854472,1.35,5.4
2021-08-13,15.59,1.13,3.733785372854472,1.36,5.4
2021-08-16,15.59,1.13,3.733785372854472,1.36,5.4
2021-08-17,16.12,1.05,3.6990340756807165,1.26,5.4
2021-08-18,17.91,1.03,3.7164097242675944,1.26,5.4
2021-08-19,21.57,1.04,3.6990340756807165,1.27,5.4
2021-08-20,21.67,1.02,3.7164097242675944,1.24,5.4
2021-08-23,21.67,1.02,3.7164097242675944,1.24,5.4
2021-08-24,17.15,1.02,3.6990340756807165,1.25,5.4
2021-08-25,17.22,1.05,3.664282778506961,1.29,5.4
2021-08-26,16.79,1.12,3.6295314813332054,1.35,5.4
2021-08-27,18.84,1.09,3.6121558327463275,1.34,5.4
2021-08-30,18.84,1.09,3.6121558327463275,1.34,5.4
2021-08-31,16.19,1.09,3.6121558327463275,1.29,5.4
2021-09-01,16.48,1.1,3.6469071299200833,1.3,5.4
2021-09-02,16.11,1.11,3.6121558327463275,1.31,5.4
2021-09-03,16.41,1.09,3.6121558327463275,1.29,5.4
2021-09-07,16.41,1.12,3.59478018415945,1.33,5.1
2021-09-08,18.14,1.16,3.59478018415945,1.38,5.1
2021-09-09,17.96,1.13,3.59478018415945,1.35,5.1
2021-09-10,18.8,1.07,3.577404535572572,1.3,5.1
2021-09-13,18.8,1.07,3.577404535572572,1.3,5.1
2021-09-14,19.37,1.12,3.5252775898119393,1.33,5.1
2021-09-15,19.46,1.07,3.5252775898119393,1.28,5.1
2021-09-16,18.18,1.1,3.4905262926381835,1.31,5.1
2021-09-17,18.69,1.11,3.473150644051306,1.34,5.1
2021-09-20,18.69,1.11,3.473150644051306,1.34,5.1
2021-09-21,25.71,1.08,3.473150644051306,1.31,5.1
2021-09-22,24.36,1.11,3.455774995464428,1.33,5.1
2021-09-23,20.87,1.07,3.455774995464428,1.32,5.1
2021-09-24,18.63,1.14,3.4210236982906728,1.41,5.1
2021-09-27,18.63,1.14,3.4210236982906728,1.41,5.1
2021-09-28,18.76,1.17,3.368896752530039,1.48,5.1
2021-09-29,23.25,1.23,3.403648049703795,1.54,5.1
2021-09-30,22.56,1.25,3.4210236982906728,1.55,5.1
2021-10-01,23.14,1.24,3.4905262926381835,1.52,5.1
2021-10-04,23.14,1.24,3.4905262926381835,1.52,5.1
2021-10-05,22.96,1.22,3.4905262926381835,1.49,5.1
2021-10-06,21.3,1.26,3.473150644051306,1.54,4.7
2021-10-07,21.0,1.23,3.473150644051306,1.53,4.7
2021-10-08,19.54,1.26,3.4905262926381835,1.58,4.7
2021-10-11,19.54,1.26,3.4905262926381835,1.58,4.7
2021-10-12,20.0,1.29,3.473150644051306,1.61,4.7
2021-10-13,19.85,1.24,3.4383993468775502,1.59,4.7
2021-10-14,18.64,1.19,3.386272401116917,1.56,4.7
2021-10-15,16.86,1.16,3.4210236982906728,1.52,4.7
2021-10-18,16.86,1.16,3.4210236982906728,1.52,4.7
2021-10-19,16.31,1.15,3.2646428610087725,1.59,4.7
2021-10-20,15.7,1.24,3.2646428610087725,1.65,4.7
2021-10-21,15.49,1.25,3.316769806769406,1.65,4.7
2021-10-22,15.01,1.23,3.2993941581825283,1.68,4.7
2021-10-25,15.01,1.23,3.2993941581825283,1.68,4.7
2021-10-26,15.24,1.17,3.2820185095956504,1.64,4.7
2021-10-27,15.98,1.16,3.247267212421895,1.63,4.7
2021-10-28,16.98,1.04,3.2125159152481393,1.54,4.7
2021-10-29,16.53,1.07,3.2125159152481393,1.57,4.7
2021-11-01,16.53,1.07,3.2125159152481393,1.57,4.7
2021-11-02,16.41,1.08,3.2125159152481393,1.58,4.7
2021-11-03,16.03,1.1,3.247267212421895,1.56,4.7
2021-11-04,15.1,1.13,3.229891563835017,1.6,4.7
2021-11-05,15.44,1.12,3.2820185095956504,1.53,4.5
2021-11-08,15.44,1.12,3.2820185095956504,1.53,4.5
2021-11-09,17.22,1.06,3.177764618074384,1.51,4.5
2021-11-10,17.78,1.05,3.177764618074384,1.46,4.5
2021-11-11,18.73,1.05,3.160388969487506,1.56,4.5
2021-11-12,17.66,1.05,3.160388969487506,1.56,4.5
2021-11-15,17.66,1.05,3.160388969487506,1.56,4.5
2021-11-16,16.49,1.1,3.229891563835017,1.63,4.5
2021-11-17,16.37,1.09,3.2646428610087725,1.63,4.5
2021-11-18,17.11,1.08,3.2993941581825283,1.6,4.5
2021-11-19,17.59,1.07,3.2820185095956504,1.59,4.5
2021-11-22,17.59,1.07,3.2820185095956504,1.59,4.5
2021-11-23,19.17,1.0,3.247267212421895,1.63,4.5
2021-11-24,19.38,1.07,3.2820185095956504,1.67,4.5
2021-11-26,18.58,1.0,3.2646428610087725,1.64,4.5
2021-11-29,18.58,1.0,3.2646428610087725,1.64,4.5
2021-11-30,22.96,1.01,3.4210236982906728,1.52,4.5
2021-12-01,27.19,0.91,3.4210236982906728,1.43,4.5
2021-12-02,31.12,0.87,3.4210236982906728,1.43,4.5
2021-12-03,27.95,0.81,3.403648049703795,1.44,4.5
2021-12-06,30.67,0.75,3.4210236982906728,1.35,4.1
2021-12-07,27.18,0.78,3.386272401116917,1.43,4.1
2021-12-08,21.89,0.78,3.316769806769406,1.48,4.1
2021-12-09,19.9,0.84,3.386272401116917,1.52,4.1
2021-12-10,21.58,0.79,3.4210236982906728,1.49,4.1
2021-12-13,21.58,0.79,3.4210236982906728,1.49,4.1
2021-12-14,20.31,0.76,3.4383993468775502,1.42,4.1
2021-12-15,21.89,0.77,3.4383993468775502,1.44,4.1
2021-12-16,19.29,0.78,3.455774995464428,1.47,4.1
2021-12-17,20.57,0.8,3.5252775898119393,1.44,4.1
2021-12-20,20.57,0.8,3.5252775898119393,1.44,4.1
2021-12-21,22.87,0.78,3.560028886985694,1.43,4.1
2021-12-22,21.01,0.78,3.5426532383988167,1.48,4.1
2021-12-23,18.63,0.78,3.5079019412250614,1.46,4.1
2021-12-27,18.63,0.78,3.5079019412250614,1.46,4.1
2021-12-28,17.68,0.72,3.5079019412250614,1.48,4.1
2021-12-29,17.54,0.75,3.5079019412250614,1.49,4.1
2021-12-30,16.95,0.8,3.4905262926381835,1.55,4.1
2021-12-31,17.33,0.79,3.4905262926381835,1.52,4.1
2022-01-03,17.33,0.79,3.4905262926381835,1.52,4.1
2022-01-04,16.6,0.85,3.4383993468775502,1.63,4.1
2022-01-05,16.91,0.89,3.473150644051306,1.66,3.9
2022-01-06,19.73,0.88,3.403648049703795,1.71,3.9
2022-01-07,19.61,0.85,3.368896752530039,1.73,3.9
2022-01-10,19.61,0.85,3.368896752530039,1.73,3.9
2022-01-11,19.4,0.86,3.3341454553562837,1.78,3.9
2022-01-12,18.41,0.85,3.3341454553562837,1.75,3.9
2022-01-13,17.62,0.82,3.3515211039431616,1.74,3.9
2022-01-14,20.31,0.79,3.403648049703795,1.7,3.9
2022-01-18,19.19,0.79,3.386272401116917,1.78,3.9
2022-01-19,22.79,0.81,3.368896752530039,1.87,3.9
2022-01-20,23.85,0.79,3.3515211039431616,1.83,3.9
2022-01-21,25.59,0.75,3.386272401116917,1.83,3.9
2022-01-24,25.59,0.75,3.386272401116917,1.83,3.9
2022-01-25,29.9,0.76,3.560028886985694,1.75,3.9
2022-01-26,31.16,0.76,3.59478018415945,1.78,3.9
2022-01-27,31.96,0.72,3.473150644051306,1.85,3.9
2022-01-28,30.49,0.63,3.5079019412250614,1.81,3.9
2022-01-31,30.49,0.63,3.5079019412250614,1.81,3.9
2022-02-01,24.83,0.61,3.6295314813332054,1.79,3.9
2022-02-02,21.96,0.63,3.6121558327463275,1.81,3.9
2022-02-03,22.09,0.62,3.59478018415945,1.78,3.9
2022-02-04,24.35,0.63,3.6121558327463275,1.82,3.9
2022-02-07,24.35,0.63,3.6121558327463275,1.82,3.9
2022-02-08,22.86,0.62,3.6295314813332054,1.92,4.0
2022-02-09,21.44,0.61,3.59478018415945,1.96,4.0
2022-02-10,19.96,0.58,3.6121558327463275,1.94,4.0
2022-02-11,23.91,0.42,3.59478018415945,2.03,4.0
2022-02-14,23.91,0.42,3.59478018415945,2.03,4.0
2022-02-15,28.33,0.4,3.7511610214413498,1.98,4.0
2022-02-16,25.7,0.47,3.733785372854472,2.05,4.0
2022-02-17,24.29,0.51,3.8380392643757384,2.03,4.0
2022-02-18,28.11,0.48,3.959668804483883,1.97,4.0
2022-02-22,27.75,0.45,3.9770444530707603,1.92,4.0
2022-02-23,28.81,0.38,3.9770444530707603,1.94,4.0
2022-02-24,31.02,0.41,3.9249175073101275,1.99,4.0
2022-02-25,30.32,0.42,4.168176587526416,1.96,4.0
2022-02-28,30.32,0.42,4.168176587526416,1.96,4.0
2022-03-01,30.15,0.39,4.341933073395193,1.83,4.0
2022-03-02,33.32,0.41,4.185552236113294,1.72,4.0
2022-03-03,30.74,0.36,4.168176587526416,1.86,4.0
2022-03-04,30.48,0.33,4.168176587526416,1.86,4.0
2022-03-07,30.48,0.33,4.168176587526416,1.86,4.0
2022-03-08,36.45,0.23,4.307181776221437,1.78,3.9
2022-03-09,35.13,0.23,4.359308721982071,1.86,3.9
2022-03-10,32.45,0.26,4.307181776221437,1.94,3.9
2022-03-11,30.23,0.26,4.411435667742704,1.98,3.9
2022-03-14,30.23,0.26,4.411435667742704,1.98,3.9
2022-03-15,31.77,0.27,4.324557424808315,2.14,3.9
2022-03-16,29.83,0.3,4.376684370568948,2.15,3.9
2022-03-17,26.67,0.24,4.150800938939538,2.19,3.9
2022-03-18,25.67,0.26,4.046547047418271,2.2,3.9
2022-03-21,25.67,0.26,4.046547047418271,2.2,3.9
2022-03-22,23.53,0.18,3.8727905615494937,2.32,3.9
2022-03-23,22.94,0.2,3.8380392643757384,2.38,3.9
2022-03-24,23.57,0.19,3.8032879672019826,2.32,3.9
2022-03-25,21.67,0.21,3.7685366700282272,2.34,3.9
2022-03-28,21.67,0.21,3.7685366700282272,2.34,3.9
2022-03-29,19.63,0.11,3.6469071299200833,2.46,3.9
2022-03-30,18.9,0.06,3.59478018415945,2.41,3.9
2022-03-31,19.33,0.04,3.6295314813332054,2.35,3.9
2022-04-01,20.56,0.04,3.6295314813332054,2.32,3.9
2022-04-04,20.56,0.04,3.6295314813332054,2.32,3.9
2022-04-05,18.57,-0.01,3.4210236982906728,2.42,3.7
2022-04-06,21.03,0.03,3.3515211039431616,2.54,3.7
2022-04-07,22.1,0.11,3.3515211039431616,2.61,3.7
2022-04-08,21.55,0.19,3.368896752530039,2.66,3.7
2022-04-11,21.55,0.19,3.368896752530039,2.66,3.7
2022-04-12,24.37,0.29,3.4383993468775502,2.79,3.7
2022-04-13,24.26,0.33,3.6121558327463275,2.72,3.7
2022-04-14,21.82,0.33,3.6469071299200833,2.7,3.7
2022-04-18,21.82,0.33,3.6469071299200833,2.7,3.7
2022-04-19,22.17,0.39,3.6469071299200833,2.85,3.7
2022-04-20,21.37,0.32,3.59478018415945,2.93,3.7
2022-04-21,20.32,0.25,3.59478018415945,2.85,3.7
2022-04-22,22.68,0.22,3.6295314813332054,2.9,3.7
2022-04-25,22.68,0.22,3.6295314813332054,2.9,3.7
2022-04-26,27.02,0.18,3.8032879672019826,2.81,3.7
2022-04-27,33.52,0.23,3.8554149129626163,2.77,3.7
2022-04-28,31.6,0.24,3.8380392643757384,2.82,3.7
2022-04-29,29.99,0.22,3.8554149129626163,2.85,3.7
2022-05-02,29.99,0.22,3.8554149129626163,2.85,3.7
2022-05-03,32.34,0.26,3.890166210136372,2.99,3.7
2022-05-04,29.25,0.19,3.8380392643757384,2.97,3.7
2022-05-05,25.42,0.27,3.890166210136372,2.93,3.7
2022-05-06,31.2,0.34,3.9249175073101275,3.05,3.7
2022-05-09,31.2,0.34,3.9249175073101275,3.05,3.7
2022-05-10,34.75,0.44,4.046547047418271,3.05,3.7
2022-05-11,32.99,0.37,4.0291713988313935,2.99,3.7
2022-05-12,32.56,0.25,4.046547047418271,2.91,3.7
2022-05-13,31.77,0.28,4.098673993178905,2.84,3.7
2022-05-16,31.77,0.28,4.098673993178905,2.84,3.7
2022-05-17,27.47,0.3,4.2550548304608045,2.88,3.7
2022-05-18,26.1,0.27,4.220303533287049,2.98,3.7
2022-05-19,30.96,0.21,4.289806127634559,2.89,3.7
2022-05-20,29.35,0.21,4.394060019155827,2.84,3.7
2022-05-23,29.35,0.21,4.394060019155827,2.84,3.7
2022-05-24,28.48,0.21,4.324557424808315,2.86,3.7
2022-05-25,29.45,0.26,4.341933073395193,2.76,3.7
2022-05-26,28.37,0.27,4.2550548304608045,2.75,3.7
2022-05-27,27.5,0.29,4.185552236113294,2.75,3.7
2022-05-31,26.54,0.27,4.202927884700171,2.74,3.7
2022-06-01,26.19,0.32,4.063922696005149,2.85,3.7
2022-06-02,25.69,0.28,3.890166210136372,2.94,3.7
2022-06-03,24.72,0.27,3.9249175073101275,2.92,3.7
2022-06-06,24.72,0.27,3.9249175073101275,2.92,3.7
2022-06-07,25.07,0.31,3.890166210136372,3.04,3.6
2022-06-08,24.02,0.23,3.8727905615494937,2.98,3.6
2022-06-09,23.96,0.25,3.8727905615494937,3.03,3.6
2022-06-10,26.09,0.21,3.8727905615494937,3.04,3.6
2022-06-13,26.09,0.21,3.8727905615494937,3.04,3.6
2022-06-14,34.02,0.03,3.7164097242675944,3.43,3.6
2022-06-15,32.69,0.04,3.733785372854472,3.49,3.6
2022-06-16,29.62,0.13,3.9249175073101275,3.33,3.6
2022-06-17,32.95,0.14,3.9770444530707603,3.28,3.6
2022-06-21,31.03,0.08,3.9770444530707603,3.25,3.6
2022-06-22,30.19,0.1,3.9770444530707603,3.31,3.6
2022-06-23,28.95,0.1,4.046547047418271,3.16,3.6
2022-06-24,29.05,0.08,4.098673993178905,3.09,3.6
2022-06-27,29.05,0.08,4.098673993178905,3.09,3.6
2022-06-28,26.95,0.12,4.081298344592026,3.2,3.6
2022-06-29,28.36,0.1,4.13342529035266,3.2,3.6
2022-06-30,28.16,0.04,4.168176587526416,3.1,3.6
2022-07-01,28.71,0.06,4.289806127634559,2.98,3.6
2022-07-05,27.53,0.04,4.4809382620902145,2.88,3.6
2022-07-06,27.54,0.0,4.4635626135033375,2.82,3.6
2022-07-07,26.73,-0.04,4.428811316329582,2.93,3.6
2022-07-08,26.08,-0.02,4.324557424808315,3.01,3.6
2022-07-11,26.08,-0.02,4.324557424808315,3.01,3.6
2022-07-12,26.17,-0.08,4.307181776221437,2.99,3.6
2022-07-13,27.29,-0.07,4.289806127634559,2.96,3.6
2022-07-14,26.82,-0.22,4.307181776221437,2.91,3.6
2022-07-15,26.4,-0.19,4.289806127634559,2.96,3.6
2022-07-18,26.4,-0.19,4.289806127634559,2.96,3.6
2022-07-19,25.3,-0.19,4.237679181873927,2.96,3.6
2022-07-20,24.5,-0.22,4.202927884700171,3.01,3.6
2022-07-21,23.88,-0.21,4.098673993178905,3.04,3.6
2022-07-22,23.11,-0.19,4.150800938939538,2.91,3.6
2022-07-25,23.11,-0.19,4.150800938939538,2.91,3.6
2022-07-26,23.36,-0.19,4.289806127634559,2.81,3.6
2022-07-27,24.69,-0.21,4.2550548304608045,2.81,3.6
2022-07-28,23.24,-0.18,4.2724304790476815,2.78,3.6
2022-07-29,22.33,-0.17,4.4809382620902145,2.68,3.6
2022-08-01,22.33,-0.17,4.4809382620902145,2.68,3.6
2022-08-02,22.84,-0.3,4.411435667742704,2.6,3.6
2022-08-03,23.93,-0.31,4.2550548304608045,2.75,3.6
2022-08-04,21.95,-0.37,4.2550548304608045,2.73,3.6
2022-08-05,21.44,-0.35,4.307181776221437,2.68,3.5
2022-08-08,21.44,-0.35,4.307181776221437,2.68,3.5
2022-08-09,21.29,-0.44,4.202927884700171,2.77,3.5
2022-08-10,21.77,-0.48,4.202927884700171,2.8,3.5
2022-08-11,19.74,-0.45,4.2550548304608045,2.78,3.5
2022-08-12,20.2,-0.36,4.2550548304608045,2.87,3.5
2022-08-15,20.2,-0.36,4.2550548304608045,2.87,3.5
2022-08-16,19.95,-0.41,4.220303533287049,2.79,3.5
2022-08-17,19.69,-0.43,4.220303533287049,2.82,3.5
2022-08-18,19.9,-0.39,4.168176587526416,2.89,3.5
2022-08-19,19.56,-0.34,4.168176587526416,2.88,3.5
2022-08-22,19.56,-0.34,4.168176587526416,2.88,3.5
2022-08-23,23.8,-0.29,4.168176587526416,3.03,3.5
2022-08-24,24.11,-0.24,4.168176587526416,3.05,3.5
2022-08-25,22.82,-0.25,4.150800938939538,3.11,3.5
2022-08-26,21.78,-0.32,4.116049641765782,3.03,3.5
2022-08-29,21.78,-0.32,4.116049641765782,3.03,3.5
2022-08-30,26.21,-0.3,4.081298344592026,3.12,3.5
2022-08-31,26.21,-0.35,4.046547047418271,3.11,3.5
2022-09-01,25.87,-0.3,4.063922696005149,3.15,3.5
2022-09-02,25.56,-0.25,4.13342529035266,3.26,3.5
2022-09-06,25.99,-0.2,4.168176587526416,3.2,3.6
2022-09-07,26.91,-0.17,4.220303533287049,3.33,3.6
2022-09-08,24.64,-0.18,4.168176587526416,3.27,3.6
2022-09-09,23.61,-0.19,4.185552236113294,3.29,3.6
2022-09-12,23.61,-0.19,4.185552236113294,3.29,3.6
2022-09-13,23.87,-0.21,4.098673993178905,3.37,3.6
2022-09-14,27.27,-0.33,4.063922696005149,3.42,3.6
2022-09-15,26.16,-0.37,4.011795750244516,3.41,3.6
2022-09-16,26.27,-0.42,3.959668804483883,3.45,3.6
2022-09-19,26.27,-0.42,3.959668804483883,3.45,3.6
2022-09-20,25.76,-0.46,4.011795750244516,3.49,3.6
2022-09-21,27.16,-0.39,3.9770444530707603,3.57,3.6
2022-09-22,27.99,-0.51,3.959668804483883,3.51,3.6
2022-09-23,27.35,-0.41,3.890166210136372,3.7,3.6
2022-09-26,27.35,-0.41,3.890166210136372,3.7,3.6
2022-09-27,32.26,-0.39,3.7685366700282272,3.88,3.6
2022-09-28,32.6,-0.33,3.890166210136372,3.97,3.6
2022-09-29,30.18,-0.35,4.185552236113294,3.72,3.6
2022-09-30,31.84,-0.4,4.220303533287049,3.76,3.6
2022-10-03,31.84,-0.4,4.220303533287049,3.76,3.6
2022-10-04,30.1,-0.45,4.2550548304608045,3.67,3.6
2022-10-05,29.07,-0.48,4.220303533287049,3.62,3.6
2022-10-06,28.55,-0.39,4.13342529035266,3.76,3.5
2022-10-07,30.52,-0.4,4.0291713988313935,3.83,3.5
2022-10-10,30.52,-0.4,4.0291713988313935,3.83,3.5
2022-10-11,32.45,-0.41,4.046547047418271,3.89,3.5
2022-10-12,33.63,-0.37,4.150800938939538,3.93,3.5
2022-10-13,33.57,-0.37,4.220303533287049,3.91,3.5
2022-10-14,31.94,-0.5,4.237679181873927,3.97,3.5
2022-10-17,31.94,-0.5,4.237679181873927,3.97,3.5
2022-10-18,31.37,-0.43,4.237679181873927,4.02,3.5
2022-10-19,30.5,-0.42,4.237679181873927,4.01,3.5
2022-10-20,30.76,-0.41,4.185552236113294,4.14,3.5
2022-10-21,29.98,-0.38,4.168176587526416,4.24,3.5
2022-10-24,29.98,-0.38,4.168176587526416,4.24,3.5
2022-10-25,29.85,-0.25,4.341933073395193,4.25,3.5
2022-10-26,28.46,-0.32,4.394060019155827,4.1,3.5
2022-10-27,27.28,-0.35,4.324557424808315,4.04,3.5
2022-10-28,27.39,-0.34,4.341933073395193,3.96,3.5
2022-10-31,27.39,-0.34,4.341933073395193,3.96,3.5
2022-11-01,25.88,-0.41,4.237679181873927,4.1,3.5
2022-11-02,25.81,-0.47,4.13342529035266,4.07,3.5
2022-11-03,25.86,-0.51,4.063922696005149,4.1,3.5
2022-11-04,25.3,-0.57,4.081298344592026,4.14,3.5
2022-11-07,25.3,-0.57,4.081298344592026,4.14,3.5
2022-11-08,24.35,-0.5,4.13342529035266,4.22,3.6
2022-11-09,25.54,-0.53,4.150800938939538,4.14,3.6
2022-11-10,26.09,-0.49,4.324557424808315,4.12,3.6
2022-11-11,23.53,-0.52,4.376684370568948,3.82,3.6
2022-11-14,23.53,-0.52,4.376684370568948,3.82,3.6
2022-11-15,23.73,-0.52,4.220303533287049,3.88,3.6
2022-11-16,24.54,-0.57,4.150800938939538,3.8,3.6
2022-11-17,24.11,-0.68,4.168176587526416,3.67,3.6
2022-11-18,23.93,-0.66,4.063922696005149,3.77,3.6
2022-11-21,23.93,-0.66,4.063922696005149,3.77,3.6
2022-11-22,22.36,-0.65,3.890166210136372,3.83,3.6
2022-11-23,21.29,-0.71,3.8727905615494937,3.76,3.6
2022-11-25,20.42,-0.75,3.785912318615105,3.71,3.6
2022-11-28,20.42,-0.75,3.785912318615105,3.71,3.6
2022-11-29,22.21,-0.77,3.8380392643757384,3.69,3.6
2022-11-30,21.89,-0.73,3.8554149129626163,3.75,3.6
2022-12-01,20.58,-0.7,4.011795750244516,3.68,3.6
2022-12-02,19.84,-0.72,3.907541858723249,3.53,3.6
2022-12-05,19.84,-0.72,3.907541858723249,3.53,3.6
2022-12-06,20.75,-0.81,3.733785372854472,3.6,3.6
2022-12-07,22.17,-0.83,3.6990340756807165,3.51,3.6
2022-12-08,22.68,-0.84,3.664282778506961,3.42,3.6
2022-12-09,22.29,-0.83,3.59478018415945,3.48,3.6
2022-12-12,22.29,-0.83,3.59478018415945,3.48,3.6
2022-12-13,25.0,-0.78,3.5426532383988167,3.61,3.6
2022-12-14,22.55,-0.71,3.59478018415945,3.51,3.6
2022-12-15,21.14,-0.74,3.664282778506961,3.49,3.6
2022-12-16,22.83,-0.79,3.6990340756807165,3.44,3.6
2022-12-19,22.83,-0.79,3.6990340756807165,3.44,3.6
2022-12-20,22.42,-0.68,3.7164097242675944,3.57,3.6
2022-12-21,21.48,-0.56,3.733785372854472,3.69,3.6
2022-12-22,20.07,-0.53,3.7685366700282272,3.68,3.6
2022-12-23,21.97,-0.57,3.733785372854472,3.67,3.6
2022-12-27,20.87,-0.56,3.7511610214413498,3.75,3.6
2022-12-28,21.65,-0.48,3.785912318615105,3.84,3.6
2022-12-29,22.14,-0.43,3.7685366700282272,3.88,3.6
2022-12-30,21.44,-0.51,3.7685366700282272,3.83,3.6
2023-01-03,21.67,-0.53,3.733785372854472,3.88,3.6
2023-01-04,22.9,-0.61,3.8032879672019826,3.79,3.6
2023-01-05,22.01,-0.67,3.8727905615494937,3.69,3.5
2023-01-06,22.46,-0.74,3.8032879672019826,3.71,3.5
2023-01-09,22.46,-0.74,3.8032879672019826,3.71,3.5
2023-01-10,21.97,-0.66,3.785912318615105,3.53,3.5
2023-01-11,20.58,-0.63,3.785912318615105,3.61,3.5
2023-01-12,21.09,-0.66,3.733785372854472,3.54,3.5
2023-01-13,18.83,-0.69,3.6990340756807165,3.43,3.5
2023-01-17,19.49,-0.73,3.664282778506961,3.49,3.5
2023-01-18,19.36,-0.65,3.59478018415945,3.53,3.5
2023-01-19,20.34,-0.69,3.6816584270938386,3.37,3.5
2023-01-20,20.52,-0.7,3.733785372854472,3.39,3.5
2023-01-23,20.52,-0.7,3.733785372854472,3.39,3.5
2023-01-24,19.81,-0.69,3.6816584270938386,3.52,3.5
2023-01-25,19.2,-0.66,3.6469071299200833,3.46,3.5
2023-01-26,19.08,-0.65,3.6816584270938386,3.46,3.5
2023-01-27,18.73,-0.68,3.59478018415945,3.49,3.5
2023-01-30,18.73,-0.68,3.59478018415945,3.49,3.5
2023-01-31,19.94,-0.7,3.5252775898119393,3.55,3.5
2023-02-01,19.4,-0.69,3.577404535572572,3.52,3.5
2023-02-02,17.87,-0.7,3.59478018415945,3.39,3.5
2023-02-03,18.73,-0.69,3.5426532383988167,3.4,3.5
2023-02-06,18.73,-0.69,3.5426532383988167,3.4,3.5
2023-02-07,19.43,-0.81,3.3515211039431616,3.63,3.5
2023-02-08,18.66,-0.8,3.368896752530039,3.67,3.5
2023-02-09,19.63,-0.82,3.455774995464428,3.63,3.5
2023-02-10,20.71,-0.81,3.473150644051306,3.67,3.5
2023-02-13,20.71,-0.81,3.473150644051306,3.67,3.5
2023-02-14,20.34,-0.8,3.473150644051306,3.72,3.5
2023-02-15,18.91,-0.83,3.4210236982906728,3.77,3.5
2023-02-16,18.23,-0.81,3.4383993468775502,3.81,3.5
2023-02-17,20.17,-0.76,3.473150644051306,3.86,3.5
2023-02-21,21.23,-0.78,3.560028886985694,3.82,3.5
2023-02-22,22.87,-0.72,3.5252775898119393,3.95,3.5
2023-02-23,22.29,-0.73,3.4905262926381835,3.93,3.5
2023-02-24,21.14,-0.78,3.5079019412250614,3.88,3.5
2023-02-27,21.14,-0.78,3.5079019412250614,3.88,3.5
2023-02-28,20.95,-0.86,3.5252775898119393,3.92,3.5
2023-03-01,20.7,-0.89,3.577404535572572,3.92,3.5
2023-03-02,20.58,-0.88,3.473150644051306,4.01,3.5
2023-03-03,19.59,-0.81,3.4383993468775502,4.08,3.5
2023-03-06,19.59,-0.81,3.4383993468775502,4.08,3.5
2023-03-07,18.61,-0.91,3.386272401116917,3.98,3.5
2023-03-08,19.59,-1.03,3.386272401116917,3.97,3.6
2023-03-09,19.11,-1.07,3.386272401116917,3.98,3.6
2023-03-10,22.61,-0.97,3.4905262926381835,3.93,3.6
2023-03-13,22.61,-0.97,3.4905262926381835,3.93,3.6
2023-03-14,26.52,-0.48,3.9944201016576386,3.55,3.6
2023-03-15,23.73,-0.56,3.942293155897005,3.64,3.6
2023-03-16,26.14,-0.42,4.13342529035266,3.51,3.6
2023-03-17,22.99,-0.58,4.0291713988313935,3.56,3.6
2023-03-20,22.99,-0.58,4.0291713988313935,3.56,3.6
2023-03-21,24.15,-0.45,4.081298344592026,3.47,3.6
2023-03-22,21.38,-0.58,3.942293155897005,3.59,3.6
2023-03-23,22.26,-0.48,4.0291713988313935,3.48,3.6
2023-03-24,22.61,-0.38,4.202927884700171,3.38,3.6
2023-03-27,22.61,-0.38,4.202927884700171,3.38,3.6
2023-03-28,20.6,-0.41,4.081298344592026,3.53,3.6
2023-03-29,19.97,-0.47,4.081298344592026,3.55,3.6
2023-03-30,19.12,-0.51,4.011795750244516,3.57,3.6
2023-03-31,19.02,-0.55,3.942293155897005,3.55,3.6
2023-04-03,19.02,-0.55,3.942293155897005,3.55,3.6
2023-04-04,18.55,-0.54,3.942293155897005,3.43,3.6
2023-04-05,19.0,-0.49,3.9249175073101275,3.35,3.5
2023-04-06,19.08,-0.49,3.9944201016576386,3.3,3.5
2023-04-10,19.08,-0.49,3.9944201016576386,3.3,3.5
2023-04-11,18.97,-0.59,3.907541858723249,3.41,3.5
2023-04-12,19.1,-0.6,3.8380392643757384,3.43,3.5
2023-04-13,19.09,-0.54,3.890166210136372,3.41,3.5
2023-04-14,17.8,-0.51,3.8727905615494937,3.45,3.5
2023-04-17,17.8,-0.51,3.8727905615494937,3.45,3.5
2023-04-18,16.95,-0.58,3.785912318615105,3.6,3.5
2023-04-19,16.83,-0.61,3.7685366700282272,3.58,3.5
2023-04-20,16.46,-0.64,3.7685366700282272,3.6,3.5
2023-04-21,17.17,-0.6,3.8380392643757384,3.54,3.5
2023-04-24,17.17,-0.6,3.8380392643757384,3.54,3.5
2023-04-25,16.89,-0.6,3.820663615788861,3.52,3.5
2023-04-26,18.76,-0.46,3.907541858723249,3.4,3.5
2023-04-27,18.84,-0.47,3.942293155897005,3.43,3.5
2023-04-28,17.03,-0.54,3.8727905615494937,3.53,3.5
2023-05-01,17.03,-0.54,3.8727905615494937,3.53,3.5
2023-05-02,16.08,-0.55,3.8554149129626163,3.59,3.5
2023-05-03,17.78,-0.53,4.0291713988313935,3.44,3.5
2023-05-04,18.34,-0.51,4.098673993178905,3.38,3.5
2023-05-05,20.09,-0.38,4.168176587526416,3.37,3.5
2023-05-08,20.09,-0.38,4.168176587526416,3.37,3.5
2023-05-09,16.98,-0.48,4.098673993178905,3.52,3.4
2023-05-10,17.71,-0.48,4.116049641765782,3.53,3.4
2023-05-11,16.94,-0.47,4.202927884700171,3.43,3.4
2023-05-12,16.93,-0.5,4.185552236113294,3.39,3.4
2023-05-15,16.93,-0.5,4.185552236113294,3.39,3.4
2023-05-16,17.12,-0.49,4.220303533287049,3.5,3.4
2023-05-17,17.99,-0.52,4.237679181873927,3.54,3.4
2023-05-18,16.87,-0.55,4.202927884700171,3.57,3.4
2023-05-19,16.05,-0.59,4.098673993178905,3.65,3.4
2023-05-22,16.05,-0.59,4.098673993178905,3.65,3.4
2023-05-23,17.21,-0.57,4.081298344592026,3.72,3.4
2023-05-24,18.53,-0.56,4.081298344592026,3.7,3.4
2023-05-25,20.03,-0.58,4.063922696005149,3.73,3.4
2023-05-26,19.14,-0.67,3.9249175073101275,3.83,3.4
2023-05-30,17.46,-0.74,3.9249175073101275,3.8,3.4
2023-05-31,17.46,-0.77,3.9944201016576386,3.69,3.4
2023-06-01,17.94,-0.76,4.0291713988313935,3.64,3.4
2023-06-02,15.65,-0.72,4.011795750244516,3.61,3.4
2023-06-05,14.6,-0.81,3.942293155897005,3.69,3.6
2023-06-06,14.73,-0.77,3.9249175073101275,3.69,3.6
2023-06-07,13.96,-0.81,3.890166210136372,3.7,3.6
2023-06-08,13.94,-0.77,3.8554149129626163,3.79,3.6
2023-06-09,13.65,-0.79,3.8727905615494937,3.73,3.6
2023-06-12,13.65,-0.79,3.8727905615494937,3.73,3.6
2023-06-13,15.01,-0.82,3.9249175073101275,3.73,3.6
2023-06-14,14.61,-0.83,3.7511610214413498,3.84,3.6
2023-06-15,13.88,-0.91,3.6469071299200833,3.83,3.6
2023-06-16,14.5,-0.9,3.785912318615105,3.72,3.6
2023-06-20,14.19,-0.93,3.6816584270938386,3.77,3.6
2023-06-21,13.88,-0.94,3.664282778506961,3.74,3.6
2023-06-22,13.2,-0.96,3.6816584270938386,3.72,3.6
2023-06-23,12.91,-0.97,3.6469071299200833,3.8,3.6
2023-06-26,12.91,-0.97,3.6469071299200833,3.8,3.6
2023-06-27,14.25,-0.93,3.7164097242675944,3.72,3.6
2023-06-28,13.74,-0.97,3.6469071299200833,3.77,3.6
2023-06-29,13.43,-1.0,3.6816584270938386,3.71,3.6
2023-06-30,13.54,-1.02,3.6121558327463275,3.85,3.6
2023-07-03,13.54,-1.02,3.6121558327463275,3.85,3.6
2023-07-05,13.7,-1.08,3.4905262926381835,3.86,3.6
2023-07-06,14.18,-0.99,3.455774995464428,3.95,3.6
2023-07-07,15.44,-0.94,3.403648049703795,4.05,3.6
2023-07-10,15.44,-0.94,3.403648049703795,4.05,3.6
2023-07-11,15.07,-0.84,3.5079019412250614,4.01,3.6
2023-07-12,14.84,-0.89,3.473150644051306,3.99,3.6
2023-07-13,13.54,-0.86,3.5426532383988167,3.86,3.6
2023-07-14,13.61,-0.83,3.59478018415945,3.76,3.6
2023-07-17,13.61,-0.83,3.59478018415945,3.76,3.6
2023-07-18,13.48,-0.93,3.577404535572572,3.81,3.6
2023-07-19,13.3,-0.94,3.560028886985694,3.8,3.6
2023-07-20,13.76,-0.99,3.5252775898119393,3.75,3.6
2023-07-21,13.99,-0.95,3.4905262926381835,3.85,3.6
2023-07-24,13.99,-0.95,3.4905262926381835,3.85,3.6
2023-07-25,13.91,-0.95,3.473150644051306,3.86,3.6
2023-07-26,13.86,-0.94,3.4210236982906728,3.91,3.6
2023-07-27,13.19,-0.96,3.455774995464428,3.86,3.6
2023-07-28,14.41,-0.9,3.368896752530039,4.01,3.6
2023-07-31,14.41,-0.9,3.368896752530039,4.01,3.6
2023-08-01,13.63,-0.91,3.3515211039431616,3.97,3.6
2023-08-02,13.93,-0.87,3.3515211039431616,4.05,3.6
2023-08-03,16.09,-0.8,3.4383993468775502,4.08,3.6
2023-08-04,15.92,-0.7,3.473150644051306,4.2,3.6
2023-08-07,15.92,-0.7,3.473150644051306,4.2,3.6
2023-08-08,15.77,-0.67,3.577404535572572,4.09,3.5
2023-08-09,15.99,-0.72,3.6295314813332054,4.02,3.5
2023-08-10,15.96,-0.79,3.6121558327463275,4.0,3.5
2023-08-11,15.85,-0.73,3.560028886985694,4.09,3.5
2023-08-14,15.85,-0.73,3.560028886985694,4.09,3.5
2023-08-15,14.82,-0.77,3.473150644051306,4.19,3.5
2023-08-16,16.46,-0.71,3.5079019412250614,4.21,3.5
2023-08-17,16.78,-0.69,3.473150644051306,4.28,3.5
2023-08-18,17.89,-0.64,3.5252775898119393,4.3,3.5
2023-08-21,17.89,-0.64,3.5252775898119393,4.3,3.5
2023-08-22,17.13,-0.63,3.5426532383988167,4.34,3.5
2023-08-23,16.97,-0.68,3.4383993468775502,4.34,3.5
2023-08-24,15.98,-0.76,3.455774995464428,4.19,3.5
2023-08-25,17.2,-0.75,3.403648049703795,4.23,3.5
2023-08-28,17.2,-0.75,3.403648049703795,4.23,3.5
2023-08-29,15.08,-0.78,3.4383993468775502,4.2,3.5
2023-08-30,14.45,-0.75,3.473150644051306,4.12,3.5
2023-08-31,13.88,-0.78,3.4383993468775502,4.12,3.5
2023-09-01,13.57,-0.76,3.455774995464428,4.09,3.5
2023-09-05,13.82,-0.69,3.81,4.18,3.7
2023-09-06,14.01,-0.67,3.83,4.27,3.7
2023-09-07,14.45,-0.71,3.86,4.3,3.7
2023-09-08,14.4,-0.67,3.9,4.27,3.7
2023-09-11,14.4,-0.67,3.9,4.27,3.7
2023-09-12,13.8,-0.68,3.82,4.29,3.7
2023-09-13,14.23,-0.71,3.84,4.27,3.7
2023-09-14,13.48,-0.71,3.85,4.25,3.7
2023-09-15,12.82,-0.71,3.78,4.29,3.7
2023-09-18,12.82,-0.71,3.78,4.29,3.7
2023-09-19,14.0,-0.73,3.82,4.32,3.7
2023-09-20,14.11,-0.71,3.82,4.37,3.7
2023-09-21,15.14,-0.77,3.77,4.35,3.7
2023-09-22,17.54,-0.63,3.89,4.49,3.7
2023-09-25,17.54,-0.63,3.89,4.49,3.7
2023-09-26,16.9,-0.54,3.97,4.55,3.7
2023-09-27,18.94,-0.48,4.04,4.56,3.7
2023-09-28,18.22,-0.49,4.03,4.61,3.7
2023-09-29,17.34,-0.45,4.09,4.59,3.7
2023-10-02,17.34,-0.45,4.09,4.59,3.7
2023-10-03,17.61,-0.43,4.11,4.69,3.7
2023-10-04,19.78,-0.34,4.26,4.81,3.7
2023-10-05,18.58,-0.32,4.37,4.73,3.7
2023-10-06,18.49,-0.31,4.38,4.72,3.7
2023-10-09,18.49,-0.31,4.38,4.72,3.7
2023-10-10,17.7,-0.3,4.34,4.78,3.7
2023-10-11,17.03,-0.3,4.26,4.66,3.7
2023-10-12,16.09,-0.41,4.25,4.58,3.7
2023-10-13,16.69,-0.36,4.25,4.7,3.7
2023-10-16,16.69,-0.36,4.25,4.7,3.7
2023-10-17,17.21,-0.38,4.27,4.71,3.7
2023-10-18,17.88,-0.36,4.25,4.83,3.7
2023-10-19,19.22,-0.28,4.32,4.91,3.7
2023-10-20,21.4,-0.16,4.37,4.98,3.7
2023-10-23,21.4,-0.16,4.37,4.98,3.7
2023-10-24,20.37,-0.19,4.51,4.86,3.7
2023-10-25,18.97,-0.19,4.41,4.83,3.7
2023-10-26,20.19,-0.13,4.37,4.95,3.7
2023-10-27,20.68,-0.16,4.5,4.86,3.7
2023-10-30,20.68,-0.16,4.5,4.86,3.7
2023-10-31,19.75,-0.15,4.5,4.88,3.7
2023-11-01,18.14,-0.19,4.42,4.88,3.7
2023-11-02,16.87,-0.18,4.47,4.77,3.7
2023-11-03,15.66,-0.31,4.15,4.67,3.7
2023-11-06,15.66,-0.31,4.15,4.67,3.7
2023-11-07,14.89,-0.26,4.0,4.67,3.9
2023-11-08,14.81,-0.33,4.08,4.58,3.9
2023-11-09,14.45,-0.44,4.08,4.49,3.9
2023-11-10,15.29,-0.41,4.04,4.62,3.9
2023-11-13,15.29,-0.41,4.04,4.62,3.9
2023-11-14,14.76,-0.39,4.03,4.63,3.9
2023-11-15,14.16,-0.36,3.92,4.44,3.9
2023-11-16,14.18,-0.37,3.89,4.53,3.9
2023-11-17,14.32,-0.38,4.02,4.45,3.9
2023-11-20,14.32,-0.38,4.02,4.45,3.9
2023-11-21,13.41,-0.47,3.92,4.42,3.9
2023-11-22,13.35,-0.45,3.95,4.41,3.9
2023-11-24,12.8,-0.47,3.9,4.42,3.9
2023-11-27,12.8,-0.47,3.9,4.42,3.9
2023-11-28,12.69,-0.45,3.89,4.39,3.9
2023-11-29,12.69,-0.39,3.9,4.34,3.9
2023-11-30,12.98,-0.37,3.8,4.27,3.9
2023-12-01,12.92,-0.36,3.84,4.37,3.9
2023-12-04,12.92,-0.36,3.84,4.37,3.9
2023-12-05,13.08,-0.36,3.8,4.28,3.9
2023-12-06,12.85,-0.39,3.8,4.18,3.7
2023-12-07,12.97,-0.48,3.79,4.12,3.7
2023-12-08,13.06,-0.44,3.77,4.14,3.7
2023-12-11,13.06,-0.44,3.77,4.14,3.7
2023-12-12,12.63,-0.48,3.79,4.23,3.7
2023-12-13,12.07,-0.53,3.76,4.2,3.7
2023-12-14,12.19,-0.42,3.79,4.04,3.7
2023-12-15,12.48,-0.45,3.47,3.92,3.7
2023-12-18,12.48,-0.45,3.47,3.92,3.7
2023-12-19,12.56,-0.48,3.51,3.95,3.7
2023-12-20,12.53,-0.48,3.46,3.93,3.7
2023-12-21,13.67,-0.48,3.43,3.86,3.7
2023-12-22,13.65,-0.44,3.41,3.89,3.7
2023-12-26,13.03,-0.41,3.39,3.9,3.7
2023-12-27,12.99,-0.37,3.37,3.89,3.7
2023-12-28,12.43,-0.41,3.34,3.79,3.7
2023-12-29,12.47,-0.42,3.32,3.84,3.7
2024-01-02,12.45,-0.35,3.39,3.88,3.7
2024-01-03,13.2,-0.38,3.54,3.95,3.7
2024-01-04,14.04,-0.42,3.71,3.91,3.7
2024-01-05,14.13,-0.39,3.69,3.99,3.8
2024-01-08,14.13,-0.39,3.69,3.99,3.8
2024-01-09,13.08,-0.35,3.63,4.01,3.8
2024-01-10,12.76,-0.34,3.59,4.02,3.8
2024-01-11,12.69,-0.33,3.5,4.04,3.8
2024-01-12,12.44,-0.28,3.55,3.98,3.8
2024-01-16,13.25,-0.18,3.54,3.96,3.8
2024-01-17,13.84,-0.15,3.58,4.07,3.8
2024-01-18,14.79,-0.24,3.62,4.1,3.8
2024-01-19,14.13,-0.2,3.58,4.14,3.8
2024-01-22,14.13,-0.2,3.58,4.14,3.8
2024-01-23,13.19,-0.26,3.49,4.11,3.8
2024-01-24,12.55,-0.17,3.51,4.14,3.8
2024-01-25,13.14,-0.16,3.44,4.18,3.8
2024-01-26,13.45,-0.14,3.45,4.14,3.8
2024-01-29,13.45,-0.14,3.45,4.14,3.8
2024-01-30,13.6,-0.21,3.41,4.08,3.8
2024-01-31,13.31,-0.3,3.42,4.06,3.8
2024-02-01,14.35,-0.28,3.59,3.99,3.8
2024-02-02,13.88,-0.33,3.56,3.87,3.8
2024-02-05,13.85,-0.33,3.47,4.03,3.7
2024-02-06,13.67,-0.29,3.5,4.17,3.7
2024-02-07,13.06,-0.3,3.52,4.09,3.7
2024-02-08,12.83,-0.32,3.43,4.09,3.7
2024-02-09,12.79,-0.31,3.38,4.15,3.7
2024-02-12,12.79,-0.31,3.38,4.15,3.7
2024-02-13,13.93,-0.29,3.35,4.17,3.7
2024-02-14,15.85,-0.33,3.36,4.31,3.7
2024-02-15,14.38,-0.29,3.38,4.27,3.7
2024-02-16,14.01,-0.32,3.35,4.24,3.7
2024-02-20,14.71,-0.34,3.34,4.3,3.7
2024-02-21,15.42,-0.32,3.37,4.27,3.7
2024-02-22,15.34,-0.32,3.34,4.32,3.7
2024-02-23,14.54,-0.36,3.22,4.33,3.7
2024-02-26,14.54,-0.36,3.22,4.33,3.7
2024-02-27,13.74,-0.41,3.23,4.28,3.7
2024-02-28,13.43,-0.39,3.26,4.31,3.7
2024-02-29,13.84,-0.37,3.31,4.27,3.7
2024-03-01,13.4,-0.39,3.29,4.25,3.7
2024-03-04,13.4,-0.39,3.29,4.25,3.7
2024-03-05,13.49,-0.39,3.26,4.22,3.7
2024-03-06,14.46,-0.41,3.31,4.13,3.7
2024-03-07,14.5,-0.44,3.27,4.11,3.9
2024-03-08,14.44,-0.41,3.27,4.09,3.9
2024-03-11,14.44,-0.41,3.27,4.09,3.9
2024-03-12,15.22,-0.41,3.26,4.1,3.9
2024-03-13,13.84,-0.42,3.2,4.16,3.9
2024-03-14,13.75,-0.42,3.15,4.19,3.9
2024-03-15,14.4,-0.39,3.15,4.29,3.9
2024-03-18,14.4,-0.39,3.15,4.29,3.9
2024-03-19,14.33,-0.39,3.13,4.34,3.9
2024-03-20,13.82,-0.38,3.1,4.3,3.9
2024-03-21,13.04,-0.32,3.14,4.27,3.9
2024-03-22,12.92,-0.35,3.05,4.27,3.9
2024-03-25,12.92,-0.35,3.05,4.27,3.9
2024-03-26,13.19,-0.29,3.11,4.25,3.9
2024-03-27,13.24,-0.32,3.15,4.24,3.9
2024-03-28,12.78,-0.34,3.15,4.2,3.9
2024-04-01,13.01,-0.39,3.15,4.2,3.9
2024-04-02,13.65,-0.39,3.12,4.33,3.9
2024-04-03,14.61,-0.34,3.23,4.36,3.9
2024-04-04,14.33,-0.32,3.23,4.36,3.9
2024-04-05,16.35,-0.34,3.24,4.31,3.9
2024-04-08,16.35,-0.34,3.24,4.31,3.9
2024-04-09,15.19,-0.36,3.15,4.42,3.9
2024-04-10,14.98,-0.38,3.14,4.36,3.9
2024-04-11,15.8,-0.42,3.1,4.55,3.9
2024-04-12,14.91,-0.37,3.16,4.56,3.9
2024-04-15,14.91,-0.37,3.16,4.56,3.9
2024-04-16,19.23,-0.3,3.28,4.63,3.9
2024-04-17,18.4,-0.3,3.36,4.67,3.9
2024-04-18,18.21,-0.34,3.42,4.59,3.9
2024-04-19,18.0,-0.34,3.39,4.64,3.9
2024-04-22,18.0,-0.34,3.39,4.64,3.9
2024-04-23,16.94,-0.35,3.29,4.62,3.9
2024-04-24,15.69,-0.25,3.2,4.61,3.9
2024-04-25,15.97,-0.24,3.19,4.65,3.9
2024-04-26,15.37,-0.26,3.24,4.7,3.9
2024-04-29,15.37,-0.26,3.24,4.7,3.9
2024-04-30,14.67,-0.34,3.12,4.63,3.9
2024-05-01,15.65,-0.35,3.18,4.69,3.9
2024-05-02,15.39,-0.33,3.21,4.63,3.9
2024-05-03,14.68,-0.29,3.16,4.58,3.9
2024-05-06,13.49,-0.31,3.08,4.5,3.9
2024-05-07,13.49,-0.33,3.03,4.49,3.9
2024-05-08,13.23,-0.35,3.06,4.47,3.9
2024-05-09,13.0,-0.36,3.1,4.48,3.9
2024-05-10,12.69,-0.35,3.14,4.45,3.9
2024-05-13,12.69,-0.35,3.14,4.45,3.9
2024-05-14,13.6,-0.37,3.14,4.48,3.9
2024-05-15,13.42,-0.36,3.14,4.45,3.9
2024-05-16,12.45,-0.37,3.13,4.36,3.9
2024-05-17,12.42,-0.4,3.08,4.38,3.9
2024-05-20,12.42,-0.4,3.08,4.38,3.9
2024-05-21,12.15,-0.38,3.07,4.44,3.9
2024-05-22,11.86,-0.41,3.07,4.41,3.9
2024-05-23,12.29,-0.43,3.11,4.43,3.9
2024-05-24,12.77,-0.44,3.1,4.47,3.9
2024-05-28,12.36,-0.47,3.12,4.46,3.9
2024-05-29,12.92,-0.4,3.09,4.54,3.9
2024-05-30,14.28,-0.35,3.15,4.61,3.9
2024-05-31,14.47,-0.37,3.19,4.55,3.9
2024-06-03,14.47,-0.37,3.19,4.55,3.9
2024-06-04,13.11,-0.41,3.17,4.41,3.9
2024-06-05,13.16,-0.44,3.22,4.33,3.9
2024-06-06,12.63,-0.43,3.2,4.29,3.9
2024-06-07,12.58,-0.44,3.2,4.28,3.9
2024-06-10,12.58,-0.44,3.2,4.28,3.9
2024-06-11,12.74,-0.4,3.15,4.47,3.9
2024-06-12,12.85,-0.42,3.19,4.39,3.9
2024-06-13,12.04,-0.44,3.09,4.31,3.9
2024-06-14,11.94,-0.44,3.2,4.24,3.9
2024-06-17,11.94,-0.44,3.2,4.24,3.9
2024-06-18,12.75,-0.47,3.26,4.28,3.9
2024-06-20,12.48,-0.47,3.24,4.22,3.9
2024-06-21,13.28,-0.45,3.23,4.25,3.9
2024-06-24,13.28,-0.45,3.23,4.25,3.9
2024-06-25,13.33,-0.46,3.19,4.25,3.9
2024-06-26,12.84,-0.42,3.19,4.23,3.9
2024-06-27,12.55,-0.39,3.18,4.32,3.9
2024-06-28,12.24,-0.41,3.21,4.29,3.9
2024-07-01,12.44,-0.35,3.21,4.36,3.9
2024-07-02,12.22,-0.29,3.21,4.48,3.9
2024-07-03,12.03,-0.31,3.23,4.43,3.9
2024-07-05,12.26,-0.35,3.25,4.36,3.9
2024-07-08,12.26,-0.35,3.25,4.36,3.9
2024-07-09,12.37,-0.34,3.2,4.28,4.1
2024-07-10,12.51,-0.32,3.21,4.3,4.1
2024-07-11,12.85,-0.34,3.17,4.28,4.1
2024-07-12,12.92,-0.3,3.18,4.2,4.1
2024-07-15,12.92,-0.3,3.18,4.2,4.1
2024-07-16,13.12,-0.21,3.13,4.23,4.1
2024-07-17,13.19,-0.26,3.08,4.17,4.1
2024-07-18,14.48,-0.26,3.09,4.16,4.1
2024-07-19,15.93,-0.26,3.09,4.2,4.1
2024-07-22,15.93,-0.26,3.09,4.2,4.1
2024-07-23,14.91,-0.24,3.05,4.26,4.1
2024-07-24,14.72,-0.15,3.02,4.25,4.1
2024-07-25,18.04,-0.09,3.1,4.28,4.1
2024-07-26,18.46,-0.14,3.08,4.27,4.1
2024-07-29,18.46,-0.14,3.08,4.27,4.1
2024-07-30,16.6,-0.19,3.13,4.17,4.1
2024-07-31,17.69,-0.2,3.2,4.15,4.1
2024-08-01,16.36,-0.2,3.25,4.09,4.1
2024-08-02,18.59,-0.17,3.35,3.99,4.1
2024-08-05,23.39,-0.08,3.72,3.8,4.2
2024-08-06,38.57,-0.11,3.93,3.78,4.2
2024-08-07,27.71,-0.09,3.67,3.9,4.2
2024-08-08,27.85,-0.04,3.57,3.96,4.2
2024-08-09,23.79,-0.05,3.48,3.99,4.2
2024-08-12,23.79,-0.05,3.48,3.99,4.2
2024-08-13,20.71,-0.11,3.52,3.9,4.2
2024-08-14,18.12,-0.08,3.54,3.85,4.2
2024-08-15,16.19,-0.11,3.46,3.83,4.2
2024-08-16,15.23,-0.16,3.31,3.92,4.2
2024-08-19,15.23,-0.16,3.31,3.92,4.2
2024-08-20,14.65,-0.2,3.21,3.86,4.2
2024-08-21,15.88,-0.17,3.25,3.82,4.2
2024-08-22,16.27,-0.13,3.27,3.79,4.2
2024-08-23,17.55,-0.13,3.21,3.86,4.2
2024-08-26,17.55,-0.13,3.21,3.86,4.2
2024-08-27,16.15,-0.09,3.15,3.82,4.2
2024-08-28,15.43,0.0,3.17,3.83,4.2
2024-08-29,17.11,0.01,3.19,3.84,4.2
2024-08-30,15.65,0.0,3.15,3.87,4.2
2024-09-03,15.55,0.0,3.17,3.91,4.2
2024-09-04,20.72,-0.04,3.31,3.84,4.2
2024-09-05,21.32,0.01,3.35,3.77,4.2
2024-09-06,19.9,-0.02,3.29,3.73,4.2
2024-09-09,19.9,-0.02,3.29,3.73,4.2
2024-09-10,19.45,0.02,3.36,3.7,4.2
2024-09-11,19.08,0.06,3.46,3.65,4.2
2024-09-12,17.69,0.03,3.44,3.65,4.2
2024-09-13,17.07,0.04,3.39,3.68,4.2
2024-09-16,17.07,0.04,3.39,3.68,4.2
2024-09-17,17.14,0.07,3.32,3.63,4.2
2024-09-18,17.61,0.06,3.25,3.65,4.2
2024-09-19,18.23,0.09,3.21,3.7,4.2
2024-09-20,16.33,0.14,3.1,3.73,4.2
2024-09-23,16.33,0.14,3.1,3.73,4.2
2024-09-24,15.89,0.18,3.15,3.75,4.2
2024-09-25,15.39,0.25,3.21,3.74,4.2
2024-09-26,15.41,0.26,3.19,3.79,4.2
2024-09-27,15.37,0.19,3.14,3.79,4.2
2024-09-30,15.37,0.19,3.14,3.79,4.2
2024-10-01,16.73,0.15,3.03,3.81,4.2
2024-10-02,19.26,0.13,3.07,3.74,4.2
2024-10-03,18.9,0.16,3.06,3.79,4.2
2024-10-04,20.49,0.15,3.04,3.85,4.2
2024-10-07,20.49,0.15,3.04,3.85,4.2
2024-10-08,22.64,0.04,2.95,4.03,4.1
2024-10-09,21.42,0.06,2.99,4.04,4.1
2024-10-10,20.86,0.07,2.94,4.06,4.1
2024-10-11,20.93,0.11,2.99,4.09,4.1
2024-10-14,20.93,0.11,2.99,4.09,4.1
2024-10-15,19.7,0.13,2.97,4.08,4.1
2024-10-16,20.64,0.08,2.93,4.03,4.1
2024-10-17,19.58,0.09,2.9,4.02,4.1
2024-10-18,19.11,0.13,2.89,4.09,4.1
2024-10-21,19.11,0.13,2.89,4.09,4.1
2024-10-22,18.37,0.17,2.88,4.19,4.1
2024-10-23,18.2,0.17,2.92,4.2,4.1
2024-10-24,19.24,0.17,2.95,4.24,4.1
2024-10-25,19.08,0.14,2.93,4.21,4.1
2024-10-28,19.08,0.14,2.93,4.21,4.1
2024-10-29,19.8,0.16,2.82,4.28,4.1
2024-10-30,19.34,0.17,2.85,4.28,4.1
2024-10-31,20.35,0.14,2.8,4.29,4.1
2024-11-01,23.16,0.12,2.88,4.28,4.1
2024-11-04,23.16,0.12,2.88,4.28,4.1
2024-11-05,21.98,0.14,2.87,4.31,4.1
2024-11-06,20.49,0.07,2.86,4.26,4.1
2024-11-07,16.27,0.15,2.74,4.42,4.1
2024-11-08,15.2,0.1,2.73,4.31,4.1
2024-11-11,15.2,0.1,2.73,4.31,4.1
2024-11-12,14.97,0.04,2.63,4.3,4.1
2024-11-13,14.71,0.09,2.61,4.43,4.1
2024-11-14,14.02,0.17,2.64,4.44,4.1
2024-11-15,14.31,0.09,2.6,4.43,4.1
2024-11-18,14.31,0.09,2.6,4.43,4.1
2024-11-19,15.58,0.13,2.72,4.42,4.1
2024-11-20,16.35,0.12,2.69,4.39,4.1
2024-11-21,17.16,0.1,2.67,4.41,4.1
2024-11-22,16.87,0.09,2.61,4.43,4.1
2024-11-25,16.87,0.09,2.61,4.43,4.1
2024-11-26,14.6,0.06,2.64,4.27,4.1
2024-11-27,14.1,0.09,2.68,4.3,4.1
2024-11-29,13.9,0.06,2.69,4.25,4.1
2024-12-02,13.9,0.06,2.69,4.25,4.1
2024-12-03,13.34,0.02,2.68,4.19,4.1
2024-12-04,13.3,0.06,2.66,4.23,4.1
2024-12-05,13.45,0.06,2.66,4.19,4.1
2024-12-06,13.54,0.02,2.66,4.17,4.2
2024-12-09,13.54,0.02,2.66,4.17,4.2
2024-12-10,14.19,0.07,2.67,4.2,4.2
2024-12-11,14.18,0.07,2.67,4.22,4.2
2024-12-12,13.58,0.11,2.64,4.26,4.2
2024-12-13,13.92,0.14,2.66,4.32,4.2
2024-12-16,13.92,0.14,2.66,4.32,4.2
2024-12-17,14.69,0.14,2.69,4.39,4.2
2024-12-18,15.87,0.15,2.75,4.4,4.2
2024-12-19,27.62,0.15,2.73,4.5,4.2
2024-12-20,24.09,0.25,2.91,4.57,4.2
2024-12-23,24.09,0.25,2.91,4.57,4.2
2024-12-24,16.78,0.29,2.85,4.59,4.2
2024-12-26,14.27,0.3,2.86,4.59,4.2
2024-12-27,14.73,0.28,2.86,4.58,4.2
2024-12-30,14.73,0.28,2.86,4.58,4.2
2024-12-31,17.4,0.31,2.94,4.55,4.2
2025-01-02,17.35,0.33,2.92,4.58,4.2
2025-01-03,17.93,0.32,2.88,4.57,4.2
2025-01-06,17.93,0.32,2.88,4.57,4.2
2025-01-07,16.04,0.34,2.76,4.62,4.1
2025-01-08,17.82,0.37,2.79,4.67,4.1
2025-01-09,17.7,0.39,2.84,4.67,4.1
2025-01-10,18.07,0.41,2.82,4.68,4.1
2025-01-13,18.07,0.41,2.82,4.68,4.1
2025-01-14,19.19,0.39,2.85,4.79,4.1
2025-01-15,18.71,0.41,2.8,4.78,4.1
2025-01-16,16.12,0.39,2.72,4.66,4.1
2025-01-17,16.6,0.38,2.73,4.61,4.1
2025-01-21,15.81,0.34,2.64,4.61,4.1
2025-01-22,15.06,0.28,2.61,4.57,4.1
2025-01-23,15.1,0.31,2.59,4.6,4.1
2025-01-24,15.02,0.36,2.61,4.65,4.1
2025-01-27,15.02,0.36,2.61,4.65,4.1
2025-01-28,17.9,0.36,2.66,4.53,4.1
2025-01-29,16.41,0.36,2.66,4.55,4.1
2025-01-30,16.56,0.34,2.68,4.55,4.1
2025-01-31,15.84,0.34,2.67,4.52,4.1
2025-02-03,15.84,0.34,2.67,4.52,4.1
2025-02-04,18.62,0.28,2.73,4.54,4.1
2025-02-05,17.21,0.31,2.71,4.52,4.0
2025-02-06,15.77,0.26,2.69,4.43,4.0
2025-02-07,15.5,0.24,2.66,4.45,4.0
2025-02-10,15.5,0.24,2.66,4.45,4.0
2025-02-11,15.81,0.23,2.66,4.51,4.0
2025-02-12,16.02,0.25,2.66,4.54,4.0
2025-02-13,15.89,0.26,2.65,4.62,4.0
2025-02-14,15.1,0.21,2.65,4.52,4.0
2025-02-18,15.37,0.21,2.62,4.47,4.0
2025-02-19,15.35,0.26,2.62,4.55,4.0
2025-02-20,15.27,0.25,2.68,4.53,4.0
2025-02-21,15.66,0.22,2.66,4.5,4.0
2025-02-24,15.66,0.22,2.66,4.5,4.0
2025-02-25,18.98,0.27,2.78,4.4,4.0
2025-02-26,19.43,0.23,2.84,4.3,4.0
2025-02-27,19.1,0.2,2.81,4.25,4.0
2025-02-28,21.13,0.22,2.81,4.29,4.0
2025-03-03,21.13,0.22,2.81,4.29,4.0
2025-03-04,22.78,0.2,2.94,4.16,4.0
2025-03-05,23.51,0.26,2.99,4.22,4.0
2025-03-06,21.93,0.29,2.88,4.28,4.0
2025-03-07,24.87,0.33,2.99,4.29,4.0
2025-03-10,24.87,0.33,2.99,4.29,4.0
2025-03-11,27.86,0.33,3.16,4.22,4.2
2025-03-12,26.92,0.34,3.22,4.28,4.2
2025-03-13,24.23,0.31,3.2,4.32,4.2
2025-03-14,24.66,0.33,3.4,4.27,4.2
2025-03-17,24.66,0.33,3.4,4.27,4.2
2025-03-18,20.51,0.25,3.18,4.31,4.2
2025-03-19,21.7,0.25,3.23,4.29,4.2
2025-03-20,19.9,0.26,3.19,4.25,4.2
2025-03-21,19.8,0.29,3.17,4.24,4.2
2025-03-24,19.8,0.29,3.17,4.24,4.2
2025-03-25,17.48,0.3,3.05,4.34,4.2
2025-03-26,17.15,0.35,3.09,4.31,4.2
2025-03-27,18.33,0.37,3.19,4.35,4.2
2025-03-28,18.69,0.41,3.27,4.38,4.2
2025-03-31,18.69,0.41,3.27,4.38,4.2
2025-04-01,22.28,0.34,3.55,4.23,4.2
2025-04-02,21.77,0.3,3.5,4.17,4.2
2025-04-03,21.51,0.29,3.42,4.2,4.2
2025-04-04,30.02,0.35,4.01,4.06,4.2
2025-04-07,30.02,0.35,4.01,4.06,4.2
2025-04-08,46.98,0.42,4.61,4.15,4.2
2025-04-09,52.33,0.55,4.57,4.26,4.2
2025-04-10,33.62,0.43,4.37,4.34,4.2
2025-04-11,40.72,0.56,4.42,4.4,4.2
2025-04-14,40.72,0.56,4.42,4.4,4.2
2025-04-15,30.89,0.54,4.14,4.38,4.2
2025-04-16,30.12,0.51,4.09,4.35,4.2
2025-04-17,32.64,0.52,4.16,4.29,4.2
2025-04-21,32.64,0.52,4.16,4.29,4.2
2025-04-22,33.82,0.67,4.16,4.42,4.2
2025-04-23,30.57,0.65,3.99,4.41,4.2
2025-04-24,28.45,0.59,3.75,4.4,4.2
2025-04-25,26.47,0.55,3.73,4.32,4.2
2025-04-28,26.47,0.55,3.73,4.32,4.2
2025-04-29,25.15,0.56,3.73,4.23,4.2
2025-04-30,24.17,0.54,3.74,4.19,4.2
2025-05-01,24.7,0.57,3.94,4.17,4.2
2025-05-02,24.6,0.55,3.78,4.25,4.2
2025-05-05,24.6,0.55,3.78,4.25,4.2
2025-05-06,23.64,0.53,3.6,4.36,4.2
2025-05-07,24.76,0.52,3.66,4.3,4.2
2025-05-08,23.55,0.48,3.67,4.26,4.2
2025-05-09,22.48,0.47,3.51,4.37,4.2
2025-05-12,22.48,0.47,3.51,4.37,4.2
2025-05-13,18.39,0.47,3.15,4.45,4.2
2025-05-14,18.22,0.47,3.09,4.49,4.2
2025-05-15,18.62,0.48,3.1,4.53,4.2
2025-05-16,17.83,0.49,3.2,4.45,4.2
2025-05-19,17.83,0.49,3.2,4.45,4.2
2025-05-20,18.14,0.49,3.21,4.46,4.2
2025-05-21,18.09,0.51,3.2,4.48,4.2
2025-05-22,20.87,0.58,3.25,4.58,4.2
2025-05-23,20.28,0.54,3.32,4.54,4.2
2025-05-27,20.57,0.51,3.4,4.51,4.2
2025-05-28,18.96,0.51,3.24,4.43,4.2
2025-05-29,19.31,0.51,3.23,4.47,4.2
2025-05-30,19.18,0.51,3.22,4.43,4.2
2025-06-02,19.18,0.51,3.22,4.43,4.2
2025-06-03,18.36,0.52,3.27,4.46,4.2
2025-06-04,17.69,0.5,3.19,4.46,4.2
2025-06-05,17.61,0.5,3.23,4.37,4.3
2025-06-06,18.48,0.48,3.18,4.4,4.3
2025-06-09,18.48,0.48,3.18,4.4,4.3
2025-06-10,17.16,0.48,3.12,4.49,4.3
2025-06-11,16.95,0.46,3.12,4.47,4.3
2025-06-12,17.26,0.47,3.12,4.41,4.3
2025-06-13,18.02,0.46,3.17,4.36,4.3
2025-06-16,18.02,0.46,3.17,4.36,4.3
2025-06-17,19.11,0.49,3.1,4.46,4.3
2025-06-18,21.6,0.45,3.17,4.39,4.3
2025-06-20,22.17,0.44,3.16,4.38,4.3
2025-06-23,22.17,0.44,3.16,4.38,4.3
2025-06-24,19.83,0.5,3.12,4.34,4.3
2025-06-25,17.48,0.55,3.06,4.3,4.3
2025-06-26,16.76,0.55,3.04,4.29,4.3
2025-06-27,16.59,0.56,3.04,4.26,4.3
2025-06-30,16.59,0.56,3.04,4.26,4.3
2025-07-01,16.73,0.52,2.96,4.24,4.3
2025-07-02,16.83,0.48,2.91,4.26,4.3
2025-07-03,16.64,0.52,2.88,4.3,4.3
2025-07-04,16.38,0.47,2.8,4.35,4.3
2025-07-07,16.38,0.47,2.8,4.35,4.3
2025-07-08,17.79,0.5,2.86,4.4,4.1
2025-07-09,16.81,0.52,2.92,4.42,4.1
2025-07-10,15.94,0.48,2.94,4.34,4.1
2025-07-11,15.78,0.49,2.92,4.35,4.1
2025-07-14,15.78,0.49,2.92,4.35,4.1
2025-07-15,17.2,0.53,2.95,4.43,4.1
2025-07-16,17.38,0.55,2.95,4.5,4.1
2025-07-17,17.16,0.58,3.0,4.46,4.1
2025-07-18,16.52,0.56,2.91,4.47,4.1
2025-07-21,16.52,0.56,2.91,4.47,4.1
2025-07-22,16.65,0.53,2.89,4.38,4.1
2025-07-23,16.5,0.52,2.9,4.35,4.1
2025-07-24,15.37,0.52,2.83,4.4,4.1
2025-07-25,15.39,0.52,2.82,4.43,4.1
2025-07-28,15.39,0.52,2.82,4.43,4.1
2025-07-29,15.03,0.51,2.82,4.42,4.1
2025-07-30,15.98,0.48,2.86,4.34,4.1
2025-07-31,15.48,0.44,2.89,4.38,4.1
2025-08-01,16.72,0.43,2.86,4.37,4.1
2025-08-04,16.72,0.43,2.86,4.37,4.1
2025-08-05,17.52,0.53,3.02,4.22,4.3
2025-08-06,17.85,0.5,2.98,4.22,4.3
2025-08-07,16.77,0.53,2.98,4.22,4.3
2025-08-08,16.57,0.51,2.95,4.23,4.3
2025-08-11,16.57,0.51,2.95,4.23,4.3
2025-08-12,16.25,0.51,2.94,4.27,4.3
2025-08-13,14.73,0.57,2.93,4.29,4.3
2025-08-14,14.49,0.57,2.9,4.24,4.3
2025-08-15,14.83,0.55,2.89,4.29,4.3
2025-08-18,14.83,0.55,2.89,4.29,4.3
2025-08-19,14.99,0.57,2.88,4.34,4.3
2025-08-20,15.57,0.55,2.9,4.3,4.3
2025-08-21,15.69,0.55,2.94,4.29,4.3
2025-08-22,16.6,0.54,2.95,4.33,4.3
2025-08-25,16.6,0.54,2.95,4.33,4.3
2025-08-26,14.79,0.55,2.8,4.28,4.3
2025-08-27,14.62,0.65,2.78,4.26,4.3
2025-08-28,14.85,0.65,2.78,4.24,4.3
2025-08-29,14.43,0.6,2.75,4.22,4.3
2025-09-02,16.12,0.64,2.84,4.23,4.3
2025-09-03,17.17,0.62,2.92,4.28,4.3
2025-09-04,16.35,0.61,2.88,4.22,4.3
2025-09-05,15.3,0.58,2.84,4.17,4.3
2025-09-08,15.3,0.58,2.84,4.17,4.3
2025-09-09,15.11,0.56,2.84,4.05,4.3
2025-09-10,15.04,0.54,2.87,4.08,4.3
2025-09-11,15.35,0.5,2.84,4.04,4.3
2025-09-12,14.71,0.49,2.78,4.01,4.3
2025-09-15,14.71,0.49,2.78,4.01,4.3
2025-09-16,15.69,0.51,2.75,4.05,4.3
2025-09-17,16.36,0.53,2.79,4.04,4.3
2025-09-18,15.72,0.54,2.79,4.06,4.3
2025-09-19,15.7,0.54,2.71,4.11,4.3
2025-09-22,15.7,0.54,2.71,4.11,4.3
2025-09-23,16.1,0.54,2.69,4.15,4.3
2025-09-24,16.64,0.59,2.71,4.12,4.3
2025-09-25,16.18,0.59,2.7,4.16,4.3
2025-09-26,16.74,0.54,2.76,4.18,4.3
2025-09-29,16.74,0.54,2.76,4.18,4.3
2025-09-30,16.12,0.52,2.74,4.15,4.3
2025-10-01,16.28,0.56,2.8,4.16,4.3
2025-10-02,16.29,0.57,2.81,4.12,4.3
2025-10-03,16.63,0.55,2.81,4.1,4.3
2025-10-06,16.65,0.55,2.8,4.13,4.4
2025-10-07,16.37,0.58,2.76,4.18,4.4
2025-10-08,17.24,0.57,2.82,4.14,4.4
2025-10-09,16.3,0.55,2.84,4.13,4.4
2025-10-10,16.43,0.54,2.95,4.14,4.4
2025-10-13,16.43,0.54,2.95,4.14,4.4
2025-10-14,19.03,0.53,3.18,4.05,4.4
2025-10-15,20.81,0.55,3.11,4.03,4.4
2025-10-16,20.64,0.55,2.95,4.05,4.4
2025-10-17,25.31,0.58,3.04,3.99,4.4
2025-10-20,25.31,0.58,3.04,3.99,4.4
2025-10-21,18.23,0.54,2.99,4.0,4.4
2025-10-22,17.87,0.53,2.97,3.98,4.4
2025-10-23,18.6,0.52,3.01,3.97,4.4
2025-10-24,17.3,0.53,2.96,4.01,4.4
2025-10-27,17.3,0.53,2.96,4.01,4.4
2025-10-28,15.79,0.53,2.8,4.01,4.4
2025-10-29,16.42,0.52,2.82,3.99,4.4
2025-10-30,16.92,0.49,2.76,4.08,4.4
2025-10-31,16.91,0.5,2.85,4.11,4.4
2025-11-03,16.91,0.5,2.85,4.11,4.4
2025-11-04,17.17,0.53,3.04,4.13,4.4
2025-11-05,19.0,0.52,3.13,4.1,4.4
2025-11-06,18.01,0.54,3.05,4.17,4.4
2025-11-07,19.5,0.54,3.13,4.11,4.4
2025-11-10,19.5,0.54,3.13,4.11,4.4
2025-11-11,17.6,0.55,3.02,4.13,4.4
2025-11-12,17.28,0.55,3.02,4.13,4.4
2025-11-13,17.51,0.52,3.02,4.08,4.4
2025-11-14,20.0,0.53,3.09,4.11,4.4
2025-11-17,20.0,0.53,3.09,4.11,4.4
2025-11-18,22.38,0.53,3.13,4.13,4.4
2025-11-19,24.69,0.54,3.2,4.12,4.4
2025-11-20,23.66,0.55,3.17,4.13,4.4
2025-11-21,26.42,0.55,3.17,4.1,4.4
2025-11-24,26.42,0.55,3.17,4.1,4.4
2025-11-25,20.52,0.58,3.15,4.04,4.4
2025-11-26,18.56,0.58,3.1,4.01,4.4
2025-11-28,17.21,0.55,3.0,4.0,4.4
2025-12-01,16.35,0.55,2.92,4.02,4.4
2025-12-02,17.24,0.55,2.94,4.09,4.4
2025-12-03,16.59,0.58,2.92,4.09,4.4
2025-12-04,16.08,0.57,2.89,4.06,4.4
2025-12-05,15.78,0.59,2.88,4.11,4.4
2025-12-08,15.78,0.59,2.88,4.11,4.4
2025-12-09,16.66,0.6,2.89,4.17,4.5
2025-12-10,16.93,0.57,2.89,4.18,4.5
2025-12-11,15.77,0.59,2.91,4.13,4.5
2025-12-12,14.85,0.62,2.88,4.14,4.5
2025-12-15,14.85,0.62,2.88,4.14,4.5
2025-12-16,16.5,0.67,2.91,4.18,4.5
2025-12-17,16.48,0.67,2.98,4.15,4.5
2025-12-18,17.62,0.67,2.99,4.16,4.5
2025-12-19,16.87,0.66,2.95,4.12,4.5
2025-12-22,16.87,0.66,2.95,4.12,4.5
2025-12-23,14.08,0.73,2.88,4.17,4.5
2025-12-24,14.0,0.7,2.83,4.18,4.5
2025-12-26,13.47,0.68,2.84,4.15,4.5
2025-12-29,13.47,0.68,2.84,4.15,4.5
2025-12-30,14.2,0.67,2.87,4.12,4.5
2025-12-31,14.33,0.69,2.84,4.14,4.5
2026-01-02,14.95,0.71,2.81,4.18,4.5
2026-01-05,14.51,0.72,2.83,4.19,4.4
2026-01-06,14.9,0.71,2.81,4.17,4.4
2026-01-07,14.75,0.71,2.79,4.18,4.4
2026-01-08,15.38,0.68,2.79,4.15,4.4
2026-01-09,15.45,0.7,2.76,4.19,4.4
2026-01-12,15.45,0.7,2.76,4.19,4.4
2026-01-13,15.12,0.65,2.74,4.19,4.4
2026-01-14,15.98,0.65,2.75,4.18,4.4
2026-01-15,16.75,0.64,2.76,4.15,4.4
2026-01-16,15.84,0.61,2.71,4.17,4.4
2026-01-20,18.84,0.65,2.65,4.24,4.4
2026-01-21,20.09,0.7,2.73,4.3,4.4
2026-01-22,16.9,0.66,2.69,4.26,4.4
2026-01-23,15.64,0.65,2.64,4.26,4.4
2026-01-26,15.64,0.65,2.64,4.26,4.4
2026-01-27,16.15,0.66,2.69,4.22,4.4
2026-01-28,16.35,0.71,2.71,4.24,4.4
2026-01-29,16.35,0.7,2.72,4.26,4.4
2026-01-30,16.88,0.71,2.77,4.24,4.4
2026-02-02,16.88,0.71,2.77,4.24,4.4
2026-02-03,16.34,0.72,2.81,4.29,4.4
2026-02-04,18.0,0.71,2.85,4.28,4.4
2026-02-05,18.64,0.72,2.86,4.29,4.3
2026-02-06,21.77,0.74,2.97,4.21,4.3
2026-02-09,21.77,0.74,2.97,4.21,4.3
2026-02-10,17.36,0.74,2.84,4.22,4.3
2026-02-11,17.79,0.71,2.86,4.16,4.3
2026-02-12,17.65,0.66,2.84,4.18,4.3
2026-02-13,20.82,0.62,2.92,4.09,4.3
2026-02-17,21.2,0.64,2.94,4.04,4.3
2026-02-18,20.29,0.62,2.94,4.05,4.3
2026-02-19,19.62,0.62,2.86,4.09,4.3
2026-02-20,20.23,0.61,2.88,4.08,4.3
2026-02-23,20.23,0.61,2.88,4.08,4.3
2026-02-24,21.01,0.6,2.95,4.03,4.3
2026-02-25,19.55,0.61,2.97,4.04,4.3
2026-02-26,17.93,0.6,2.94,4.05,4.3
2026-02-27,18.63,0.6,2.98,4.02,4.3
2026-03-02,18.63,0.6,2.98,4.02,4.3
2026-03-03,21.44,0.58,3.03,4.05,4.3
2026-03-04,23.57,0.55,3.08,4.06,4.3
2026-03-05,21.15,0.55,2.97,4.09,4.3
2026-03-06,23.75,0.56,3.0,4.13,4.3
2026-03-09,23.75,0.56,3.0,4.13,4.3
2026-03-10,25.5,0.56,3.19,4.12,4.4
2026-03-11,24.93,0.58,3.06,4.15,4.4
2026-03-12,24.23,0.57,3.09,4.21,4.4
2026-03-13,27.29,0.51,3.17,4.27,4.4
2026-03-16,27.29,0.51,3.17,4.27,4.4
2026-03-17,23.51,0.55,3.27,4.23,4.4
2026-03-18,22.37,0.52,3.22,4.2,4.4
2026-03-19,25.09,0.5,3.2,4.26,4.4
2026-03-20,24.06,0.46,3.27,4.25,4.4
2026-03-23,24.06,0.46,3.27,4.25,4.4
2026-03-24,26.15,0.51,3.19,4.34,4.4
2026-03-25,26.95,0.49,3.19,4.39,4.4
2026-03-26,25.33,0.49,3.17,4.33,4.4
2026-03-27,27.44,0.46,3.21,4.42,4.4
2026-03-30,27.44,0.46,3.21,4.42,4.4
2026-03-31,30.61,0.53,3.46,4.35,4.4
2026-04-01,25.25,0.51,3.28,4.3,4.4
2026-04-02,24.54,0.52,3.16,4.33,4.4
2026-04-06,24.54,0.52,3.16,4.33,4.4
2026-04-07,24.17,0.5,3.05,4.34,4.3
2026-04-08,25.78,0.52,3.12,4.33,4.3
2026-04-09,21.04,0.5,2.94,4.29,4.3
2026-04-10,19.49,0.51,2.9,4.29,4.3
2026-04-13,19.49,0.51,2.9,4.29,4.3
2026-04-14,19.12,0.52,2.95,4.3,4.3
2026-04-15,18.36,0.5,2.84,4.26,4.3
2026-04-16,18.17,0.53,2.85,4.29,4.3
2026-04-17,17.94,0.54,2.86,4.32,4.3
2026-04-20,17.94,0.54,2.86,4.32,4.3
2026-04-21,18.87,0.54,2.87,4.26,4.3
2026-04-22,19.5,0.52,2.85,4.3,4.3
2026-04-23,18.92,0.51,2.84,4.3,4.3
2026-04-24,19.31,0.51,2.86,4.34,4.3
2026-04-27,19.31,0.51,2.86,4.34,4.3
2026-04-28,18.02,0.57,2.84,4.35,4.3
2026-04-29,17.83,0.52,2.85,4.36,4.3
2026-04-30,18.81,0.5,2.82,4.42,4.3
2026-05-01,16.89,0.52,2.83,4.4,4.3
2026-05-04,16.89,0.52,2.83,4.4,4.3
2026-05-05,18.29,0.5,2.78,4.45,4.3
2026-05-06,17.38,0.5,2.77,4.43,4.3
2026-05-07,17.39,0.49,2.75,4.36,4.3
2026-05-08,17.08,0.49,2.79,4.41,4.3
2026-05-11,17.08,0.49,2.79,4.41,4.3
2026-05-12,18.38,0.47,2.79,4.42,4.3
2026-05-13,17.99,0.46,2.82,4.46,4.3
2026-05-14,17.87,0.48,2.82,4.46,4.3
2026-05-15,17.26,0.47,2.76,4.47,4.3
2026-05-18,17.26,0.47,2.76,4.47,4.3
2026-05-19,17.82,0.54,2.83,4.61,4.3
2026-05-20,18.06,0.54,2.86,4.67,4.3
2026-05-21,17.44,0.53,2.8,4.57,4.3
2026-05-22,16.76,0.49,2.78,4.57,4.3
2026-05-25,16.76,0.49,2.78,4.57,4.3
2026-05-26,16.59,0.43,2.74,4.56,4.3
2026-05-27,17.01,0.49,2.72,4.5,4.3
2026-05-28,16.29,0.48,2.71,4.48,4.3
2026-05-29,15.74,0.46,2.72,4.45,4.3
2026-06-01,15.32,0.47,2.74,4.45,4.3
2026-06-02,16.05,0.42,2.72,4.47,4.3
2026-06-03,15.77,0.41,2.71,4.46,4.3
2026-06-04,16.06,0.41,2.75,4.49,4.3
2026-06-05,15.4,0.42,2.74,4.47,4.3
2026-06-08,15.4,0.42,2.74,4.47,4.3
2026-06-09,18.92,0.41,2.75,4.56,4.3
2026-06-10,19.87,0.4,2.78,4.53,4.3
2026-06-11,22.22,0.42,2.8,4.55,4.3
2026-06-12,19.44,0.4,2.78,4.45,4.3
2026-06-15,19.44,0.4,2.78,4.45,4.3
2026-06-16,16.2,0.4,2.66,4.47,4.3
2026-06-17,16.41,0.38,2.71,4.43,4.3
2026-06-18,18.44,0.29,2.63,4.49,4.3
2026-06-22,18.44,0.29,2.63,4.49,4.3
2026-06-23,17.28,0.27,2.65,4.51,4.3
2026-06-24,19.49,0.34,2.71,4.5,4.3
2026-06-25,18.63,0.3,2.76,4.41,4.3
2026-06-26,18.89,0.31,2.78,4.4,4.3
2026-06-29,18.89,0.31,2.78,4.4,4.3
2026-06-30,17.65,0.28,2.8,4.38,4.3
2026-07-01,16.45,0.3,2.75,4.44,4.3
2026-07-02,16.59,0.31,2.74,4.48,4.3
2026-07-06,15.81,0.35,2.74,4.49,4.2
2026-07-07,15.57,0.35,2.72,4.48,4.2
2026-07-08,16.13,0.36,2.67,4.55,4.2
2026-07-09,16.9,0.35,2.7,4.56,4.2
2026-07-10,15.84,0.38,2.7,4.54,4.2
2026-07-13,15.84,0.38,2.7,4.54,4.2
2026-07-14,17.16,0.36,2.69,4.62,4.2
2026-07-15,16.5,0.4,2.72,4.58,4.2
2026-07-16,15.67,0.42,2.71,4.55,4.2
2026-07-17,16.73,0.41,2.71,4.57,4.2
2026-07-20,16.73,0.41,2.71,4.57,4.2
2026-07-21,18.65,0.39,2.69,4.6,4.2
2026-07-22,17.05,0.37,2.69,4.63,4.2
2026-07-23,16.64,0.36,2.68,4.67,4.2
2026-07-24,18.7,0.34,2.77,4.71,4.2
2026-07-27,18.7,0.34,2.77,4.71,4.2
2026-07-28,18.67,0.34,2.81,4.65,4.2
2026-07-29,18.21,0.35,2.84,4.61,4.2
2026-07-30,20.66,0.45,2.87,4.67,4.2
2026-07-31,17.09,0.45,2.84,4.68,4.2
2026-08-03,17.09,0.45,2.84,4.68,4.2
2026-08-04,15.86,0.45,2.78,4.7,4.2
2026-08-05,16.5,0.43,2.73,4.63,4.1
2026-08-06,15.81,0.45,2.75,4.63,4.1
2026-08-07,15.15,0.44,2.71,4.69,4.1
2026-08-10,15.15,0.44,2.71,4.69,4.1
2026-08-11,15.46,0.47,2.7,4.72,4.1
2026-08-12,15.28,0.48,2.72,4.7,4.1
2026-08-13,14.55,0.48,2.71,4.68,4.1
2026-08-14,14.63,0.48,2.71,4.63,4.1
2026-08-17,14.63,0.48,2.71,4.63,4.1
2026-08-18,15.19,0.53,2.7,4.72,4.1
2026-08-19,15.84,0.52,2.75,4.71,4.1
2026-08-20,14.89,0.46,2.73,4.65,4.1
2026-08-21,16.01,0.5,2.75,4.69,4.1
2026-08-24,16.01,0.5,2.75,4.69,4.1
2026-08-25,15.85,0.46,2.69,4.7,4.1
2026-08-26,15.45,0.47,2.7,4.64,4.1
2026-08-27,15.21,0.47,2.67,4.66,4.1
2026-08-28,14.51,0.47,2.63,4.67,4.1
2026-08-31,14.51,0.47,2.63,4.67,4.1
2026-09-01,14.92,0.41,2.63,4.75,4.1
2026-09-02,16.34,0.4,2.65,4.79,4.1
2026-09-03,15.2,0.4,2.66,4.79,4.1
2026-09-04,15.2,0.43,2.66,4.79,4.1
